Name,RA,Dec,V-Mag,Spectrum
HIP 25,0.0053,-44.290561,6.28,G3IV
HIP 34,0.006638,26.918108,6.43,F7.5IV-V
HIP 43,0.008593,59.559679,6.18,G9III-IV
HIP 50,0.009533,-53.097713,6.49,G1IV
HIP 63,0.012119,45.253334,6.36,B9p SiEu
Tau Phe,0.017941,-48.809876,5.71,G8III
HIP 106,0.022013,49.981558,6.22,G7II-III
HIP 107,0.022255,-50.337373,5.53,M2III
The Oct,0.026616,-77.065724,4.78,K2III
HIP 124,0.026949,61.222801,5.58,F0III
HIP 128,0.027597,73.611846,6.5,Am...
HIP 137,0.028847,42.367144,6.25,B9IIIp Mn
29    Psc,0.030402,-3.027504,5.13,B7III-IV
30    Psc,0.032672,-6.014072,4.37,M3III
85    Peg,0.036139,27.082256,5.8,G3V
Zet Scl,0.038867,-29.720414,5.04,B4V
31    Psc,0.040046,8.956824,6.33,A6V
32    Psc,0.041584,8.485463,5.7,F0V
HIP 207,0.043357,66.098966,5.87,G8III
HIP 238,0.049301,-20.045882,6.25,F6/F7V
HIP 253,0.052181,-24.145145,6.46,K1III
HIP 274,0.057143,63.64052,6.24,B3Ia
2    Cet,0.06233,-17.335988,4.55,B9IVn
HIP 302,0.064342,66.712183,6.31,M4
9    Cas,0.070462,62.287664,5.9,A1III
HIP 343,0.072165,-16.529036,5.78,K0III
HIP 345,0.07231,-29.268822,6.38,A1V
3    Cet,0.075033,-10.509523,4.99,K3Ibvar
HIP 365,0.07683,42.09253,6.11,B9III
HIP 377,0.078131,-71.436891,5.59,B8III
HIP 379,0.078304,67.166445,5.68,K1III
HIP 394,0.081573,34.659797,6.09,G2V
HIP 399,0.08222,26.648764,6.25,K4IIIb
HIP 410,0.083662,27.674784,6.47,G8II
HIP 417,0.084395,-0.503035,6.32,G9III:
HIP 418,0.085039,61.31397,5.8,B8MNp...
33    Psc,0.088928,-5.707618,4.61,K1III
86    Peg,0.094989,13.396266,5.55,G5III
HIP 518,0.104356,58.436733,5.98,G5V
HIP 522,0.105277,-49.075191,5.7,G1IV...
10    Cas,0.10737,64.196168,5.57,B9III
HIP 544,0.110209,29.021502,6.07,K0V
HIP 560,0.113911,-23.10754,6.19,F2IV
HIP 602,0.121741,-17.38699,6.2,A2IV/V
HIP 635,0.12892,-2.548679,6.43,B8IIIsp...
HIP 636,0.129693,-22.50856,5.93,A1V
HIP 655,0.134303,-33.529326,5.67,K1III
HIP 664,0.136693,-2.447711,6.18,K2III
HIP 671,0.138204,-8.824112,5.99,G8III:
Alpheratz,0.139791,29.090432,2.07,B9p
HIP 695,0.142462,63.20404,6.41,G3II
HIP 696,0.142638,-17.578155,6.11,M0/M1IIICNp
HIP 699,0.14471,36.627125,6.21,F8IV
HIP 716,0.147814,25.462985,6.24,K0III
HIP 728,0.150045,28.247543,6.47,A4Vm
87    Peg,0.150672,18.211963,5.57,G9III
HIP 730,0.15066,-54.001931,6.32,G4IV...
Caph,0.152887,59.14978,2.28,F2III-IV
HIP 760,0.155525,79.714545,6.01,A7IV
Kap1Scl,0.155851,-27.987928,5.42,F3V
Eps Phe,0.156836,-45.747426,3.88,K0III
HIP 798,0.164474,-62.296794,6.34,A6V
34    Psc,0.167278,11.145813,5.54,B9V
Gam3Oct,0.167293,-82.224047,5.29,K1/K2III
HIP 840,0.171908,-5.248588,5.84,K1III
22    And,0.172012,46.072272,5.01,F2II
HIP 873,0.178565,-12.579897,5.84,K0III
6    Cet,0.187739,-15.467977,4.89,F5V
Kap2Scl,0.192894,-27.799737,5.41,K2III
The Scl,0.195552,-35.133119,5.24,F3/F5V
HIP 967,0.199741,48.152396,6.18,K4III
HIP 983,0.202773,-17.938278,5.29,K4III
HIP 1009,0.209484,44.707195,6.5,K0
Algenib,0.220598,15.183596,2.83,B2IV
HIP 1074,0.222099,-84.993978,5.78,M0/M1III
HIP 1076,0.223312,26.987545,6.24,G0III
23    And,0.22524,41.03537,5.71,F0IV
HIP 1096,0.228401,-26.022345,5.94,K5III
HIP 1099,0.228994,-26.284959,6.14,K4III
HIP 1123,0.233967,33.206039,6.22,A1V
HIP 1158,0.241008,-7.780532,5.13,M3IIIvar
89Chi Peg,0.243378,20.206702,4.79,M2III
7    Cet,0.244005,-18.932866,4.44,M1III
HIP 1191,0.248476,-9.569571,5.77,B9V
HIP 1193,0.24886,22.284225,6.25,A1p
HIP 1195,0.249515,-34.904223,6.17,K3III
35    Psc,0.249677,8.820962,6.02,F0IV
HIP 1208,0.25193,31.535725,6.34,K5
HIP 1215,0.252934,27.28344,6.35,A1Vn
HIP 1269,0.265239,61.000172,6.43,G8III...
HIP 1268,0.265257,-75.911615,6.49,G8/K0III
HIP 1288,0.269126,-31.446394,5.66,K2III
HIP 1296,0.270527,76.950755,6.35,B9Vn
HIP 1302,0.272645,43.595049,6.12,A2V
36    Psc,0.276122,8.240154,6.12,G8II-III
HIP 1331,0.278429,-20.210061,6.5,B6III/IV
HIP 1354,0.282513,61.533185,5.74,G8III
24The And,0.284863,38.681636,4.61,A2V
HIP 1372,0.285845,47.947405,5.86,B7III
HIP 1402,0.292417,-19.051092,6.46,F3V
HIP 1415,0.295295,51.43309,6.11,O9IIInn
HIP 1421,0.296583,1.688727,6.19,K0II
HIP 1465,0.304791,11.206214,6.07,K0III
25Sig And,0.305463,36.785224,4.51,A2V
HIP 1493,0.310625,31.517227,5.88,A0IV
HIP 1499,0.311629,-8.053001,6.47,G0V
26    And,0.311712,43.791141,6.1,B8V
HIP 1502,0.31182,-43.235571,6.33,K2III
8Iot Cet,0.323799,-8.823921,3.56,K2III
HIP 1575,0.328212,40.729461,6.35,K1III
Zet Tuc,0.334142,-64.874791,4.23,F9V
HIP 1630,0.340111,30.935614,5.89,B7V
HIP 1639,0.341924,48.968633,6.46,G0
41    Psc,0.343295,8.190271,5.38,K3III
Pi  Tuc,0.344178,-69.624913,5.5,B9V
HIP 1657,0.345978,32.911186,5.79,K5III
27Rho And,0.352017,37.968603,5.16,F5III
HIP 1706,0.357986,-77.426873,5.96,K3III
Iot Scl,0.358665,-28.981469,5.18,K0III
HIP 1728,0.362853,-20.058024,5.61,M5/M6Ib/II
42    Psc,0.373745,13.482488,6.25,K3III
9    Cet,0.381051,-12.209438,6.39,G3V
HIP 1821,0.384554,-15.942556,6.43,M0III
HIP 1921,0.404348,52.019914,5.58,B5IV
HIP 1939,0.408236,-2.219064,6.08,K1III
HIP 1948,0.410599,14.315514,6.48,K0
12    Cas,0.413193,61.831057,5.38,B9III
HIP 1982,0.418445,53.046786,5.72,B9IV
44    Psc,0.423391,1.939692,5.77,G5III
Bet Hyi,0.427916,-77.254247,2.82,G2IV
Kap Phe,0.436716,-43.679829,3.93,A7V
Ankaa,0.438056,-42.305981,2.4,K0III...
HIP 2086,0.439375,-18.693632,6.24,M1III
10    Cet,0.443726,-0.049533,6.16,G8III
HIP 2159,0.454085,-25.54717,5.99,K0III
HIP 2178,0.45863,16.025483,6.44,A5
Eta Scl,0.465472,-33.007167,4.86,M2/M3III
HIP 2213,0.466241,19.514039,6.4,K0
47    Psc,0.467475,17.893125,5.01,M3IIIvar
48    Psc,0.470195,16.445065,6.05,K5III
HIP 2225,0.470454,44.394452,5.18,A2Vs
HIP 2235,0.472236,10.189848,6.05,F6Vawvar
HIP 2237,0.472528,-20.335051,6.44,G3V
HIP 2240,0.474027,-39.915002,5.42,M0III
HIP 2256,0.478632,-50.532859,6.26,K0III
HIP 2270,0.482406,36.899694,6.28,G5III
HIP 2337,0.497748,-14.864109,6.15,F2/F3V
12    Cet,0.500655,-3.957332,5.72,M0III
28    And,0.502045,29.751557,5.2,A7III
HIP 2377,0.505534,59.977554,5.94,B9IIIn
HIP 2381,0.506293,-23.78768,5.17,A3V
HIP 2383,0.507242,-48.21491,5.67,F2V
HIP 2388,0.507729,-40.939586,6.18,F2III
HIP 2422,0.51511,77.019404,6.18,K0IV
Lam1Phe,0.523594,-48.803514,4.76,A0V
13    Cas,0.52367,66.519617,6.18,B6V
HIP 2475,0.523787,33.581642,5.88,K1III...
Bet1Tuc,0.525725,-62.958218,4.36,B9V
Bet2Tuc,0.525946,-62.965561,4.53,A2V
HIP 2497,0.528105,52.839526,5.59,K2III
14Lam Cas,0.529539,54.522289,4.74,B8Vn
51    Psc,0.539939,6.955463,5.69,B9.5V
52    Psc,0.543189,20.294316,5.38,K0III
Bet3Tuc,0.545512,-63.0315,5.07,A0V
HIP 2583,0.546969,28.280241,6.26,G8II
15Kap Cas,0.549997,62.931783,4.17,B1Ia
HIP 2611,0.552879,54.894985,5.93,K0III
HIP 2628,0.55534,70.981843,6.41,A0Vn
The Tuc,0.556463,-71.266246,6.11,A7IV
HIP 2661,0.561401,-29.558278,5.55,K1III
HIP 2663,0.56217,-35.002078,6.41,F8/G0V
16    Cas,0.573583,66.750351,6.47,B9III
HIP 2711,0.574374,-52.37309,5.57,F3IV-V
HIP 2734,0.582046,13.371137,6.39,K0
13    Cet,0.587466,-3.592846,5.2,F8V...
14    Cet,0.592454,-0.50561,5.94,F5IV
HIP 2789,0.592591,-54.821873,6.04,K0IV
Lam2Phe,0.594767,-48.000907,5.51,F6V
HIP 2832,0.598557,13.207067,6.32,F7V
HIP 2846,0.600877,-14.973035,6.45,K0III
HIP 2852,0.601906,-22.842333,6.06,A5m...
HIP 2854,0.602306,54.16845,5.08,B7III
HIP 2876,0.607595,60.326215,5.78,A4III
HIP 2889,0.610449,-65.124445,6.43,K2/K3III
HIP 2900,0.612903,44.488587,5.14,K5III
53    Psc,0.613142,15.231725,5.89,B2.5IV
29Pi  And,0.61468,33.719344,4.34,B5V
Fulu,0.616188,53.896909,3.69,B2IV
HIP 2926,0.618664,24.014136,6.18,K2III
HIP 2937,0.621727,-54.393819,6.4,K0II/IIICN
HIP 2941,0.622393,-24.767267,5.57,K1V+...
HIP 2942,0.622561,35.399501,5.45,G5III
HIP 2954,0.625136,3.135351,6.43,K4III
30Eps And,0.642602,29.311751,4.34,G5III...
HIP 3056,0.646883,-25.107819,6.43,K4III
HIP 3083,0.652748,49.354589,5.45,K5III
31Del And,0.655462,30.861024,3.27,K3III...
54    Psc,0.656063,21.250472,5.88,K0V
HIP 3132,0.663247,82.493762,6.38,F6V:
HIP 3137,0.664428,-44.796293,6.0,K1IIICN...
55    Psc,0.665436,21.438495,5.36,F3V...
HIP 3170,0.673659,-59.454604,5.89,G1V
HIP 3175,0.674606,-16.516676,6.49,G8III
Schedar,0.675116,56.537331,2.24,K0II-IIIvar
HIP 3185,0.675771,-23.804876,6.14,G3/G5V
HIP 3193,0.678437,-4.351841,5.9,K0III
32    And,0.68533,39.458664,5.3,G8III
Mu  Phe,0.688766,-46.085007,4.59,G8III
HIP 3269,0.693343,24.629008,6.06,A7m
Xi  Phe,0.69621,-56.501315,5.72,Ap
HIP 3299,0.700953,66.147592,5.83,G9III-IV
19Xi  Cas,0.701081,50.512526,4.8,B2.5V
Rho Tuc,0.707869,-65.46803,5.38,F6V
HIP 3334,0.708618,58.753411,6.18,B9.5III
HIP 3352,0.711609,-60.262807,5.99,K5III
Lam1Scl,0.711914,-38.463483,6.05,B9.5V
Eta Phe,0.722567,-57.46306,4.36,A0IV
20Pi  Cas,0.724466,47.024546,4.95,A5V
Diphda,0.72649,-17.986605,2.04,K0III
HIP 3436,0.73058,-12.011813,6.01,K1III
17Phi1Cet,0.7365,-10.60955,4.77,K0IIIvar
Lam2Scl,0.736683,-38.421686,5.9,K1III
HIP 3478,0.740612,47.863984,5.66,B5V...
HIP 3489,0.742107,-62.497591,6.06,F5III/IV
22Omi Cas,0.74542,48.284364,4.48,B5III
HIP 3505,0.745666,-22.006135,5.22,F0V
HIP 3521,0.749187,-42.676558,5.94,A7V
HIP 3527,0.749959,-53.714895,6.15,F7III
HIP 3544,0.754774,55.221396,5.41,A2Vs
HIP 3552,0.756702,-4.62916,6.15,M0III
18    Cet,0.757969,-12.88081,6.15,G2V
21    Cas,0.760862,74.988073,5.64,A2IV
HIP 3576,0.761585,-16.42422,6.47,F0IV
HIP 3583,0.76265,-47.551985,5.8,G5IV
HIP 3604,0.769669,44.861497,6.03,B9.5IIIMNp.
HIP 3607,0.769929,-22.522097,5.49,G8/K0III
57    Psc,0.775822,15.475504,5.36,M4III
HIP 3641,0.777313,69.325408,6.39,F3V
HIP 3649,0.778462,59.574539,6.41,G0Ib
58    Psc,0.783738,11.973849,5.51,G8II
59    Psc,0.787118,19.578702,6.11,F0Vn
34Zet And,0.788981,24.267178,4.08,K1II
60    Psc,0.789898,6.740956,5.98,G8III
HIP 3717,0.795339,-18.061339,5.7,K3III
23    Cas,0.796119,74.847573,5.42,B8III
HIP 3741,0.800296,-21.722492,5.57,B9V
HIP 3750,0.802487,72.674482,5.86,K0IV
62    Psc,0.804836,7.299928,5.92,G8III
96 G. Psc,0.806382,5.280615,5.74,K2V
Lam Hyi,0.809777,-74.923438,5.09,K5III
63Del Psc,0.811373,7.585079,4.44,K5III
25Nu  Cas,0.813892,50.968168,4.9,B9III
HIP 3807,0.815758,-46.697648,6.28,G8III
64    Psc,0.816308,16.940644,5.07,F8V...
Achird,0.81826,57.815187,3.46,G0V SB
HIP 3834,0.82054,-24.136672,5.9,K0III
HIP 3849,0.823782,-13.561274,5.59,K3III
HIP 3858,0.825953,-23.362144,6.27,A3IV
35Nu  And,0.830234,41.078911,4.53,B5V SB
65    Psc,0.831433,27.710286,5.55,F5III+...
HIP 3903,0.834379,-43.394921,6.49,A9/F0III
19Phi2Cet,0.835443,-10.644326,5.17,F7IV-V
HIP 3919,0.838403,45.002258,6.13,A0p...
Rho Phe,0.844768,-50.986816,5.24,F2III
HIP 3951,0.845442,64.247549,5.35,A4V comp SB
HIP 3965,0.849263,51.508032,6.38,F2IV
HIP 3988,0.854551,61.805494,6.04,K5Ib
HIP 3992,0.85509,3.38502,6.39,K0III
HIP 4023,0.859386,51.571427,6.22,B9.5V
HIP 4104,0.877951,-24.005844,5.47,K1III
20    Cet,0.883471,-1.14426,4.78,M0III
HIP 4151,0.884511,61.12397,4.8,F8V
HIP 4164,0.886793,-24.776876,6.44,F3V
HIP 4185,0.891173,37.418209,6.07,K3III:
HIP 4200,0.893839,-62.871352,5.73,M4III
HIP 4212,0.896547,52.689293,6.27,A5m
21    Cet,0.904887,-8.740662,6.15,G5IV
66    Psc,0.909785,19.188417,5.8,A1Vn
HIP 4283,0.914667,83.707435,5.59,A4V
36    And,0.916139,23.628335,5.46,K1IV
26Ups1Cas,0.916715,58.972698,4.83,K2III
Lam2Tuc,0.916751,-69.527084,5.45,G7III
HIP 4298,0.918114,48.67852,6.28,M2.5IIIa
HIP 4317,0.920742,24.557062,6.19,M4III
HIP 4346,0.928444,-7.347149,5.88,K5III
HIP 4363,0.932093,-27.775839,6.11,M1/M2III
67    Psc,0.93292,27.209381,6.08,A5IV
22Phi3Cet,0.933747,-11.266526,5.35,K4III
HIP 4382,0.935867,13.95196,6.46,G8II
HIP 4383,0.936931,57.996557,6.2,K3III
Castula,0.944432,59.181056,4.62,G8III-IV
Cih,0.945143,60.71674,2.15,B0IV:evar
37Mu  And,0.945885,38.499345,3.86,A5V
HIP 4440,0.946377,60.362836,5.56,B8V
HIP 4446,0.948624,68.775657,6.39,F0m
38Eta And,0.953445,23.417648,4.4,G8III-IV
HIP 4475,0.955435,61.421895,6.44,G8IV
HIP 4501,0.961012,45.839379,6.1,K2III
68    Psc,0.963931,28.992217,5.44,G6III
HIP 4520,0.965142,13.695865,6.3,G8III
HIP 4552,0.970615,33.950885,5.99,K0
HIP 4558,0.971915,21.404495,6.47,A2V
HIP 4563,0.972834,-60.696239,6.23,Am
HIP 4572,0.975285,66.351793,5.97,A0III
Alp Scl,0.976766,-29.357449,4.3,B7IIIp
23Phi4Cet,0.978852,-11.379975,5.62,G7III
HIP 4655,0.997135,6.483225,6.14,M2III
HIP 4675,1.000988,44.713243,5.69,B9.5Vn
HIP 4709,1.008587,70.982988,6.4,A4IV
Xi  Scl,1.02174,-38.916527,5.59,K1III
HIP 4786,1.024179,49.54422,6.48,G5
HIP 4801,1.027401,-16.265573,6.47,K2/K3III
Ome Phe,1.033838,-57.002389,6.12,G8III
HIP 4844,1.038463,51.034938,6.48,A3V
Sig Scl,1.040674,-31.552005,5.5,A1/A2IV
HIP 4879,1.04525,-65.456102,6.25,M2III
69Sig Psc,1.046971,31.804263,5.5,B9.5V
HIP 4890,1.046997,-46.397311,5.39,G8III
39    And,1.048407,41.345157,5.95,A5m
71Eps Psc,1.049058,7.890135,4.27,K0III
HIP 4911,1.050423,47.376158,6.46,A9V
25    Cet,1.050705,-4.836601,5.4,K0III-IV
HIP 4932,1.054918,-29.525848,6.28,G8IIICN...
HIP 4962,1.06028,61.074823,5.92,F0II
26    Cet,1.063619,1.366846,6.06,F1V
HIP 4998,1.06733,52.502161,5.99,K2
HIP 5021,1.072084,61.580184,5.83,F6V
HIP 5034,1.074339,29.658806,6.2,F7IV-V
HIP 5042,1.075717,-33.532845,6.44,K0III
73    Psc,1.081288,5.656262,6.03,K5III
72    Psc,1.084821,14.946133,5.64,F4II-III
27    Cet,1.093579,-9.979323,6.09,K0III
74Psi1Psc,1.094709,21.473181,5.33,A1Vn
74Psi1Psc,1.094919,21.465442,5.55,A0Vn
77    Psc,1.097008,4.908372,6.35,F4V...
Bet Phe,1.101407,-46.718414,3.32,G8IIIvar
28    Cet,1.10143,-9.839354,5.58,A1V
HIP 5170,1.102141,-23.992451,6.12,K1III
HIP 5175,1.103111,32.181485,6.28,K0
75    Psc,1.109341,12.956039,6.14,G8III
HIP 5240,1.116702,56.934972,6.41,K2III...
HIP 5251,1.119292,53.498185,6.31,K0
HIP 5259,1.120255,-23.996334,6.36,A3III
Iot Tuc,1.121838,-61.775289,5.36,G5III
30    Cet,1.129502,-9.78555,5.71,F7IV
Ups Phe,1.129957,-41.486916,5.21,A3V
79Psi2Psc,1.132544,20.739113,5.56,A3V
HIP 5315,1.13324,1.993042,6.44,K0IV
41    And,1.133559,43.942092,5.04,A3m
78    Psc,1.133701,32.01213,6.23,F5IV
30Mu  Cas,1.137477,54.92034,5.17,G5Vp
80    Psc,1.1395,5.649819,5.51,F0III-IV
Wurren,1.139742,-55.24576,3.94,B6V + B0V
HIP 5361,1.142627,58.263449,5.77,B8V
31Eta Cet,1.143164,-10.182264,3.46,K2III
HIP 5372,1.145613,86.25709,4.24,K2II-III
HIP 5412,1.15341,80.011579,6.24,K0
42Phi And,1.158368,47.241792,4.26,B7III
Mirach,1.162194,35.620558,2.07,M0IIIvar
81Psi3Psc,1.163667,19.658408,5.57,G0III
HIP 5477,1.168715,-57.694419,6.41,G6II/III
HIP 5483,1.169845,15.673912,6.07,M0III
32    Cet,1.169985,-8.906135,6.4,K0III
44    And,1.17188,42.081475,5.67,F8V
HIP 5494,1.17207,25.457763,5.81,K5III
33    Cet,1.175987,2.44567,5.97,K4III
31    Cas,1.177579,68.778621,5.32,A0Vnn
33The Cas,1.185017,55.149901,4.34,A7Vvar
82    Psc,1.185213,31.424736,5.15,F0V
45    And,1.186189,37.724121,5.8,B7III-IV
HIP 5566,1.190428,64.202677,5.56,B9.5V
84Chi Psc,1.190894,21.03465,4.66,K0III
HIP 5575,1.191381,10.291908,6.49,G5
83Tau Psc,1.194342,30.089638,4.51,K0III-IV...
32    Cas,1.194829,65.018854,5.57,B9IV
34    Cet,1.195419,-2.251079,5.93,K4III
HIP 5626,1.204601,79.673963,5.6,A3V
HIP 5650,1.209465,45.337531,6.13,M1III
HIP 5661,1.212616,-37.856479,5.95,A9IV: (+F/G)
HIP 5679,1.21652,30.064229,6.24,G1V...
HIP 5688,1.219398,61.706188,6.4,B9V
Revati,1.228857,7.575354,5.21,A7IV
85Phi Psc,1.229152,24.583713,4.67,K0III...
86Zet Psc,1.22924,7.578261,6.44,F7V
HIP 5772,1.234695,28.529575,6.33,M2S SB
87    Psc,1.235453,16.133479,5.97,B8III
37    Cet,1.240011,-7.922826,5.14,F5V
88    Psc,1.245109,6.995136,6.04,G6III:
38    Cet,1.246992,-0.973795,5.7,F5V
Nu  Phe,1.253043,-45.531664,4.97,F8V
Kap Tuc,1.262704,-68.875927,4.25,F6IV
HIP 5926,1.269972,71.743842,5.87,K1V
HIP 5928,1.270176,87.145496,6.2,K2III:
HIP 5936,1.271922,33.11472,6.04,K1III
HIP 5947,1.275281,79.910013,6.27,F5Vs
39    Cet,1.276747,-2.500368,5.42,G5III-IVe
HIP 5992,1.284364,-66.397854,6.23,A0V
HIP 5993,1.284739,44.901992,6.11,K5
HIP 6025,1.290033,31.744617,6.36,K0
89    Psc,1.296654,3.614466,5.13,A3V
HIP 6087,1.302818,47.419706,6.29,K0
HIP 6093,1.303858,57.803166,6.39,M5
HIP 6140,1.313058,37.386275,6.44,A5m
90Ups Psc,1.324443,27.264059,4.74,A3V
42    Cet,1.330082,-0.509029,5.87,A7V...
34Phi Cas,1.334699,58.231611,4.95,F0Ia
HIP 6261,1.338733,77.570682,6.31,G5III...
HIP 6272,1.341058,-11.238999,6.16,K1III
HIP 6283,1.342937,-3.24699,6.26,K1III
35    Cas,1.35145,64.658131,6.33,A2Vnn
91    Psc,1.352047,28.738207,5.23,K5III
HIP 6378,1.366383,76.238804,6.37,F0IVn
Adhil,1.372337,45.528778,4.87,K0III-IV
HIP 6427,1.375134,-19.081208,6.35,F5/F6V
43    Cet,1.376342,-0.449673,6.5,K0III:
HIP 6432,1.376931,1.726332,6.21,M0III
HIP 6486,1.389264,58.142994,6.36,F4V
HIP 6492,1.390264,20.468967,5.97,K5
HIP 6502,1.391933,-30.945617,5.84,M0III
HIP 6512,1.393735,34.245887,6.28,G8IV
47    And,1.394612,37.714943,5.6,A1m
HIP 6522,1.396337,78.726056,6.07,A0Iab
45The Cet,1.40039,-8.183257,3.6,K0III
44    Cet,1.400705,-8.007416,6.21,F0V
HIP 6564,1.405695,-6.914656,5.92,F4V
HIP 6589,1.411092,-15.660468,6.17,G8III/IV
HIP 6592,1.411329,-41.492549,5.42,K0III
HIP 6595,1.411644,-44.528575,6.26,K1II
HIP 6605,1.413522,-2.84859,6.17,G8III
HIP 6631,1.418136,-64.369478,5.92,M0III
HIP 6669,1.426577,23.511519,6.18,F5III
46    Cet,1.427009,-14.598796,4.9,K2III
HIP 6685,1.42953,70.979887,6.34,A0Vnn
Ruchbah,1.430216,60.235283,2.66,A5Vv SB
HIP 6687,1.431212,-3.927391,6.5,K0
36Psi Cas,1.432208,68.130012,4.72,K0III
HIP 6702,1.435765,34.5797,6.34,F7V
93Rho Psc,1.437573,19.172346,5.35,F2V:var
HIP 6711,1.438517,43.457739,5.98,F7V
HIP 6714,1.439887,20.070804,6.44,K0
HIP 6717,1.44093,-0.399034,6.42,K0IV
94    Psc,1.44491,19.240422,5.5,K1III
47    Cet,1.447657,-13.056512,5.51,F0V
HIP 6776,1.451752,34.377552,6.27,F7IVsvar
HIP 6789,1.456475,-22.338232,6.43,K0/K1III
HIP 6794,1.457409,41.101158,6.42,Am...
48Ome And,1.460915,45.406687,4.83,F5IV
HIP 6822,1.462928,-10.901582,6.13,K0
Gam Phe,1.472759,-43.318234,3.41,K5II-III
HIP 6868,1.473032,7.961353,6.22,K1IIIvar
HIP 6952,1.491816,-46.756422,6.25,M3III
48    Cet,1.49337,-21.629339,5.11,A0V
HIP 6971,1.495226,-25.617749,6.37,K1III
97    Psc,1.498017,18.355669,6.01,A4IV
49    And,1.501695,47.007274,5.27,K0III
98Mu  Psc,1.503087,6.14382,4.84,K4III
HIP 7016,1.506362,-26.207851,5.92,K2III
HIP 7050,1.51446,66.098087,6.15,A2Vs
38    Cas,1.520444,70.264604,5.82,F6V
Del Phe,1.520851,-49.072702,3.93,K0III-IV
Alpherg,1.524725,15.345823,3.62,G8III
HIP 7115,1.527502,-45.575712,6.17,A2V
HIP 7118,1.52868,-30.283081,5.79,K0III
HIP 7147,1.535438,34.799962,6.39,B7IIIMNp...
HIP 7189,1.543438,-49.727713,6.27,F4V
HIP 7213,1.548903,-36.865231,5.49,K1/K2III
HIP 7243,1.555077,8.208738,6.31,K0
HIP 7251,1.557142,58.327334,5.69,K0Ib+...
HIP 7271,1.560901,-78.50482,6.11,G3IV
HIP 7276,1.561899,-7.025341,5.75,G2IV
HIP 7283,1.563487,89.015639,6.46,A3V
39Chi Cas,1.565528,59.23204,4.68,K0III
HIP 7321,1.571279,37.237146,5.9,B9IV
49    Cet,1.57716,-15.676359,5.62,A1V
HIP 7359,1.580296,18.460512,5.9,M2III
HIP 7361,1.580775,-31.892317,6.11,K0/K1III
HIP 7362,1.580922,-3.523889,6.44,K0
HIP 7363,1.580992,-23.699681,6.41,K2III
HIP 7387,1.587465,-58.139475,6.03,F2V
101    Psc,1.596234,14.661422,6.23,B9.5III
HIP 7443,1.597382,-39.947126,6.43,F3/F5V
HIP 7444,1.59793,41.07642,6.39,K1III
HIP 7447,1.598542,17.433841,5.95,F0IV
50    Cet,1.599713,-15.400183,5.41,K1III
Tau Scl,1.602361,-29.907317,5.69,F2V
HIP 7493,1.607557,48.722776,6.2,K1III:
HIP 7505,1.612091,7.831529,6.39,M0
HIP 7506,1.61244,-58.270966,6.18,M3III
Titawin,1.613299,41.405459,4.1,F8V
102Pi  Psc,1.61831,12.141535,5.54,F0V
HIP 7568,1.624389,-84.769593,5.66,K0III
HIP 7580,1.62714,-9.403782,6.24,F7V
Achernar,1.628556,-57.236757,0.45,B3Vp
HIP 7593,1.629778,64.739357,6.49,A6Iab
HIP 7597,1.63113,-3.440678,6.43,K5
HIP 7601,1.631959,-82.974995,5.88,G2V
Nembus,1.633205,48.628213,3.59,K3III
HIP 7617,1.635435,57.977631,5.55,G5II
HIP 7643,1.640968,-36.528251,5.94,K0III
40    Cas,1.641926,73.04004,5.28,G8II-IIIvar
HIP 7651,1.642174,45.399706,6.38,B9pe...
HIP 7679,1.647718,-21.275384,5.58,F0V
52Chi And,1.655835,44.386165,5.01,G8III...
105    Psc,1.661338,16.405858,5.98,K2III
p Eridani,1.663169,-56.1964,5.76,K0V
HIP 7786,1.670308,53.868278,6.35,K5III
53Tau And,1.676337,40.577049,4.96,B8III
HIP 7819,1.676368,8.760769,6.34,F2
HIP 7825,1.677674,43.297687,5.63,A9IV:
HIP 7874,1.688435,25.745712,6.2,F2III
Tau1Hyi,1.689256,-79.1482,6.33,G6/G8III
106Nu  Psc,1.690526,5.487613,4.45,K3III
HIP 7886,1.69092,-38.132827,6.2,F3/F5IV/V
HIP 7906,1.694233,30.04712,5.97,K0III
HIP 7916,1.695787,-11.324669,5.75,F5V+...
HIP 7918,1.696383,42.613369,4.96,G2V
HIP 7921,1.696655,-60.789339,5.7,K2/K3III
HIP 7941,1.700833,-36.832305,5.7,A0V
HIP 7943,1.700968,35.245707,5.63,B9IV-V
Pi  Scl,1.702389,-32.32697,5.25,K1II/III
HIP 7963,1.704915,58.627739,6.35,B8III
43    Cas,1.705688,68.043021,5.57,A0p SiSr
HIP 7978,1.708125,-53.740834,5.52,F8V
107    Psc,1.70827,20.268504,5.24,K1V
HIP 7999,1.712086,-3.6902,4.98,K3II-III
42    Cas,1.715493,70.622526,5.18,B9V
HIP 8020,1.7162,61.421073,6.33,B7II
HIP 8044,1.721242,45.322649,6.33,K2IV
44    Cas,1.722151,60.551332,5.78,B8IIIn
Phi Per,1.727675,50.688732,4.01,B2Vpe
HIP 8086,1.730596,32.192015,6.32,G8III-IV SB
HIP 8094,1.731888,-4.765514,6.2,K0
52Tau Cet,1.734479,-15.93748,3.49,G8V
HIP 8115,1.738317,57.536617,6.18,A3V
HIP 8127,1.740702,46.139692,6.32,K5III
HIP 8143,1.745466,-6.766164,6.45,G0
HIP 8148,1.746156,57.089226,6.25,A2V
109    Psc,1.748841,20.083149,6.27,G5IV
Torcular,1.756564,9.157736,4.26,K0III
Eps Scl,1.760763,-25.05261,5.29,F2IV
HIP 8230,1.766461,-5.733299,5.37,K4III
HIP 8233,1.766959,-27.348831,6.38,F2V
HIP 8240,1.76832,-50.816256,5.49,M3III
HIP 8241,1.768392,-53.522037,5.04,A1V
HIP 8320,1.787972,-41.759926,6.18,K5/M0III
HIP 8362,1.795668,63.852501,5.63,K0V
Tau2Hyi,1.796291,-80.176311,6.05,F0III
HIP 8369,1.796602,-37.159483,6.33,K0III
HIP 8370,1.79667,46.22975,6.33,F6V
4    Ari,1.803038,16.955551,5.86,B9.5V
HIP 8404,1.807227,3.685447,5.91,G9III
HIP 8423,1.810808,37.95287,5.94,K0III
HIP 8433,1.81155,32.69021,5.78,F8V
HIP 8475,1.820986,47.896924,6.01,A3V
HIP 8480,1.822059,-31.072463,6.35,K2/K3III
53Chi Cet,1.826418,-10.68641,4.66,F3III
HIP 8514,1.83024,-38.402797,6.37,F6V
1    Ari,1.835714,22.275338,5.83,K1III+...
HIP 8552,1.83893,-47.816392,6.14,K1IV
HIP 8588,1.84777,11.043378,5.92,F2Vw
HIP 8593,1.848459,-50.206138,5.94,A1V
HIP 8598,1.849198,51.933417,5.96,F5V
HIP 8641,1.857321,-39.835935,6.44,K1IIICN...
Baten Kaitos,1.857676,-10.335038,3.74,K2III
HIP 8664,1.8605,-6.874143,6.42,K0
HIP 8688,1.862805,-15.64748,6.44,M2III
1    Per,1.866476,55.147385,5.53,B1.5V
2    Per,1.869268,50.792794,5.7,B9p...
HIP 8771,1.880758,51.474836,6.28,A3V
HIP 8778,1.881142,-16.92925,5.78,F0V
Mothallah,1.884696,29.578829,3.42,F6IV
55    And,1.888152,40.72979,5.42,K1III
HIP 8820,1.889764,-38.594632,6.09,K1/K2III
Mesarthim,1.89217,19.293852,3.88,A1p Si
111Xi  Psc,1.892597,3.187536,4.61,K0III SB
Psi Phe,1.894102,-46.302669,4.39,M4III SB
HIP 8847,1.896803,55.597639,6.44,A5m
Phi Phe,1.906122,-42.49695,5.12,A3V
Segin,1.906584,63.670101,3.35,B2pvar
Sheratan,1.910668,20.808035,2.64,A5V...
HIP 8922,1.914938,40.702034,6.25,K2
Eta2Hyi,1.915572,-67.647303,4.68,G5III
HIP 8930,1.916015,37.12829,6.28,K0
HIP 8957,1.92213,-60.312484,6.43,F2V
HIP 8983,1.929576,-60.860975,6.07,F0IV/V
Sig Hyi,1.930642,-78.348548,6.15,F5/F6IV/V
7    Ari,1.930844,23.577322,5.76,K1III
HIP 8998,1.93162,1.849982,6.01,F7V+...
HIP 9001,1.9318,37.277786,5.89,K5III
Chi Eri,1.932564,-51.608896,3.69,G5IV
46Ome Cas,1.933337,68.685242,4.97,B8III
56    And,1.935927,37.25183,5.69,G8III...
HIP 9022,1.935945,-49.836446,6.37,B8/B9V
56    Cet,1.944499,-22.526785,4.92,K3III
HIP 9085,1.949961,-51.766244,6.1,F8V
HIP 9094,1.952669,-10.242427,6.42,G5
HIP 9095,1.952792,-47.385277,4.82,G8III
8Iot Ari,1.955848,17.817532,5.09,K1p...
HIP 9132,1.962151,27.804381,5.84,M2III
HIP 9149,1.964821,-65.4247,6.36,G8II/III
9Lam Ari,1.965478,23.596061,4.79,F0V
HIP 9163,1.966454,47.09552,6.48,K0
HIP 9207,1.974078,-33.066787,6.37,K0III
HIP 9220,1.975896,61.697788,6.02,B5III
3    Per,1.975973,49.204352,5.7,K0IV
Alp Hyi,1.979451,-61.569859,2.86,F0V
HIP 9237,1.979444,-11.300955,6.46,G5
HIP 9295,1.990524,12.294876,6.09,A6V
HIP 9307,1.993244,21.05857,5.89,K0III-IV
HIP 9312,1.993892,64.621602,5.29,A0Vn
HIP 9313,1.994118,-42.030532,5.57,K1III
HIP 9318,1.99475,-66.066558,6.09,K2III
57    Cet,1.996166,-20.824539,5.43,M0/M1III
59Ups Cet,2.000084,-21.077831,3.99,K5/M0III
112    Psc,2.002544,3.097015,5.89,G2IV
HIP 9372,2.007451,-8.523873,5.43,M3III
Pi  For,2.020759,-30.00183,5.34,G8III
Chi Phe,2.02844,-44.713509,5.15,K5III
48    Cas,2.032644,70.90702,4.49,A3IV
Alrescha,2.034117,2.763759,3.82,A2
4    Per,2.038359,54.487541,4.99,B8III
HIP 9521,2.041185,-29.665642,6.4,A3III
HIP 9533,2.043077,13.476716,5.97,M2III
HIP 9562,2.047705,-23.886628,6.3,K2III
52    Cas,2.047913,64.901466,6.0,A1Vn
HIP 9568,2.049177,77.916263,6.04,K0
3Eps Tri,2.049433,33.284135,5.5,A2V
HIP 9572,2.049602,-15.305932,5.87,K0II/III
53    Cas,2.050052,64.390018,5.59,B8Ib
HIP 9586,2.052914,73.85057,6.12,A5III
60    Cet,2.053236,0.128507,5.42,A5III
50    Cas,2.057268,72.421294,3.95,A2V
10    Ari,2.060927,25.935471,5.64,F8IV
HIP 9622,2.061247,-4.103516,5.61,K5Iab:
HIP 9627,2.061836,18.253238,6.24,K4III
61    Cet,2.063381,-0.340251,5.96,G5V...
Almach,2.064984,42.329725,2.1,B8V
HIP 9655,2.07013,-11.85977,6.43,K4III
Nu  For,2.074844,-29.296819,4.68,B9.5p (Si)
HIP 9685,2.076413,-54.881689,6.45,F2V
HIP 9706,2.080836,7.735664,6.44,K0
47    Cas,2.085315,77.281341,5.27,F0Vn
49    Cas,2.092103,76.11506,5.22,G8III
HIP 9809,2.103406,8.248114,6.27,M4
HIP 9827,2.108141,0.035384,6.29,K0
12Kap Ari,2.109423,22.648317,5.03,A2m
11    Ari,2.113676,25.704553,6.01,B9IV-Vn
HIP 9862,2.114458,-19.138869,6.39,K1III
Hamal,2.119555,23.462423,2.01,K2III
HIP 9951,2.134913,-41.88042,6.5,A4V
58    And,2.141454,37.859077,4.78,A5IV-V
HIP 9983,2.142655,44.459429,6.38,G8III
HIP 9990,2.144606,58.423601,5.66,A1Ia
HIP 9999,2.146017,-17.779155,6.07,M1III
HIP 10035,2.152584,-43.516596,5.84,K1III
HIP 10050,2.156419,17.224196,6.4,F5V
14    Ari,2.157036,25.939892,4.98,F2III
HIP 10054,2.157062,81.295945,6.05,A1V
4Bet Tri,2.159058,34.987297,3.0,A5III
HIP 10069,2.159668,-24.345785,6.48,F0IV/V
HIP 10096,2.163461,-40.866501,6.49,F3V
HIP 10111,2.168,-43.815574,6.32,G8III
HIP 10115,2.168817,53.843091,6.31,G8III
HIP 10138,2.173673,-50.823725,6.12,K0V
15    Ari,2.177109,19.500338,5.68,M3III
59    And,2.181342,39.039526,6.09,B9V
16    Ari,2.186682,25.936938,6.01,K4III
64    Cet,2.189189,8.569805,5.64,G0IV
HIP 10215,2.189507,-10.052162,6.0,F5V
5    Tri,2.190283,31.526398,6.24,A1m
5    Per,2.191443,57.645543,6.38,B5Ia
63    Cet,2.193287,-1.825429,5.94,G9III:
HIP 10273,2.20438,2.745551,6.49,G5
6    Tri,2.206191,30.303067,4.94,F5V comp SB
HIP 10296,2.210427,24.167778,5.96,K0
66    Cet,2.213206,-2.393637,5.65,F8V
17Eta Ari,2.213355,21.210993,5.23,F5V
HIP 10309,2.21388,79.69154,6.46,A3
Mu  For,2.21513,-30.723825,5.27,A0V
65Xi 1Cet,2.216665,8.846717,4.36,G8II:
HIP 10326,2.21694,-21.000137,5.86,K0III
19    Ari,2.217584,15.27986,5.72,M0III
60    And,2.220369,44.231652,4.84,K4III
HIP 10350,2.22252,74.027721,6.25,G8III
HIP 10361,2.225975,53.058589,6.5,K5
HIP 10366,2.226728,51.065818,5.31,G8III:var
HIP 10379,2.228225,58.560586,6.43,A3Iab
HIP 10396,2.231543,-9.06463,6.43,K0
HIP 10403,2.234022,47.484241,6.05,F5V
Pi 1Hyi,2.237366,-67.841441,5.57,M1III
55    Cas,2.241417,66.524428,6.05,B9V+...
HIP 10440,2.242208,-41.166765,5.91,G9III
HIP 10446,2.24388,28.691185,6.35,K1III
Pi 2Hyi,2.25794,-67.746366,5.67,K2III
21    Ari,2.261884,25.043043,5.57,F6V
20    Ari,2.262789,25.782937,5.79,F6IV-V
7    Tri,2.265635,33.358895,5.25,A0V
HIP 10562,2.266033,47.811937,6.37,G9III-IV
Phi Eri,2.275154,-51.512165,3.56,B8IV-V
HIP 10623,2.279251,83.561414,6.45,K0
HIP 10633,2.281032,57.055246,6.48,B1Iab
67    Cet,2.283068,-6.422116,5.51,G8III
8Del Tri,2.284191,34.224231,4.84,G0V
9Gam Tri,2.288573,33.847194,4.03,A1Vnn
8    Per,2.29996,57.89982,5.75,K3III
HIP 10723,2.3004,1.757802,5.6,G0.5IV
7    Per,2.301275,57.516321,5.99,G7III
22The Ari,2.302094,19.901164,5.58,A1Vn
10    Tri,2.315831,28.642674,5.29,A2V
HIP 10795,2.316097,23.167815,6.45,A7V
HIP 10798,2.316255,-25.945687,6.33,G8V
HIP 10814,2.319675,46.472261,6.21,A4V
62    And,2.321337,47.379973,5.31,A1V
Mira,2.322442,-2.977643,6.47,M5e-M9e
HIP 10830,2.322974,48.955463,6.44,F4V
HIP 10832,2.323546,-41.848367,6.36,K2III
HIP 10854,2.327994,-4.345573,6.5,A3V
HIP 10871,2.331739,-55.944796,5.81,K5III
HIP 10924,2.344864,47.310804,6.17,B5V
63    And,2.349499,50.151466,5.57,B9p Si
Del Hyi,2.362498,-68.659418,4.08,A3V
HIP 11020,2.365399,57.242916,6.4,A1Ia
69    Cet,2.36573,0.395675,5.29,M2III
HIP 11029,2.367092,-10.777534,5.43,F0V
HIP 11033,2.368051,-17.662169,5.89,K2III
HIP 11043,2.369927,-43.199811,6.3,K0III
70    Cet,2.37011,-0.884852,5.42,F0Vn
9    Per,2.372621,55.845653,5.16,A2Ia
Kap For,2.375704,-23.816326,5.19,G2V
HIP 11090,2.380644,41.396297,5.81,F0III-IV
Kap Hyi,2.38123,-73.645792,5.99,K0III
HIP 11102,2.381852,-51.092129,5.9,A5V
HIP 11108,2.382673,-18.354982,6.22,G8/K0III
HIP 11121,2.385166,-37.576144,6.47,K2III
HIP 11174,2.397707,55.364861,6.29,F7Ib
HIP 11212,2.405588,-25.847459,6.45,K3III
64    And,2.406919,50.006546,5.19,G8III
HIP 11231,2.4094,-40.840458,6.17,G5IV
24Xi  Ari,2.413627,10.610565,5.48,B7IV
Lam Hor,2.414987,-60.311947,5.36,F2III
71    Cet,2.416219,-2.780031,6.34,A0III
10    Per,2.421119,56.609823,6.25,B2Ia
HIP 11293,2.42402,-66.494026,6.39,M5III
65    And,2.42706,50.278631,4.73,K4III
72Rho Cet,2.432501,-12.29048,4.88,A0V
HIP 11348,2.433431,-15.341247,5.88,Ap SrCrEu
HIP 11381,2.443115,-20.042617,5.89,K2III
Kap Eri,2.449755,-47.70384,4.24,B5IV
HIP 11415,2.452011,27.012395,6.14,K5III
HIP 11427,2.456498,10.198326,6.45,F5V
11    Tri,2.457715,31.80128,5.55,K1III:
66    And,2.46438,50.569974,6.16,F4V
HIP 11474,2.466647,1.960846,6.45,K0III
Phi For,2.467139,-33.811039,5.13,A2/A3V
HIP 11479,2.467878,-64.299768,6.35,A0V
73Xi 2Cet,2.469317,8.460054,4.3,B9III
12    Tri,2.469439,29.66933,5.29,F0III
HIP 11524,2.47651,-31.102445,6.11,K2IIICN...
13    Tri,2.480139,29.93176,5.89,G0V
Iot Cas,2.484437,67.402474,4.46,A5p Sr
HIP 11578,2.487133,23.469026,6.2,A5m
HIP 11603,2.493155,9.565629,6.09,K2III
HIP 11644,2.503811,-25.186442,6.5,DAn...
HIP 11651,2.504611,33.833707,6.26,K1III
HIP 11670,2.508986,25.235036,5.88,F6IV
HIP 11671,2.509109,-22.545318,6.17,M0III
26    Ari,2.510671,19.855301,6.14,A9V
HIP 11687,2.512556,0.255749,6.0,A7III-IVs
27    Ari,2.51511,17.703856,6.21,G5III-IV
HIP 11738,2.525027,2.267182,5.27,K3III
Mu  Hyi,2.527834,-79.109382,5.27,G4III
Polaris,2.52975,89.264109,1.97,F7:Ib-IIv SB
76Sig Cet,2.534786,-15.244677,4.74,F5V
14    Tri,2.535045,36.147271,5.15,K5III
75    Cet,2.53595,-1.034896,5.36,G3III:
HIP 11802,2.537432,-36.427307,6.28,K0III
HIP 11840,2.547952,34.54241,5.84,K0III
29    Ari,2.548372,15.034554,6.0,F8V
Lam1For,2.551952,-34.649967,5.91,K0/K1III
HIP 11907,2.561173,-20.001921,6.19,K1III
Ome For,2.564085,-28.232343,4.96,B9V
HIP 11925,2.56517,-51.093546,6.24,F6V
77    Cet,2.578507,-7.859445,5.74,K4III
HIP 12022,2.584482,7.470993,6.17,G6III:
HIP 12057,2.591083,39.66438,6.36,B9MNp...
HIP 12072,2.594095,37.312263,5.72,K4III
15    Tri,2.596336,34.687558,5.38,M3III
78Nu  Cet,2.597909,5.593246,4.87,G8III
80    Cet,2.600013,-7.831597,5.53,M0III
268 G. Cet,2.601357,6.88687,5.79,K3V
Iot1For,2.602574,-30.044978,5.74,G8/K0III
HIP 12148,2.609742,7.730026,5.81,K0III:
31    Ari,2.610531,12.447639,5.64,F7V
HIP 12160,2.611954,31.607667,6.07,K0
HIP 12181,2.615879,38.733581,5.91,F5V
Lam2For,2.616281,-34.577977,5.78,G1V
30    Ari,2.61681,24.647222,6.48,F6III
HIP 12200,2.618489,32.891092,6.23,F8V
Eta Hor,2.623425,-52.543086,5.3,A6V
HIP 12239,2.626676,65.745336,5.8,K5III
81    Cet,2.628278,-3.396175,5.65,G5III:
HIP 12272,2.633542,7.695276,6.4,F6IV
HIP 12273,2.633909,72.818252,5.17,G8III
HIP 12287,2.638288,37.726715,6.19,F6III
Iot2For,2.638515,-30.194062,5.84,F5V
HIP 12300,2.640227,-37.990545,6.48,F6V
HIP 12305,2.641098,38.089141,6.29,B9.5V
HIP 12318,2.643557,3.443205,6.21,G9III
32Nu  Ari,2.646943,21.961408,5.45,A7V
82Del Cet,2.658044,0.328511,4.08,B2IV
83Eps Cet,2.659398,-11.872156,4.83,F5V
Eps Hyi,2.659799,-68.266946,4.12,B9III
HIP 12413,2.663326,-42.89167,4.74,A2V
HIP 12444,2.670117,-9.452875,5.79,F6V
HIP 12447,2.671026,6.111944,6.26,F3V:
Zet Hor,2.677666,-54.549911,5.21,F4IV
Iot Eri,2.677781,-39.855375,4.11,K0III
33    Ari,2.678075,27.060943,5.3,A3V
84    Cet,2.687222,-0.695653,5.72,F7IV
HIP 12562,2.692814,-14.549276,5.98,F5V
HIP 12584,2.696757,-3.213807,6.07,G9III:
HIP 12608,2.701834,-38.383686,5.99,G8III
HIP 12611,2.702345,-46.524441,6.09,G8IV
12    Per,2.704144,40.193944,4.91,F9V
34Mu  Ari,2.706094,20.011465,5.74,A0V
HIP 12647,2.708038,10.741725,6.32,A2V
Iot Hor,2.709265,-50.800294,5.4,G3IV
HIP 12686,2.716528,53.526105,5.85,K0II-III
HIP 12690,2.717182,48.265245,6.3,G5
11    Per,2.717451,55.106019,5.76,B7IIIp...
Kaffaljidhma,2.721678,3.235818,3.47,A3V
HIP 12708,2.722287,-40.527905,6.35,B9V
HIP 12717,2.724034,-66.714252,6.23,F5V
35    Ari,2.724198,27.707146,4.65,B3V
HIP 12720,2.724698,-2.531452,6.48,K0
HIP 12744,2.730901,25.638343,6.35,A3V
14    Per,2.734766,44.29704,5.43,G0Ib
89Pi  Cet,2.735375,-13.858696,4.24,B7IV
HIP 12775,2.736273,-52.570597,6.15,A2V
13The Per,2.736634,49.228448,4.1,F7V
36    Ari,2.738642,17.763928,6.4,K2III
HIP 12786,2.739037,-32.524715,6.21,A1V
37Omi Ari,2.742493,15.311862,5.78,B9Vn
HIP 12821,2.747133,67.82463,5.95,A5III
87Mu  Cet,2.749039,10.114146,4.27,F1III-IV
38    Ari,2.749328,12.445761,5.17,A7III-IV
1Tau1Eri,2.751715,-18.572563,4.47,F5/F6V
HIP 12862,2.755807,4.711629,6.04,F0III:
Gam Hor,2.757629,-63.704553,5.73,G8III/IV
Zet Hyi,2.759048,-67.616617,4.83,A2IV/V
HIP 12964,2.779195,-21.639521,6.48,F3IV/V
HIP 12982,2.782865,35.983523,6.27,G8III
HIP 12990,2.784328,35.55468,6.28,A9V
HIP 13008,2.786425,-22.48575,6.47,F2V
HIP 13036,2.791987,44.272198,6.45,F5
HIP 13055,2.796568,81.448475,5.8,G8p...
Lilii Borea,2.79848,29.247118,4.52,K1III
40    Ari,2.808913,18.28379,5.83,K1III
HIP 13121,2.81275,25.188064,5.89,A0V
HIP 13133,2.815419,69.63429,6.26,A3V
Nu  Hor,2.817062,-62.806521,5.25,A2V
Bet For,2.818169,-32.405898,4.45,G8III
42Pi  Ari,2.821544,17.464309,5.26,B6V
HIP 13176,2.824143,37.326411,6.45,F6III-IV
HIP 13178,2.825205,57.084318,6.25,A5Ia
Gam1For,2.830824,-24.560311,6.14,K0III
Gam2For,2.831716,-27.941981,5.39,A1V
Bharani,2.833063,27.260507,3.61,B8Vn
Eta2For,2.837438,-35.843636,5.92,K0III
Nu  Hyi,2.841255,-75.066947,4.76,K3III
16    Per,2.843063,38.318644,4.22,F2III
HIP 13257,2.843137,36.948328,6.44,G0
Eta3For,2.844557,-35.675849,5.48,K2III
Miram,2.844945,55.895496,3.77,K3Ib comp SB
HIP 13271,2.846611,-39.932224,6.36,A0V
Angetenar,2.850645,-21.004019,4.76,K0III
43Sig Ari,2.858218,15.082071,5.52,B7V
17    Per,2.858566,35.059741,4.56,K5III
HIP 13339,2.861594,46.841939,5.86,G8III
HIP 13347,2.862749,58.314291,6.46,A1m
HIP 13363,2.865621,-30.81452,6.38,F6V
HIP 13367,2.866319,68.888497,5.94,F5:Ib-II
HIP 13387,2.87194,-62.909583,6.03,K1III
HIP 13402,2.87559,-12.769714,6.05,K1V
HIP 13421,2.880761,-9.441236,6.31,A7IV
HIP 13424,2.881118,52.997353,6.35,B8III
HIP 13429,2.881846,-65.455291,6.47,K0/K1III
HIP 13448,2.886582,16.48346,6.3,F5III
HIP 13462,2.889186,48.569955,6.23,G5Iab:
Psi For,2.892885,-38.437004,5.93,F5V
HIP 13479,2.893144,-22.376308,5.93,G8/K0III
20    Per,2.895168,38.337488,5.34,F4Vvar
HIP 13518,2.901797,-50.871402,6.22,K4III
18Tau Per,2.904295,52.762479,3.93,G4III...
45Rho2Ari,2.930138,18.33164,5.76,M6IIIvar
HIP 13665,2.932452,61.521138,5.59,F4V
HIP 13679,2.937158,8.381563,5.97,F7IV
HIP 13700,2.940181,64.332442,6.17,K3Ibvar
Azha,2.940458,-8.898144,3.89,K1III-IV
46Rho3Ari,2.940596,18.023119,5.58,F6V
HIP 13713,2.942584,47.164006,6.05,K3III:
HIP 13717,2.943729,-3.71232,5.16,A3Vn
HIP 13732,2.947405,51.261284,6.22,K5III
HIP 13756,2.951271,4.50103,6.15,M4III
HIP 13768,2.953584,-29.855289,6.29,A2/A3V:+...
21    Per,2.954801,31.934219,5.1,B9p...
4    Eri,2.9566,-23.862164,5.44,A5IV/V
HIP 13789,2.959063,-38.190925,6.41,A0Vn
HIP 13832,2.967314,38.614926,6.06,K3III
47    Ari,2.968114,20.668733,5.8,F5IV
6    Eri,2.968258,-23.606012,5.82,K2III
Acamar,2.971023,-40.304672,2.88,A4III+...
HIP 13874,2.978355,-2.782877,5.22,A2IV
22Pi  Per,2.979352,39.662728,4.68,A2Vn
HIP 13883,2.979806,-9.776506,6.14,A2m
Bet Hor,2.979939,-64.071284,4.98,A5III
24    Per,2.984356,35.183128,4.94,K2III
HIP 13907,2.985137,-28.907213,6.14,K1III
48Eps Ari,2.986868,21.340429,4.63,A2Vs
Zet For,2.993381,-25.274133,5.69,F3V
HIP 13947,2.993973,-32.507198,6.32,A0V
HIP 13949,2.99441,41.032941,5.89,K2
5    Eri,2.994767,-2.464952,5.56,B9.5V
91Lam Cet,2.99525,8.907365,4.71,B6III
HIP 13965,2.997164,47.220693,5.47,G4p
HIP 13997,3.003303,38.13174,6.11,B8Vn
HIP 14036,3.012261,10.870388,5.93,K6
7    Eri,3.014133,-2.878618,6.11,M2III
HIP 14043,3.014501,52.351744,5.24,B7V
8Rho1Eri,3.019451,-7.663012,5.75,K0II
Eps For,3.027115,-28.091554,5.88,G8/K0V
HIP 14104,3.031195,5.336151,6.24,K0
49    Ari,3.031706,26.462354,5.91,A3m
HIP 14110,3.032255,-9.961407,5.84,G6III:
HIP 14124,3.03591,-6.494543,6.2,G0IV-V
The Hyi,3.037615,-71.902457,5.51,B8III/IV
Menkar,3.037992,4.089734,2.54,M2III
93    Cet,3.039588,4.352884,5.62,B7V
11Tau3Eri,3.039863,-23.624472,4.08,A4V
9Rho2Eri,3.045076,-7.685472,5.32,K0II-III
HIP 14187,3.048849,-46.975036,5.81,K2/K3III
HIP 14232,3.058376,28.269906,6.38,F0V
Mu  Hor,3.060239,-59.737775,5.12,F0IV
HIP 14264,3.065763,47.84848,6.48,F0
10Rho3Eri,3.071254,-7.600857,5.26,A8V
HIP 14315,3.077241,1.863604,6.05,K0III
HIP 14318,3.077957,15.856023,6.37,K3III
23Gam Per,3.079942,53.50644,2.91,G8III+...
25Rho Per,3.08627,38.840274,3.32,M3IIIvar
HIP 14355,3.086471,-8.274247,6.3,K0
HIP 14365,3.089171,40.582181,6.06,K0III
52    Ari,3.090747,25.255174,5.45,B7Vn
HIP 14382,3.092338,56.705719,4.77,K0II-III
HIP 14392,3.094489,56.068965,6.1,G9III
HIP 14417,3.102203,79.418535,5.49,F7IV comp SB
HIP 14439,3.106579,13.18725,5.64,K3III
HIP 14456,3.109303,-6.088555,5.23,M3III
HIP 14502,3.121947,64.057594,5.89,B9V
53    Ari,3.123798,17.879995,6.13,B1.5V
HIP 14521,3.125541,-78.989244,5.67,F2II-III
HIP 14544,3.129817,47.308709,6.38,A3Vnn
HIP 14547,3.130271,-69.26492,6.12,K1III
HIP 14551,3.13079,-27.831151,6.18,A3V
HIP 14566,3.134401,52.213511,6.33,B5V
Algol,3.136148,40.955648,2.09,B8V
54    Ari,3.139197,18.795053,6.24,M0III
HIP 14607,3.144109,8.471069,6.28,G9III
HIP 14626,3.148384,62.384596,6.47,B1V:e
Iot Per,3.151005,49.613278,4.05,G0V
HIP 14649,3.155592,20.761123,6.41,K2
Misam,3.158258,44.857544,3.79,K0III
55    Ari,3.160206,29.07708,5.74,B8III
HIP 14719,3.169122,27.819766,6.42,A0V
HIP 14748,3.174179,26.896233,6.02,K3III
HIP 14749,3.174235,-48.734156,6.11,K1III
HIP 14757,3.176496,-23.738548,6.37,K0III
HIP 14764,3.177443,11.872627,5.97,B8V
HIP 14791,3.183549,64.896266,6.5,A4V
HIP 14797,3.184801,-13.264284,6.36,F6III
HIP 14814,3.18798,-16.024967,6.25,K2III
28Ome Per,3.188163,39.611582,4.61,K1III
HIP 14819,3.188549,-3.811595,6.08,M1III
HIP 14821,3.189422,13.047845,6.11,K0IIIp
Botein,3.193822,19.726677,4.35,K2IIIvar
HIP 14844,3.195229,81.47071,5.92,A7III-IV
HIP 14862,3.198957,74.393659,4.85,A2Vnn
Dalim,3.201249,-28.987618,3.8,F8V
HIP 14887,3.202654,42.375905,6.15,B4V
56    Ari,3.203957,27.256968,5.78,B9p Si
HIP 14913,3.207146,-44.41966,5.92,F3V+...
HIP 14914,3.207333,47.725875,6.32,K5III
HIP 14915,3.207324,6.660883,5.55,K1IIIpe+...
HIP 14930,3.209209,-57.321549,5.71,C5II
94    Cet,3.212899,-1.196101,5.07,F8V
HIP 14972,3.21708,-35.943688,6.29,B9IV/V
HIP 15004,3.223297,48.176953,5.93,G9III
HIP 15024,3.227207,-29.804129,6.17,K1IICN...
58Zet Ari,3.24836,21.044441,4.87,A1V
HIP 15118,3.249049,42.503637,6.07,K2III
HIP 15125,3.250075,-26.100459,6.25,A1V
HIP 15154,3.255677,30.556689,5.61,A1Vs
HIP 15191,3.263095,32.856712,6.3,F4Vwvar
HIP 15192,3.263325,57.14062,5.79,A0Ia
HIP 15193,3.263519,50.95589,6.46,A0
Zibal,3.263896,-8.81973,4.8,A5m
Iot Hyi,3.265951,-77.388454,5.51,F4III
HIP 15203,3.266904,-5.918705,6.17,B9V
HIP 15204,3.267182,34.688513,6.25,A1m
HIP 15209,3.267903,45.346133,6.15,M2III
HIP 15219,3.270057,50.937664,5.04,G5II
HIP 15230,3.272701,-5.730464,6.3,K5
HIP 15241,3.276442,32.184018,5.98,G8IV
14    Eri,3.276602,-9.154676,6.14,F1V
HIP 15282,3.286515,40.482979,6.44,B9p
HIP 15305,3.290722,-47.751664,5.84,K2III
HIP 15309,3.292093,65.658367,6.41,A3V
HIP 15323,3.29446,31.127048,6.4,G0
Zet1Ret,3.295903,-62.575322,5.53,G2V
HIP 15334,3.296042,39.283373,5.97,A2IV
30    Per,3.296485,44.025024,5.49,B8V...
HIP 15353,3.299728,-66.926853,6.03,A3V
HIP 15357,3.300717,-28.797075,5.93,F3V+...
Zet2Ret,3.303309,-62.506363,5.24,G1V
15    Eri,3.30614,-22.511118,4.86,K0III
95    Cet,3.306229,-0.930288,5.62,K1IV
29    Per,3.310482,50.222174,5.16,B3V
HIP 15411,3.311429,-18.559794,5.72,F3V
HIP 15416,3.312174,34.222653,4.85,K2II
31    Per,3.318787,50.094966,5.05,B5V
96Kap1Cet,3.322693,3.370198,4.84,G5Vvar
16Tau4Eri,3.325278,-21.757864,3.7,M3/M4III
HIP 15479,3.326363,-24.122902,5.63,M1III
82 G. Eri,3.331944,-43.069784,4.26,G8V
59    Ari,3.332166,27.071134,5.91,G8IV
HIP 15520,3.333129,65.652292,4.74,B2.5Vne
HIP 15547,3.338783,77.73474,5.44,A6V
HIP 15549,3.338989,29.048458,4.47,K2II-III
60    Ari,3.340437,25.662739,6.14,K3III:
HIP 15585,3.345889,-26.606506,6.4,F7V
97Kap2Cet,3.35189,3.67562,5.7,G8.5III
61Tau1Ari,3.353784,21.147086,5.27,B5IV
HIP 15643,3.35667,-23.635135,5.5,G8III
32    Per,3.357381,43.329651,4.96,A3V
HIP 15655,3.359286,-47.776661,6.4,K0III
HIP 15669,3.364577,49.070905,5.94,F6V
62    Ari,3.36997,27.607553,5.55,G5III
HIP 15700,3.37119,-25.587802,6.36,A1V
63Tau2Ari,3.379234,20.742069,5.1,K3III
HIP 15770,3.386997,49.213269,5.32,B5V
HIP 15776,3.38825,-7.794098,6.2,G2V
HIP 15800,3.393418,0.910087,6.47,K0
HIP 15807,3.394164,4.882105,6.37,G5III
HIP 15840,3.400636,-69.624606,6.14,A4:V+...
HIP 15850,3.402814,12.62959,6.03,K0III-IV
64    Ari,3.405132,24.724063,5.5,K4III
Mirfak,3.405378,49.86118,1.79,F5Ib
65    Ari,3.407255,20.803489,6.07,A1V
HIP 15876,3.408249,33.535962,5.78,A0V
HIP 15884,3.410057,-51.062657,6.5,A0V
HIP 15890,3.411267,64.585996,5.13,M0II
1Omi Tau,3.413554,9.02887,3.61,G8III
HIP 15968,3.426737,-69.336436,5.96,F3V
Chi1For,3.432177,-35.920885,6.39,A1IV
HIP 15988,3.432604,49.120757,6.09,B7V
HIP 16015,3.436606,-41.63694,6.33,A1V
HIP 16029,3.43959,-27.317479,5.93,K0III
HIP 16042,3.443163,28.715087,6.47,G5IV
2Xi  Tau,3.45282,9.73268,3.73,B9Vn
HIP 16095,3.455188,12.735289,6.29,A0Vs
Chi2For,3.459281,-35.681323,5.71,K2III
HIP 16142,3.46693,-11.2866,5.74,K2III
HIP 16147,3.467517,49.062866,4.99,B5V
Chi3For,3.469867,-35.853426,6.49,A1V
HIP 16168,3.472416,33.807557,5.72,A2V
HIP 16177,3.473216,60.255672,6.49,B9V
66    Ari,3.474046,22.804006,6.03,K0IV
HIP 16210,3.4812,49.848384,5.58,B6Vn
HIP 16226,3.48439,3.248704,6.41,G5
HIP 16228,3.484482,59.94033,4.21,B9Ia
34    Per,3.489456,49.508948,4.67,B3V
Kap Ret,3.489558,-62.937527,4.71,F5IV-V
HIP 16252,3.490633,46.937868,6.21,B7V
HIP 16263,3.493341,-12.674737,5.57,A5III/IV
HIP 16266,3.494205,-6.804458,6.01,G5
HIP 16281,3.49854,58.87875,4.55,A0Ia SB:
HIP 16285,3.498656,-42.634256,5.76,A5V
HIP 16290,3.4997,-78.35185,5.68,G8III
HIP 16292,3.500057,55.451808,5.09,A1V
HIP 16303,3.503039,59.365947,6.14,A2V
HIP 16310,3.503773,-41.369937,6.12,F7V
HIP 16319,3.505387,71.863897,6.37,M2III
4    Tau,3.506797,11.336442,5.14,A0Vn
35Sig Per,3.509579,47.995216,4.36,K3III
HIP 16339,3.51026,-47.375125,5.98,A2V
HIP 16340,3.510262,48.103596,5.82,B8V
17    Eri,3.510294,-5.075145,4.74,B9Vs
HIP 16358,3.512617,6.188703,5.93,G8III
HIP 16368,3.514359,-66.489714,5.81,B8V
5    Tau,3.514549,12.936678,4.14,K0II-III...
HIP 16424,3.524818,49.20977,6.29,A0Vn
HIP 16425,3.525081,40.759934,6.5,A5
HIP 16447,3.530288,49.401093,6.41,B9III
HIP 16449,3.531568,-25.614149,6.38,A3IV/V
HIP 16470,3.535721,48.023476,5.47,B8IIIp Mn
HIP 16489,3.53882,84.91104,5.62,G3IIp...
36    Per,3.540631,46.056862,5.3,F4IIIvar
HIP 16509,3.542992,-50.378646,5.67,K3III
6    Tau,3.543319,9.373438,5.76,B9IV
HIP 16516,3.54416,44.855759,6.42,B2IV
HIP 16518,3.544449,35.461729,5.91,B1V
HIP 16531,3.547642,-61.016872,6.42,K0III
Ran,3.548848,-9.458262,3.72,K2V
HIP 16587,3.558944,58.76524,6.45,A4III
HIP 16591,3.559731,39.899478,5.79,A5m
HIP 16599,3.560855,54.974857,5.98,A3V
HIP 16602,3.561455,57.868725,6.37,F7V
19Tau5Eri,3.563132,-21.632883,4.26,B9V
HIP 16628,3.565776,-31.080114,6.2,F5V
HIP 16641,3.568993,17.832828,6.14,K1IVe...
7    Tau,3.574062,24.464393,5.95,A3V
HIP 16672,3.575996,-31.874801,6.39,K3III
HIP 16677,3.577075,-9.868261,6.25,A2V
HIP 16695,3.5803,6.417691,6.49,G0
HIP 16697,3.581223,-25.582825,6.48,K0III
HIP 16712,3.583617,60.041429,6.43,F5V
HIP 16779,3.599235,-5.124954,6.49,K0
HIP 16780,3.599352,-11.193782,5.56,G7III:
20    Eri,3.604837,-17.467064,5.24,B8/B9III
37Psi Per,3.608159,48.192634,4.32,B5Ve
HIP 16827,3.608382,-78.323073,6.29,K2III
HIP 16846,3.613136,0.587758,5.82,G5IV/V +K1IV
10    Tau,3.614551,0.401662,4.29,F9V
HIP 16870,3.618244,-40.274545,4.57,K0III
HIP 16924,3.629953,15.430552,6.4,A5IV
HIP 16938,3.633383,42.582843,6.41,B8Vn
HIP 16974,3.638811,56.932713,6.29,B9p
HIP 16989,3.641459,-7.391863,5.86,G5III:
Tau For,3.646575,-27.943054,6.01,A0V
HIP 17026,3.650017,20.915765,6.5,Am...
21    Eri,3.65031,-5.62621,5.97,K1V
HIP 17056,3.65697,75.739622,6.25,G9III-IV
HIP 17057,3.657057,-10.437278,6.19,G5
HIP 17058,3.657153,16.536685,6.18,K0III
HIP 17086,3.660652,-3.39301,6.22,G5
12    Tau,3.664201,3.056863,5.55,G6III:
HIP 17120,3.666547,-1.121226,6.12,G5
HIP 17136,3.669844,-15.226534,6.35,G8/K0III+..
22    Eri,3.677315,-5.210706,5.53,B9IIIp Si
11    Tau,3.67953,25.329492,6.11,A2IV
HIP 17203,3.685515,37.580198,5.55,B7Vn
HIP 17214,3.687166,-11.802418,6.49,F2III
HIP 17296,3.702594,63.216806,5.06,S5.3 SB:
HIP 17298,3.702743,-45.957888,6.5,F8V
Del For,3.704139,-31.938361,4.99,B5III
13    Tau,3.705263,19.700254,5.68,B9Vn
40    Per,3.706291,33.965026,4.97,B0.5V
HIP 17328,3.709084,-85.261964,6.4,B9V
HIP 17342,3.711871,59.969391,5.74,K4Ib
HIP 17351,3.713908,-37.313518,4.59,K2IIICN...
39Del Per,3.715416,47.787551,3.01,B5III SB
Rana,3.720806,-9.763395,3.52,K0IV
HIP 17395,3.726065,-10.485661,5.59,A5m
14    Tau,3.72978,19.665032,6.13,G8III
HIP 17436,3.735104,-40.660289,6.45,K1III
HIP 17437,3.735119,48.523656,6.06,K4III
Bet Ret,3.736593,-64.806903,3.84,K0IV SB
Atik,3.738648,32.288248,3.84,B1III
HIP 17453,3.741167,20.928737,6.09,A0V
24    Eri,3.741808,-1.163091,5.24,B7V
HIP 17460,3.742062,36.460103,5.6,A2m
HIP 17464,3.742744,-54.274027,6.29,K1III
HIP 17475,3.744697,46.099813,6.1,A7IV
Celaeno,3.746726,24.28947,5.45,B7IV
HIP 17493,3.747355,-48.061299,6.49,G8/K0III
Electra,3.747927,24.113339,3.72,B6III
25    Eri,3.749027,-0.29672,5.56,K4III
18    Tau,3.752705,24.83926,5.66,B8V
41Nu  Per,3.753232,42.578549,3.77,F5IIvar
Taygeta,3.75347,24.467278,4.3,B6V
HIP 17534,3.75441,-47.359476,5.72,K1III
HIP 17543,3.756586,-71.658132,6.26,B8V
HIP 17558,3.760304,38.676262,6.45,K0
29    Tau,3.761234,6.049991,5.34,B3V
Maia,3.763779,24.367748,3.87,B8III
Asterope,3.765132,24.554511,5.76,B8V
HIP 17584,3.76646,45.681899,5.66,B6V
HIP 17585,3.766907,67.201605,5.79,F0IV
HIP 17587,3.767314,63.345047,4.78,A3V...
22    Tau,3.767472,24.527898,6.43,A0Vn
26Pi  Eri,3.769037,-12.101589,4.43,M1III
HIP 17595,3.769267,6.80352,5.91,G9III
Merope,3.772104,23.948358,4.14,B6IV
Sig For,3.774286,-29.338157,5.91,A2V
27Tau6Eri,3.780804,-23.249723,4.22,F3/F5V
Gam Hyi,3.787295,-74.238962,3.26,M2III
Alcyone,3.79141,24.105137,2.85,B7III
HIP 17707,3.79226,55.92196,6.09,B9Vnn
28Tau7Eri,3.794347,-23.874677,5.24,A1V
HIP 17732,3.796951,32.195415,6.26,G0
HIP 17734,3.797114,-36.105785,6.21,B8V
Rho For,3.7989,-30.167882,5.52,G6III
HIP 17759,3.801817,24.988416,6.44,K5
30    Tau,3.804519,11.143294,5.08,B3V
HIP 17772,3.805021,50.736767,6.18,B8Vn
HIP 17776,3.805782,23.42125,5.44,B8V
HIP 17798,3.809918,-20.902977,5.81,K5III
HIP 17797,3.809963,-37.620155,4.3,A+...
HIP 17805,3.810821,0.227857,5.91,K3III
HIP 17832,3.815816,23.857135,6.47,F0
HIP 17846,3.818922,43.963095,5.95,A9IV
Atlas,3.819373,24.053415,3.62,B8III
Pleione,3.819782,24.136712,5.05,B7p
HIP 17854,3.820476,70.87105,5.4,A2m
HIP 17858,3.822151,57.118268,6.46,A0Vn
HIP 17874,3.824237,-36.20025,4.17,G8III
HIP 17884,3.825357,65.525972,4.39,M1III
42    Per,3.825748,33.091382,5.14,A3V
HIP 17891,3.826836,63.296967,5.82,A5Vn
HIP 17900,3.828758,23.711855,6.17,B8V
HIP 17921,3.831964,22.244151,6.05,B8III
HIP 17932,3.834564,44.967856,5.65,G2III...
HIP 17950,3.837823,-1.522574,6.47,F2
HIP 17954,3.838593,25.579362,5.24,A2V
Gam Cam,3.839302,71.332266,4.59,A2IVn
HIP 18033,3.854408,13.046078,6.3,B9p Si
HIP 18067,3.8616,68.507486,6.31,B9IVp
HIP 18081,3.864922,34.359119,5.78,B1V
31    Tau,3.86673,6.534907,5.66,B5V
HIP 18094,3.867902,31.168578,6.22,A5V
30    Eri,3.878238,-5.361259,5.48,B8+...
HIP 18170,3.886123,17.327083,5.97,F4V
HIP 18173,3.886925,-18.434447,6.21,K0/K1III+..
HIP 18199,3.892587,-46.893674,5.93,K3III
HIP 18201,3.89291,25.682883,6.35,A2V
HIP 18212,3.894081,48.650495,5.76,K0III
HIP 18213,3.894151,-34.732297,5.11,B6/B7V
33Tau8Eri,3.895195,-24.61223,4.64,B5V
HIP 18217,3.895345,57.975141,5.8,A5m
44Zet Per,3.9022,31.883635,2.84,B1Ib
32    Eri,3.904862,-2.95473,4.46,G8III
HIP 18262,3.906435,-40.357009,5.7,K0III...
HIP 18275,3.909431,-52.690426,6.46,A4V
HIP 18339,3.921147,-12.099105,5.99,Ap SrEu(Cr)
HIP 18396,3.932824,47.87142,5.39,B6V
HIP 18401,3.934428,-63.463718,6.14,K1/K2III
HIP 18428,3.941017,-13.597531,6.37,M1III
HIP 18434,3.941303,35.080899,5.49,B1.5V
HIP 18438,3.941751,71.821606,6.31,A5m
43    Per,3.94347,50.695381,5.28,F5IV
HIP 18455,3.94387,-9.750844,6.18,F1V
32    Tau,3.947798,22.477971,5.62,F2IV
HIP 18481,3.950477,6.039967,6.09,A2Vn
33    Tau,3.951058,23.17555,6.05,B9.5IV
HIP 18488,3.952303,61.108883,4.99,K3I-II
HIP 18505,3.957067,63.072264,4.95,B9.5V
HIP 18508,3.957328,24.461937,6.19,K0
45Eps Per,3.96423,40.010215,2.9,B0.5V
Zaurak,3.967157,-13.508515,2.97,M1IIIb Ca-1
HIP 18565,3.974766,38.840254,6.32,K1III:
HIP 18592,3.97858,-57.10236,6.05,F2IV
Del Ret,3.979095,-61.400185,4.56,M2III
HIP 18606,3.981221,-5.469947,5.85,G9V
Menkib,3.98275,35.791033,3.98,O7.5Iab:
HIP 18647,3.991703,-12.574425,5.61,K4III
HIP 18658,3.994581,10.330402,6.35,F5V
36Tau9Eri,3.998745,-24.016215,4.62,Ap Si
HIP 18717,4.010247,17.29666,6.31,A0V
HIP 18723,4.011292,-30.490697,5.93,A1V
35Lam Tau,4.011338,12.490347,3.41,B3V + A
HIP 18735,4.013545,18.194,5.89,F4V...
Gam Ret,4.014946,-62.159284,4.48,M4III
HIP 18769,4.020787,36.989477,6.39,A0V
Iot Ret,4.021697,-61.078822,4.97,K4III
35    Eri,4.025569,-1.54966,5.28,B5V
HIP 18805,4.029482,9.998017,5.67,B5V
HIP 18859,4.04354,-0.268923,5.38,F5V
38Nu  Tau,4.052606,5.989305,3.91,A1V
HIP 18926,4.056874,-20.143796,6.47,B3V
40    Tau,4.06239,5.435624,5.32,B3V
HIP 18975,4.065723,8.197269,5.45,F2V
HIP 18990,4.069085,-16.588728,6.36,K2/K3III/IV
HIP 18993,4.06941,2.826947,5.36,F6IV
36    Tau,4.072687,24.105993,5.46,G0III...
HIP 19011,4.072977,-12.792295,5.62,K1III
HIP 19018,4.074212,59.155507,5.0,F0II
HIP 19037,4.078028,-20.381864,6.12,K1II
37    Tau,4.078253,22.081926,4.36,K0III
39    Tau,4.088958,22.008905,5.9,G5V
HIP 19095,4.093728,-27.651807,5.59,F0IV/V
HIP 19111,4.096309,-20.512563,6.34,G8/K0III
HIP 19121,4.09903,-8.856105,6.27,A3V
HIP 19129,4.100882,68.679972,5.88,K2III
47Lam Per,4.109735,50.351262,4.25,A0IVn
41    Tau,4.110114,27.599903,5.18,B9p Si
HIP 19172,4.110171,54.008663,6.31,K0III-IV
HIP 19177,4.110785,65.520798,6.14,A3m
42Psi Tau,4.116795,29.001299,5.21,F1V
HIP 19222,4.119649,74.000359,6.49,K0
HIP 19233,4.122611,-64.222291,6.37,G3V
HIP 19261,4.128328,15.162788,6.02,F3V
HIP 19284,4.133171,17.339897,5.89,K5III
49    Per,4.137612,37.727493,6.07,K1III
50    Per,4.143497,38.039733,5.52,F7V
48    Per,4.144357,47.712513,3.96,B3Ve
HIP 19376,4.150436,13.398281,5.94,B9.5V
43Ome1Tau,4.152768,19.609217,5.51,K2III
HIP 19398,4.154954,-16.385875,5.45,B5IV
HIP 19400,4.156168,54.828862,6.25,F5V
HIP 19412,4.157659,59.908071,6.29,G8II
HIP 19434,4.161946,3.322697,6.49,F2
HIP 19454,4.166752,86.626139,5.84,F5IV
HIP 19461,4.167439,80.698681,5.1,G8III+...
37    Eri,4.172923,-6.923852,5.44,G8III
HIP 19509,4.179409,-35.273787,6.43,K2IIIp...
HIP 19511,4.179935,-8.819814,5.7,G9III:
44    Tau,4.180517,26.480952,5.39,F2IV-V
Del Hor,4.180708,-41.993573,4.93,A9V
HIP 19525,4.183061,33.586792,5.75,K1II-III
45    Tau,4.188967,5.523047,5.71,F4V
HIP 19571,4.193389,-20.356157,5.8,A1V + (F/G)
Beid,4.197761,-6.837581,4.04,F2II-III
HIP 19590,4.198927,-8.837485,6.45,G5
HIP 19601,4.200076,-17.274732,6.41,K0III
HIP 19641,4.208709,17.27746,6.09,K0III
HIP 19672,4.214235,22.413458,6.14,B9IIIsp...
HIP 19673,4.214404,68.501154,6.33,K0
46    Tau,4.225862,7.716045,5.29,F3V...
HIP 19720,4.226269,10.212458,6.24,B8Vn
HIP 19721,4.226589,-40.357763,6.36,K3III
HIP 19725,4.227264,-1.149737,6.45,B5IV
HIP 19730,4.229114,72.126147,6.05,K1III
HIP 19736,4.23051,12.753701,6.25,K0
47    Tau,4.232329,9.263824,4.84,G5III
HIP 19746,4.23325,37.967147,6.47,G9III
Alp Hor,4.233363,-42.294368,3.85,K1III
39    Eri,4.239914,-10.256283,4.87,K3III
Alp Ret,4.240404,-62.473858,3.33,G7III
HIP 19799,4.243398,10.011406,5.22,B9Vn
HIP 19805,4.246819,-62.191811,5.45,K0III
HIP 19810,4.247797,37.54267,6.31,G5
52    Per,4.248143,40.483671,4.67,G5II comp
51Mu  Per,4.248295,48.409331,4.12,G0Ib...
HIP 19823,4.250499,57.460361,6.06,A4III
Keid,4.254537,-7.652871,4.43,K1V
HIP 19859,4.258,6.186858,6.32,G0IV...
49Mu  Tau,4.258905,8.892357,4.27,B3IV
48    Tau,4.262856,15.400695,6.31,F5Vvar
Gam Dor,4.267097,-51.486648,4.26,F4III
HIP 19917,4.272486,-60.948482,6.34,Ap EuCr(Sr)
Eps Ret,4.274738,-59.302156,4.44,K2IV
HIP 19949,4.278638,53.611799,5.2,A2Vn
HIP 19968,4.281542,61.849989,5.69,B5Vn
HIP 19983,4.28558,57.860355,5.72,K1III
50Ome2Tau,4.287684,20.578591,4.93,A3m
HIP 19996,4.288673,-6.472177,5.95,G8III:
The Ret,4.294519,-63.255405,5.88,B+...
HIP 20039,4.297733,80.535783,6.39,K0
41Ups4Eri,4.298237,-33.798348,3.55,B9V
Del Men,4.299776,-80.214033,5.67,K2/K3III+..
HIP 20063,4.302252,42.141159,6.22,B9V
HIP 20070,4.304056,50.295502,4.6,A2V
HIP 20075,4.304466,-20.71526,6.0,M4III
51    Tau,4.306444,21.579297,5.64,F0V
HIP 20106,4.310414,-22.969722,6.09,A3m...
HIP 20109,4.311113,-52.860097,6.08,A8V+...
HIP 20138,4.317469,-33.904617,6.36,A+...
HIP 20156,4.320339,50.048695,5.46,A7V
HIP 20161,4.321301,-44.267919,5.33,K2III
53    Tau,4.323916,21.142307,5.5,B9IV
56    Tau,4.326862,21.773491,5.34,A0p Si
HIP 20188,4.32706,10.121437,6.31,K0
Prima Hyadum,4.329889,15.627642,3.65,G8III
57    Tau,4.332695,14.035201,5.58,F3V...
HIP 20231,4.336097,31.953174,6.16,K5
HIP 20234,4.336531,50.920933,5.55,B1.5IV
HIP 20241,4.337341,41.80807,5.95,K0III
52Phi Tau,4.339227,27.350754,4.97,K1III
54    Per,4.340178,34.566725,4.93,G8III
HIP 20255,4.340307,18.742608,6.11,F3:V...
58    Tau,4.343419,15.095453,5.26,F0V
HIP 20263,4.344067,-6.245995,6.15,G8IV:
HIP 20264,4.34417,-20.639622,5.38,A0V
HIP 20266,4.344541,65.140441,5.26,G5III
HIP 20268,4.34479,6.130798,5.76,G8III-IV
HIP 20271,4.345232,-7.592493,5.85,B5III
HIP 20284,4.347977,13.864427,6.15,F6V...
Nu  Men,4.349455,-81.57992,5.78,F0/F2III
HIP 20341,4.357511,-0.09817,5.86,K2
HIP 20347,4.358698,-25.72858,6.08,F2V
53    Per,4.359211,46.498878,4.8,B4IV
HIP 20360,4.360421,-6.284172,6.45,A0
HIP 20376,4.363227,60.735625,5.4,M0III
HIP 20380,4.364392,56.506317,5.91,A3V
Eta Ret,4.364796,-63.386391,5.24,G7III
60    Tau,4.367643,14.077198,5.72,A3m
HIP 20417,4.372981,20.821416,5.91,M0III
59Chi Tau,4.376373,25.629314,5.38,B9V
Secunda Hyadum,4.382247,17.542514,3.77,G8III
HIP 20456,4.382758,59.616182,6.18,A4V
HIP 20465,4.384909,-24.892157,5.81,K5III
HIP 20467,4.385488,-35.544815,6.38,K1III
63    Tau,4.390294,16.77726,5.64,A1m
HIP 20493,4.392324,20.982044,6.0,B8IV-V
HIP 20498,4.393281,42.427909,6.25,A1sp...
42Xi  Eri,4.394681,-3.74547,5.17,A2V
66    Tau,4.397729,9.460968,5.1,A3V
62    Tau,4.399934,24.300992,6.34,B3V
Beemim,4.400613,-34.016846,3.97,K4III
64Del2Tau,4.401599,17.44413,4.8,A7V
HIP 20552,4.403405,-57.071337,6.28,G4V+...
HIP 20558,4.404023,12.157987,6.42,K0
55    Per,4.408098,34.130758,5.73,B8V
56    Per,4.410404,33.959686,5.77,F4V
HIP 20614,4.415868,19.042013,5.97,F4V
HIP 20619,4.418153,-61.238193,5.94,K4/K5III
HIP 20630,4.421976,-44.160897,6.38,F6V
65Kap1Tau,4.422822,22.293874,4.21,A7IV-V
67Kap2Tau,4.423614,22.199998,5.27,A7V
68Del3Tau,4.424828,17.92791,4.3,A2IV
70    Tau,4.427032,15.94101,6.44,F7V
HIP 20698,4.433708,4.373451,6.37,K0
HIP 20704,4.435084,31.438911,5.29,K1III
69Ups Tau,4.438461,22.813583,4.28,A8Vn
71    Tau,4.439094,15.618265,4.48,F0V...
HIP 20715,4.439195,8.590269,6.06,B6IV
73Pi  Tau,4.443437,14.713782,4.69,G8III
HIP 20765,4.449147,-24.081323,6.11,A3V
HIP 20771,4.450194,2.079409,6.23,K1III
HIP 20772,4.450241,57.58529,6.28,A0III
HIP 20776,4.450806,80.824159,5.42,G6III:
HIP 20781,4.451654,-46.947505,6.1,F8V
72    Tau,4.454847,22.996337,5.53,B7V
HIP 20804,4.457991,11.2123,5.87,B8IV
HIP 20825,4.462788,-62.521206,5.74,K0III
HIP 20842,4.466883,21.619907,5.72,Am
HIP 20848,4.467677,1.858605,6.14,G9III
HIP 20856,4.469296,-41.959833,6.41,M1III
HIP 20860,4.470359,83.80779,5.51,B5V
76    Tau,4.473167,14.740974,5.9,F0IV
75    Tau,4.473992,16.359672,4.96,K2IIIvar
HIP 20884,4.475589,1.380821,5.53,B3V
77The1Tau,4.476248,15.962181,3.84,G7III
Ain,4.476943,19.180431,3.53,K0III
HIP 20892,4.47751,-19.458874,5.95,K2III
Chamukuy,4.477705,15.870883,3.4,A7III
79    Tau,4.480601,13.047602,5.02,A7V
HIP 20904,4.481108,30.361492,6.38,F7V
HIP 20922,4.485257,-13.04837,5.61,B2V:ne
HIP 20934,4.488909,-46.51527,6.13,K1III
HIP 20982,4.500159,83.340379,5.47,G8III
HIP 20985,4.500636,10.262214,6.47,G8III
80    Tau,4.502388,15.63784,5.58,F0V...
HIP 20997,4.502779,-13.592372,6.22,K0III
HIP 21029,4.509342,16.194014,4.78,A6IV
83    Tau,4.510378,13.724402,5.4,F0V
HIP 21038,4.510669,32.457768,6.18,B9.5Vn
81    Tau,4.510802,15.691879,5.47,Am
HIP 21042,4.511203,-35.653504,5.95,K0II
HIP 21053,4.512998,16.148696,6.5,F5V
Del Cae,4.513916,-44.953749,5.07,B2IV-V
HIP 21082,4.518664,15.105037,6.28,M3III
HIP 21108,4.523361,40.010193,6.25,B8V
HIP 21110,4.523848,-13.644222,6.25,A2/A3V
85    Tau,4.531043,15.85156,6.01,F4V...
45    Eri,4.531296,-0.044011,4.91,K3II-III
HIP 21144,4.532485,36.742688,6.35,G5
1    Cam,4.533845,53.91083,5.78,B0III SB
HIP 21152,4.534669,5.410035,6.37,F5V
HIP 21192,4.543765,-3.209541,5.76,B9III
HIP 21239,4.556135,-10.785333,6.06,K0
57    Per,4.556917,43.063893,6.09,F0V
HIP 21247,4.558511,72.528605,5.94,A8m
50Ups1Eri,4.55849,-29.766492,4.49,K0III
HIP 21251,4.55918,18.016722,6.24,B9IVn
HIP 21253,4.559453,-62.823677,5.79,K1III
HIP 21269,4.563382,9.413567,6.01,G8III
86Rho Tau,4.564143,14.844424,4.65,A8V
46    Eri,4.565202,-6.738908,5.71,B9p Si
Alp Dor,4.566598,-55.044975,3.3,A0V:
HIP 21295,4.568963,5.568616,5.67,A2Vs
47    Eri,4.569897,-8.231352,5.2,M3III
HIP 21297,4.569936,-8.970258,5.24,K4III
HIP 21298,4.570609,-6.837809,6.09,K2III
HIP 21323,4.57722,28.96115,5.88,B9p...
HIP 21324,4.577261,-24.0405,6.37,K1III
HIP 21363,4.58353,-19.921384,6.12,K2IIICN...
Theemin,4.592512,-30.562341,3.81,G8III
88    Tau,4.594239,10.16079,4.25,A5m
HIP 21408,4.595156,19.881791,6.33,G5II-III+..
Aldebaran,4.598677,16.509301,0.87,K5III
HIP 21428,4.600465,-3.611641,6.34,B7III
48Nu  Eri,4.605317,-3.352459,3.93,B2III SB
HIP 21452,4.606727,64.261602,5.91,A1V
HIP 21459,4.608092,23.340855,6.01,F5IV
58    Per,4.611508,41.264808,4.25,G8II comp
HIP 21479,4.612677,-62.077154,5.59,M8e
HIP 21486,4.614148,-30.716779,6.28,Ap...
HIP 21515,4.620465,0.998314,5.32,B7V
HIP 21517,4.620772,18.543031,6.49,F5Ib
HIP 21525,4.622017,-41.872944,6.4,A3Vs...
51    Eri,4.626703,-2.473548,5.22,F0V
89    Tau,4.635956,16.033291,5.78,F0V
90    Tau,4.635961,12.510838,4.27,A6V
Sceptrum,4.63634,-14.30402,3.86,K1III
HIP 21604,4.637731,20.684722,5.85,B8V
HIP 21611,4.639372,-77.656003,6.05,K2III
HIP 21644,4.64821,-12.123121,4.99,A0V
HIP 21666,4.651194,-51.672752,6.45,K2III
HIP 21670,4.65171,7.870976,5.38,A5m
91Sig1Tau,4.65256,15.799846,5.08,A4m
92Sig2Tau,4.654583,15.917977,4.67,A5Vn
HIP 21685,4.655475,-14.359192,5.46,K0III
HIP 21689,4.65643,25.218274,6.21,A5Vn
HIP 21718,4.663117,-1.052459,6.11,K0
3    Cam,4.66519,53.079535,5.07,K0III SB
2    Cam,4.666126,53.473021,5.36,A8V
93    Tau,4.667616,12.197609,5.45,B8IV
HIP 21743,4.668557,-24.482368,5.56,G6/G8III
54    Eri,4.674031,-19.671493,4.32,M3/M4III
Alp Cae,4.676039,-41.863752,4.44,F2V
HIP 21819,4.688822,28.614994,5.73,A2V
HIP 21823,4.690032,48.300881,5.66,A0V
HIP 21847,4.697283,38.280182,5.97,G0V
Bet Cae,4.700965,-37.144297,5.04,F3V
94Tau Tau,4.704084,22.956926,4.27,B3V
Lam Pic,4.712899,-50.481334,5.3,K0/K1III
59    Per,4.715089,43.365138,5.3,A1Vn
Mu  Men,4.717764,-70.931027,5.53,B9IV
HIP 21958,4.719249,-30.765557,5.66,K3III
95    Tau,4.720488,24.08892,6.18,F7IV-V
HIP 21972,4.722665,49.973789,5.86,B9III
55    Eri,4.726318,-8.794317,5.98,F4IIIp (Sr)
HIP 21998,4.728964,-41.064788,6.24,K3/K4III
HIP 22003,4.730068,32.865459,6.49,A8V
56    Eri,4.734811,-8.503571,5.78,B2Ve
HIP 22028,4.73555,-18.666586,5.53,A1V
HIP 22034,4.736949,40.786454,6.09,B8IVn
Kap Dor,4.739205,-59.732733,5.28,A8/A9III/IV
HIP 22044,4.740508,11.146137,5.39,F0V
HIP 22081,4.749419,-63.229715,6.46,K0/K1III
HIP 22086,4.751156,-21.283383,5.72,K4III
57Mu  Eri,4.758375,-3.254657,4.01,B5IV
HIP 22128,4.761796,23.627996,6.34,B5III
HIP 22144,4.765406,-39.356619,6.04,K1III
HIP 22152,4.766786,76.611042,6.46,F7V
HIP 22157,4.76715,11.705591,5.35,Am...
HIP 22176,4.771341,18.734693,5.99,K4III
HIP 22189,4.773379,-2.954532,6.33,A2V
HIP 22192,4.773819,-28.087444,6.18,A2IV/V
HIP 22220,4.779021,40.31259,5.99,G9III
58    Eri,4.793413,-16.934456,5.49,G3V
Zet Cae,4.797104,-30.020372,6.35,K0III
4    Cam,4.800069,56.757183,5.29,A3m
HIP 22300,4.801942,55.602611,6.32,F0
59    Eri,4.809037,-16.329484,5.76,F8V
HIP 22336,4.810107,-5.674045,5.77,F8V
HIP 22354,4.812396,3.588526,6.04,K1III
HIP 22361,4.813968,75.941219,5.96,A9IV
HIP 22393,4.820235,31.437375,5.57,K2III
HIP 22407,4.821965,32.588191,5.84,A8m
HIP 22439,4.828402,-13.769669,6.27,F3/F5V
96    Tau,4.828912,15.904221,6.09,K3III
Tabit,4.830669,6.961276,3.19,F6V
HIP 22453,4.831846,37.488275,4.89,K4II
60    Eri,4.83656,-16.217159,5.03,K0III
HIP 22488,4.837828,-41.320848,6.06,F1III-IV
HIP 22508,4.843441,70.941528,6.36,A0IV
2Pi 2Ori,4.843534,8.900176,4.35,A1Vn
Iot Pic,4.848706,-53.461508,5.58,F0IV...
Iot Pic,4.849036,-53.459698,6.42,F0IV
HIP 22545,4.852594,48.740685,5.64,G9III
3Pi 4Ori,4.853434,5.605104,3.68,B2III SB
97    Tau,4.856239,18.839861,5.08,A7IV-V
HIP 22573,4.857837,-34.906286,5.82,A2/A3V
HIP 22597,4.862051,9.975078,6.11,B5V
HIP 22607,4.863885,13.655155,6.3,F5
HIP 22626,4.868109,63.505421,5.47,M2III
4Omi1Ori,4.875545,14.250642,4.71,M3Sv
2    Aur,4.877218,36.703187,4.79,K3III
HIP 22697,4.879754,27.897485,5.97,F2IV
HIP 22699,4.879933,42.586626,5.68,A3III
61Ome Eri,4.881575,-5.452695,4.36,A9IV
HIP 22717,4.884919,-72.40768,6.28,F8V
HIP 22720,4.886052,52.841155,6.4,A2V
5    Ori,4.889659,2.508225,5.33,M1III
HIP 22737,4.891803,-66.675413,6.43,M0/M1III
9Alp Cam,4.900836,66.342678,4.26,O9.5Ia SB:
8Pi 5Ori,4.904193,2.440672,3.71,B2III SB
6    Ori,4.913027,11.426006,5.18,A3V
HIP 22834,4.913273,7.779097,5.33,K1III
HIP 22840,4.914086,0.467167,5.98,B5V
HIP 22842,4.914233,44.060861,6.06,A0V
HIP 22844,4.914717,-58.547652,6.11,F3V
7Pi 1Ori,4.914924,10.150833,4.64,A0V
HIP 22847,4.915226,-39.628607,6.11,K3III
HIP 22850,4.916211,19.485388,6.36,F3IV
5    Cam,4.917537,55.259109,5.52,B9.5V
HIP 22860,4.918562,-16.74067,5.71,G8/K0III
Eta Men,4.919765,-74.936852,5.47,K6III
HIP 22881,4.921847,-16.417767,5.71,G6/G8III
HIP 22913,4.930598,15.040278,5.79,B9V
HIP 22923,4.932875,5.399024,6.5,A0V
HIP 22936,4.935299,52.869761,5.75,A2Vs
HIP 22938,4.935825,7.904696,6.42,F5
HIP 22949,4.937661,24.592218,6.33,F0
HIP 22955,4.938913,36.168537,6.1,B2Ib
9Omi2Ori,4.939521,13.514466,4.06,K2III
62    Eri,4.940052,-5.171356,5.5,B6V
Hassaleh,4.949894,33.16609,2.69,K3IIvar
HIP 23041,4.954775,-1.067258,6.25,F2
7    Cam,4.95478,53.752101,4.43,A1V
HIP 23043,4.956206,17.153677,5.51,K1III
HIP 23060,4.962412,-14.23192,6.15,B2V
99    Tau,4.963513,23.948562,5.79,G8III:
98    Tau,4.969275,25.050405,5.79,A0V
HIP 23092,4.969698,-2.212738,6.34,A2V
10Pi 6Ori,4.975806,1.714016,4.47,K2IIvar
Xi  Men,4.980829,-82.470512,5.84,G8III
HIP 23161,4.98317,14.54324,6.14,B7V
HIP 23166,4.983713,-16.376027,5.65,F5V
4Ome Aur,4.987612,37.890245,4.93,A1V
8    Cam,4.996204,53.155451,6.09,K4III
63    Eri,4.997348,-10.263325,5.39,G4V
64    Eri,4.998816,-12.537416,4.78,F0V
HIP 23251,5.003688,-78.300009,6.29,K5/M0III
5    Aur,5.005095,39.394701,5.95,F5V
HIP 23265,5.005755,81.194088,5.09,K3III
6    Aur,5.006449,39.654653,6.46,K4Iab:
HIP 23296,5.011058,-2.066032,6.31,A8IV
HIP 23311,5.013611,-5.753675,6.22,K3V
HIP 23362,5.023772,-20.051918,4.91,B9V
65Psi Eri,5.023985,-7.173965,4.8,B3V
HIP 23377,5.026257,-39.718046,6.02,G8III
HIP 23380,5.026676,61.077996,6.03,F4V
HIP 23408,5.030654,0.722112,5.91,K0
Almaaz,5.032815,43.823308,3.03,F0Ia
HIP 23419,5.03334,1.608865,6.45,B8V
HIP 23430,5.03606,-26.275029,5.01,K1III
HIP 23442,5.038832,74.269368,6.05,K5III
HIP 23446,5.039668,-31.771333,5.92,K2III
Saclateni,5.041301,41.075837,3.69,K4II comp
Bet Men,5.045279,-71.3143,5.3,G8III
1    Lep,5.045828,-22.795052,5.74,K1IV
HIP 23475,5.045943,-4.210121,5.86,K3
Eta1Pic,5.046861,-49.151407,5.37,F2V
HIP 23484,5.047327,66.822974,6.2,F6V:
102Iot Tau,5.051596,21.589962,4.62,A7V
HIP 23511,5.055177,41.441646,6.11,A2sh
10Bet Cam,5.05697,60.442245,4.03,G0Ib
HIP 23551,5.064479,-14.370231,6.42,B2IV
HIP 23554,5.064797,-24.388151,5.61,A2IV
HIP 23555,5.064986,-41.74495,6.3,F8V
HIP 23582,5.070216,73.763887,6.21,K0
HIP 23583,5.070712,30.494588,6.14,K0II-III
HIP 23589,5.072663,21.277931,6.2,K0
Gam1Cae,5.07344,-35.482978,4.55,K2III
Gam2Cae,5.073931,-35.705109,6.32,F2IV/V
11    Ori,5.076153,15.404105,4.65,A0p Si
HIP 23617,5.077683,74.066955,6.1,A1V
HIP 23643,5.081813,-3.039675,6.04,B5IV
Eta2Pic,5.082776,-49.577837,5.05,M2IIIvar
HIP 23653,5.083502,-54.407401,6.26,M2III
HIP 23668,5.087832,-26.152391,5.71,K2III
HIP 23680,5.089921,1.177627,6.1,N5
2Eps Lep,5.091018,-22.371032,3.19,K4III
Zet Dor,5.091853,-57.472704,4.71,F7V
HIP 23695,5.09225,19.806723,6.48,A5m
HIP 23724,5.100256,35.936388,6.49,A5V
11    Cam,5.102349,58.972372,5.22,B2.5Ve
HIP 23737,5.102575,-73.037673,6.26,A0V
12    Cam,5.103372,59.02134,6.08,K0III
HIP 23766,5.108245,61.169756,6.0,K5II
Haedus,5.10858,41.234474,3.18,B3V
HIP 23777,5.110206,-13.122622,6.04,B9.5/A0IV
9    Aur,5.111289,51.59772,4.98,F0V
66    Eri,5.112681,-4.655163,5.12,B9.5V
HIP 23799,5.113766,43.174705,6.2,F2IIp...
HIP 23818,5.119376,-19.391868,6.47,G2V
HIP 23831,5.1236,-12.491269,5.97,G2V
104    Tau,5.124164,18.645052,4.91,G4V
HIP 23840,5.126116,-63.399679,5.19,M3III
13    Ori,5.127309,9.47178,6.15,G1IV
106    Tau,5.130111,20.418379,5.28,A5V
HIP 23874,5.130502,-12.592658,6.33,M1III
Cursa,5.130829,-5.086446,2.78,A3IIIvar
14    Ori,5.131359,8.498429,5.33,Am
105    Tau,5.132066,21.704821,5.84,B2Ve
103    Tau,5.135173,24.265175,5.5,B2V...
HIP 23908,5.137016,-15.095354,6.38,K1III + F/G
HIP 23916,5.138942,-8.665324,5.8,B8V
68    Eri,5.145472,-4.456207,5.11,F2V
69Lam Eri,5.15244,-8.754081,4.25,B2IVn
16    Ori,5.155456,9.829579,5.43,A2m
Mago,5.160181,69.639401,6.43,K1III
15    Ori,5.161654,15.597232,4.81,F2IV
HIP 24017,5.162367,64.91949,6.37,F3V:
HIP 24019,5.162524,28.030461,5.93,A5m
HIP 24041,5.167573,-0.565323,6.11,K0III
HIP 24072,5.171891,37.301854,6.02,B2II: comp
HIP 24109,5.178585,46.96207,5.67,F5V
HIP 24114,5.179053,-25.910463,6.4,K1III/IV
HIP 24130,5.182785,-2.254114,6.24,G8III
HIP 24162,5.18866,-2.490782,5.89,F5V
HIP 24169,5.189686,-11.849089,5.6,M6.2III
HIP 24193,5.193976,29.90358,6.42,M2III
HIP 24197,5.194879,16.045673,5.18,K5III
HIP 24203,5.195931,1.037028,5.88,F5
3Iot Lep,5.204973,-11.869219,4.45,B8V
HIP 24254,5.206237,73.946674,5.44,B9p Si
HIP 24294,5.213369,-6.05719,5.9,G7III
5Mu  Lep,5.215528,-16.205468,3.29,B9IV: HgMn
HIP 24313,5.217451,61.85004,6.17,A2III
4Kap Lep,5.220522,-12.941291,4.36,B7V
17Rho Ori,5.221523,2.861265,4.46,K3III...
HIP 24332,5.221519,37.337309,6.48,F8
11Mu  Aur,5.223811,38.484498,4.82,A4m
14    Cam,5.225353,62.691132,6.49,A7Vn
HIP 24349,5.225432,1.967684,6.08,A5V
The Dor,5.229288,-67.185255,4.81,K2III
HIP 24377,5.229793,0.560423,6.33,M0V
HIP 24384,5.231482,-52.030755,6.03,K3III
HIP 24394,5.233319,-14.606872,6.22,A9II/III
HIP 24426,5.241346,-35.976996,5.75,G8III
Rigel,5.242298,-8.20164,0.18,B8Ia
HIP 24440,5.243205,76.472761,6.36,A0V
HIP 24450,5.245569,5.156151,5.5,K4III
HIP 24451,5.245631,53.213949,6.16,A0V
HIP 24479,5.253164,59.405687,6.15,K2III-IV
HIP 24493,5.255139,-1.40904,6.15,F0IV
HIP 24505,5.25677,-26.943509,5.06,B9V
14    Aur,5.256777,32.6876,5.01,A9IV
HIP 24507,5.256908,-73.588475,6.49,A6V
108    Tau,5.257682,22.284858,6.26,A2V
HIP 24520,5.26078,-52.182179,6.48,K2III
18    Ori,5.267815,11.341354,5.52,A0V
HIP 24560,5.2696,-11.352553,6.45,G0
HIP 24575,5.271708,34.312317,5.99,O9.5Vvar
HIP 24607,5.278067,1.947328,6.42,A0V
Capella,5.27815,45.997991,0.08,M1: comp
Omi Col,5.291411,-34.895207,4.81,K0/K1III/IV
20Tau Ori,5.293442,-6.844409,3.59,B5III
HIP 24679,5.294512,-13.519826,5.48,G8IV
16    Aur,5.302935,33.371613,4.54,K3III...
HIP 24732,5.30368,73.268071,5.81,A0V
HIP 24738,5.304359,42.792111,5.55,M4III
17    Aur,5.305249,33.767348,6.15,B9.5V
HIP 24771,5.311201,40.465124,6.22,K0
HIP 24786,5.314017,-18.13005,5.96,G0V
HIP 24799,5.316674,33.748394,5.38,A0p...
15Lam Aur,5.318995,40.099051,4.69,G0V
21    Ori,5.319783,2.595806,5.34,F5IIvar
HIP 24820,5.320748,20.134596,6.12,G8III+...
109    Tau,5.321278,22.096494,4.96,G8III
HIP 24825,5.32151,-18.519919,6.37,B5IV/V
Zet Pic,5.322813,-50.605967,5.44,F7III-IV
HIP 24831,5.323246,-27.368884,5.98,A0V
18    Aur,5.323261,33.985421,6.49,A7V
15    Cam,5.324404,58.117365,6.13,B5V
6Lam Lep,5.326257,-13.176788,4.29,B0.5IV
HIP 24847,5.326468,-1.411892,6.33,B1.5Vn
7Nu  Lep,5.333062,-12.315585,5.29,B7/B8V
19    Aur,5.333589,33.958054,5.05,A5IIvar
HIP 24881,5.333977,44.425383,6.49,K0
HIP 24902,5.337409,41.086212,5.46,A3V
HIP 24909,5.339086,-34.698856,6.34,F0/F2IV
HIP 24914,5.339615,62.653711,5.64,K4Iab:
HIP 24925,5.340669,-5.367528,6.4,B8III
HIP 24927,5.340811,-21.239763,4.7,A0V
HIP 24955,5.344635,66.746878,6.39,G5
HIP 24960,5.345489,2.54478,6.43,G8IV
HIP 24977,5.34906,19.814347,6.2,K0III
HIP 24984,5.349815,27.957262,6.35,B9IV
HIP 25001,5.353524,29.569884,5.66,A1Vs
HIP 25007,5.354684,-34.345051,6.05,B5II/III
HIP 25011,5.355363,4.011948,6.49,B5Vp
HIP 25028,5.358845,-0.416491,5.68,B3V
HIP 25041,5.3621,8.428556,5.78,B1V...
22    Ori,5.362708,-0.382465,4.72,B2IV-V
HIP 25045,5.362849,-24.772981,5.06,A2/A3
20Rho Aur,5.363448,41.804572,5.22,B5V
HIP 25059,5.365364,-17.603631,6.47,K0III
Kap Pic,5.372819,-56.134401,6.1,B8/B9V
HIP 25110,5.376036,79.231149,5.08,F6V
23    Ori,5.380556,3.544452,4.99,B1V
HIP 25143,5.380644,41.02926,5.54,A3V
HIP 25180,5.386665,-26.705433,6.49,F6V
HIP 25187,5.388475,-8.415595,5.99,B8+...
22    Aur,5.389686,28.936761,6.45,B9Vs
HIP 25194,5.390006,-39.678423,5.73,M2III
16    Cam,5.391065,57.544395,5.24,A0Vn
8    Lep,5.39171,-13.927352,5.25,B2IV
HIP 25205,5.391963,5.323086,6.34,A2V
110    Tau,5.393807,16.699298,6.09,A2IV
HIP 25223,5.395086,-0.159818,5.69,B1.5V
HIP 25240,5.397592,-0.866622,6.13,F7V
29    Ori,5.399119,-7.808065,4.13,G8III
111    Tau,5.407071,17.383534,5.0,F8V SB
HIP 25280,5.407914,-16.975781,5.64,A0V
28Eta Ori,5.407949,-2.397146,3.35,B1V + B2
27    Ori,5.40803,-0.891328,5.07,K0III
HIP 25288,5.410028,2.353165,6.33,B4IVn
HIP 25290,5.410674,31.223912,6.3,K1III...
HIP 25291,5.4107,31.143148,5.94,B9III
21Sig Aur,5.410873,37.385346,5.02,K4III
HIP 25301,5.412445,36.199945,6.49,K2
25Psi1Ori,5.412452,1.846445,4.89,B1V:pe
The Pic,5.412858,-52.316245,6.26,A0V
HIP 25317,5.415438,-44.225684,6.09,K1III
HIP 25322,5.416508,73.707198,6.48,M0
HIP 25329,5.417151,-10.328887,5.6,K5III
Bellatrix,5.418851,6.349702,1.64,B2III
HIP 25368,5.426805,-1.491294,6.44,B3V
HIP 25378,5.429727,0.520244,6.18,B2.5V
HIP 25397,5.433285,-19.695399,5.78,F5V
HIP 25401,5.43399,-5.518501,6.24,B9.5Vn
113    Tau,5.434923,16.700161,6.23,B2Vn
Elnath,5.438198,28.60745,1.65,B7III
Lam Dor,5.438687,-58.91252,5.14,G6III
HIP 25453,5.444119,6.868658,6.41,A0Vn
HIP 25471,5.44689,34.39181,5.92,A1p
30Psi2Ori,5.447286,3.095674,4.59,B2IV
HIP 25475,5.447578,33.262258,6.18,K0
HIP 25476,5.448422,35.457272,6.17,K2
HIP 25482,5.449948,-68.622544,6.02,F0IV/V
HIP 25486,5.451323,-11.900964,6.3,F7V:
HIP 25488,5.451478,-40.94351,5.86,A7m
HIP 25492,5.452298,30.208603,5.69,B9Ib
115    Tau,5.452804,17.962216,5.4,B5V
HIP 25502,5.45386,15.25763,6.18,A1IV
HIP 25505,5.454278,2.3412,6.36,K0
HIP 25532,5.460139,-21.375713,6.08,K0III
114    Tau,5.460579,21.936965,4.88,B2.5IV
24Phi Aur,5.460802,34.475892,5.08,K4IIIp
116    Tau,5.462669,15.874052,5.52,B9.5Vn
HIP 25580,5.466926,33.763703,6.41,F5
HIP 25582,5.467075,1.298251,6.41,B2V
117    Tau,5.467114,17.23913,5.77,M1III
Nihal,5.470756,-20.759441,2.81,G5II
HIP 25608,5.470926,-37.230767,5.56,A0V
HIP 25638,5.476326,13.678979,6.35,A4V
HIP 25667,5.482475,-3.307429,6.39,A0Vn
118    Tau,5.487916,25.150215,5.47,B9Vn
HIP 25708,5.489913,-3.446394,5.8,K1III...
HIP 25730,5.494626,29.186464,6.2,F6III
HIP 25732,5.494895,-0.802512,6.49,A2
31    Ori,5.49555,-1.092239,4.71,K5III
HIP 25751,5.498548,1.78926,5.77,B2V
HIP 25768,5.502632,-47.077655,5.46,G3IV
17    Cam,5.502835,63.06722,5.43,M1III
HIP 25776,5.503869,-84.785104,6.18,A1V
HIP 25781,5.504408,-63.927686,6.19,F0IV
HIP 25785,5.505534,4.204795,6.21,K2IIIvar
HIP 25786,5.505765,-7.434811,6.33,B2IV-V
HIP 25790,5.507268,15.360449,5.93,A3Vn
HIP 25806,5.51204,22.462255,6.29,K0
HIP 25810,5.512522,39.825916,6.38,G9III
32    Ori,5.51307,5.948139,4.2,B5V
HIP 25816,5.513514,41.461994,5.99,K0IIIp
10    Lep,5.518785,-20.863659,5.53,A0V
Eps Col,5.520209,-35.470519,3.86,K1II/III
33    Ori,5.520703,3.292133,5.46,B1.5V
HIP 25869,5.52247,-6.708379,6.23,B2V
HIP 25887,5.526666,-45.925317,5.86,K3III
HIP 25911,5.530002,85.938528,6.5,A5m
Gam Men,5.531318,-76.340964,5.18,K4III
36Ups Ori,5.532183,-7.301537,4.62,B0V
Mintaka,5.533445,-0.299092,2.25,O9.5II
119    Tau,5.536875,18.594234,4.32,M2Ib
HIP 25950,5.537262,17.058128,5.5,B7III
18    Cam,5.542707,57.221071,6.44,F8V
HIP 25976,5.543883,0.011933,6.15,K5
HIP 25980,5.54482,-1.591831,5.34,B1IV
25Chi Aur,5.545465,32.192022,4.71,B5Iab
Arneb,5.545504,-17.822289,2.58,F0Ib
HIP 25993,5.547613,-38.513371,5.45,K2/K3III
HIP 26001,5.549873,-64.227517,5.34,G8/K0III
HIP 26019,5.552049,-35.139376,5.75,K0III
HIP 26054,5.557612,32.80118,6.5,A2m
HIP 26063,5.558735,-1.156073,5.36,B1V
120    Tau,5.558786,18.540231,5.67,B2IV-Ve
Bet Dor,5.560421,-62.489825,3.76,F6Ia
HIP 26071,5.560616,34.72557,6.27,A3IV
HIP 26072,5.560788,20.474216,6.19,B6V
HIP 26079,5.562315,-54.902289,6.42,F8V
35    Ori,5.565079,14.305578,5.6,B3V
HIP 26104,5.567353,-7.02375,6.45,K0
HIP 26106,5.567747,-1.035726,6.24,B2.5V
HIP 26108,5.567791,-1.470253,5.92,K5III
38    Ori,5.571326,3.766895,5.32,A2V
HIP 26149,5.574802,-0.012345,6.25,G5
HIP 26169,5.579106,-73.741277,5.79,M2/M3III
37Phi1Ori,5.580344,9.489579,4.39,B0IV...
HIP 26190,5.582621,-61.176048,6.32,G5IV
HIP 26197,5.583613,-6.00927,5.67,B1Vvar
HIP 26199,5.584078,-6.002027,4.78,B0.5V
Meissa,5.585633,9.934158,3.39,O...
HIP 26215,5.587011,10.240093,5.6,B9IIIMNp...
HIP 26219,5.587631,-33.079724,5.76,K0III
41The1Ori,5.587728,-5.387315,4.98,O7
41The1Ori,5.587907,-5.389696,5.13,O6pe
HIP 26234,5.589532,-4.42432,6.24,B2.5V
43The2Ori,5.589695,-5.41606,4.98,O9.5Vpe
42    Ori,5.589768,-4.838358,4.58,B2III...
Hatysa,5.590551,-5.909901,2.75,O9III
121    Tau,5.590869,24.039589,5.37,B2.5IV
HIP 26263,5.593307,-3.25284,6.4,B3IV
Iot Men,5.593372,-78.820839,6.04,B8III
45    Ori,5.594301,-4.856067,5.24,F0III
HIP 26291,5.59875,27.662347,6.27,K0
HIP 26300,5.600791,-47.313746,6.1,K2III
HIP 26309,5.602859,-28.708015,6.26,A2III/IV
Alnilam,5.603559,-1.20192,1.69,B0Ia
HIP 26315,5.604432,47.71529,6.1,F0V:
HIP 26344,5.609784,54.428658,5.74,M0III
HIP 26345,5.609915,-6.064752,5.71,B1V...
HIP 26363,5.61456,40.182375,6.08,G3Ib
40Phi2Ori,5.615108,9.290673,4.09,G8III-IV
HIP 26368,5.615273,-66.560287,6.28,B9.5V
122    Tau,5.617704,17.040324,5.53,F0V
HIP 26386,5.617884,11.035005,5.97,K4II SB
HIP 26395,5.619103,-11.775515,6.1,A2V
Pi  Men,5.61916,-80.469122,5.65,G3IV
HIP 26396,5.619123,26.924473,5.83,B9IV-V
19    Cam,5.620852,64.15469,6.15,A0V
HIP 26410,5.621122,66.696692,6.26,A8Vn
Nu 1Col,5.621251,-27.871362,6.15,F0IV
HIP 26414,5.622031,8.951875,6.11,B2IV-V
HIP 26427,5.624266,-5.938391,6.03,B1Vvar
Tianguan,5.627413,21.142549,2.97,B4IIIp
Nu 2Col,5.629061,-28.68969,5.28,F5V
HIP 26463,5.62939,33.559167,6.36,K0
HIP 26477,5.631496,-4.814034,6.16,B2IV-V
HIP 26487,5.633644,7.54142,5.87,B8III
HIP 26515,5.638172,-50.640995,6.43,A0V
HIP 26535,5.643881,-6.573959,5.96,B1.5IV
26    Aur,5.643913,30.492412,5.4,A2V + GIII
HIP 26545,5.645424,-40.707306,5.81,B8V
48Sig Ori,5.645769,-2.600069,3.77,O9.5V...
49    Ori,5.648079,-7.212829,4.77,A4V
HIP 26571,5.64927,26.618068,6.45,G9III
HIP 26592,5.652417,41.358562,6.44,K0
47Ome Ori,5.653096,4.121467,4.5,B3IIIe
HIP 26602,5.654507,-17.849408,6.4,B4
HIP 26606,5.655087,29.215213,5.98,B2IV-V
HIP 26616,5.65753,21.762929,6.42,A1Vn
HIP 26623,5.658567,-9.706628,6.49,B7V
HIP 26624,5.658653,-3.564704,5.99,A8Vs
Phact,5.660817,-34.074108,2.65,B7IV
HIP 26638,5.662144,75.043871,6.19,M0III
125    Tau,5.662277,25.897091,5.18,B3IV
HIP 26649,5.663845,-32.629216,5.44,G6/G8III
HIP 26712,5.676641,31.358197,6.04,B9.5III-IVp
HIP 26713,5.677027,-2.825236,6.22,B1.5V
HIP 26718,5.678347,31.920607,6.23,M2SIab
Alnitak,5.679313,-1.942572,1.74,O9.5Ib SB
HIP 26728,5.679498,-10.408664,6.46,B9.5IIIp Si
HIP 26736,5.680754,-1.128787,4.95,B2IV-V
HIP 26762,5.684888,0.337753,5.93,F0IV
126    Tau,5.688255,16.534148,4.84,B3IV...
HIP 26779,5.688982,53.481058,6.21,K1V
HIP 26781,5.68916,29.487418,6.4,B8IV
HIP 26796,5.690812,-33.400741,6.35,B9.5V
HIP 26820,5.694538,-2.896457,6.41,A9IV-V
HIP 26821,5.694864,-16.72583,6.22,B4/B5III
HIP 26853,5.701107,22.660325,6.35,K2
HIP 26862,5.703217,-30.535442,6.18,A0V
12    Lep,5.703877,-22.373715,5.88,A2/A3V
HIP 26866,5.704021,-17.530376,6.15,K3III
HIP 26868,5.704221,-34.667812,5.29,B9/B9.5V
HIP 26882,5.707347,65.697649,5.62,K5III
51    Ori,5.707953,1.474629,4.9,K1III
HIP 26926,5.714976,-6.796168,5.97,F3V
24    Cam,5.71713,56.581522,6.05,K0III
HIP 26953,5.719255,-1.613248,6.31,K4III
HIP 26964,5.722084,23.204372,6.23,B2.5Ve
HIP 26966,5.722686,-18.557475,5.73,A0V
HIP 26981,5.725049,-39.406908,6.25,F3V
HIP 27001,5.728092,-45.832864,6.38,F0IIIn
23    Cam,5.735682,61.476536,6.17,G5III:
13Gam Lep,5.741057,-22.448382,3.59,F7V
HIP 27075,5.741221,-20.126573,6.34,F8/G0V
Del Dor,5.746223,-65.735526,4.34,A7V
HIP 27116,5.750358,12.888332,6.47,A3
HIP 27118,5.750498,4.008111,6.09,F0III:n
HIP 27164,5.758221,31.324825,6.5,K0
27Omi Aur,5.765012,49.826255,5.46,A0p...
Mu  Col,5.766637,-32.306435,5.18,B1IV/V
HIP 27212,5.767463,-4.268484,6.24,K1III...
HIP 27243,5.77427,-46.59718,5.31,K0/K1II
26    Cam,5.775106,56.115575,5.93,A4Vn
HIP 27253,5.776364,1.168193,5.95,G4V
129    Tau,5.779305,15.822497,6.0,B8IIIMNp...
HIP 27280,5.781149,9.522343,5.78,G8III
14Zet Lep,5.782595,-14.82195,3.55,A2Vann
HIP 27293,5.783346,51.520871,6.47,G5
HIP 27303,5.784605,-28.638913,6.22,B5III
HIP 27308,5.785501,-16.238079,6.18,G8III
131    Tau,5.786987,14.488322,5.72,A3Vn
HIP 27317,5.787036,-54.360728,6.19,K3III
HIP 27319,5.787412,42.526748,6.3,K0
Bet Pic,5.788079,-51.066514,3.85,A3V
HIP 27325,5.788524,-35.674075,6.29,K1III
130    Tau,5.79061,17.729141,5.47,F0III
HIP 27341,5.790803,-10.532958,6.04,A4V
HIP 27346,5.792291,63.598848,6.49,G5
HIP 27353,5.792963,25.568623,6.48,K1III
133    Tau,5.795252,13.899599,5.28,B2IV-V
Saiph,5.795941,-9.669605,2.07,B0.5Iavar
52    Ori,5.800065,6.454156,5.26,A5V
HIP 27421,5.806213,20.869481,6.03,B9Vn
HIP 27435,5.809706,-4.094648,5.97,G4V
132    Tau,5.816935,24.567535,4.88,G8IIIvar
HIP 27472,5.817963,62.80819,6.18,A4V
29Tau Aur,5.819567,39.181071,4.51,G8III
134    Tau,5.825814,12.651324,4.89,B9IV
HIP 27512,5.826146,-44.875394,6.38,K1III
HIP 27517,5.826817,-14.483665,5.49,G8III
Gam Pic,5.830451,-56.166663,4.5,K1III
HIP 27533,5.831528,-22.971872,5.87,A1V
Eps Dor,5.831539,-66.901187,5.1,B6V
HIP 27549,5.834079,9.871218,5.79,G8III
HIP 27560,5.836962,4.423406,5.96,K2III
Kap Men,5.837999,-79.361362,5.46,B9.5V
HIP 27583,5.84134,-52.767879,6.32,K0/K1III
135    Tau,5.841363,14.305608,5.54,G9III:
HIP 27588,5.841674,2.0247,5.97,G8III+...
HIP 27621,5.848117,-52.108873,5.16,G8III
HIP 27625,5.848976,51.514583,6.29,K1III
Wazn,5.849329,-35.768309,3.12,K1.5III
HIP 27629,5.849475,27.967861,5.6,G7III:
31Ups Aur,5.850675,37.305573,4.72,M1III
15Del Lep,5.855357,-20.879089,3.76,G8III/IV
55    Ori,5.856107,-7.518003,5.36,B2IV-V
HIP 27660,5.856416,-64.033566,6.35,G8III
HIP 27661,5.857153,32.124694,6.28,M3III
HIP 27670,5.857948,-22.926947,6.16,K0IIICN...
32Nu  Aur,5.858166,39.14848,3.97,K0III
HIP 27705,5.866552,-29.449426,6.47,K3III
HIP 27713,5.868814,-9.0419,5.95,A2Vn
30    Cam,5.87146,58.964088,6.14,A0Vs
HIP 27737,5.872276,-57.156191,5.93,F7IV
137    Tau,5.872859,14.171787,5.6,B9p...
HIP 27747,5.873168,19.867849,5.96,B9V + G
56    Ori,5.874011,1.855134,4.76,K2IIvar
HIP 27766,5.875883,-37.631063,5.62,K1III
HIP 27777,5.877685,39.574705,6.4,A2V
HIP 27778,5.877803,33.917462,6.04,M2II:
HIP 27795,5.88208,68.471541,6.22,G9III
Lam Col,5.885245,-33.801361,4.88,B5V
136    Tau,5.88879,27.612262,4.56,A0V
HIP 27890,5.901658,-63.089627,4.65,K1III/IV
HIP 27900,5.903708,10.586403,6.13,G9II
HIP 27901,5.903896,-29.147206,6.34,F3V
HIP 27902,5.904377,3.225641,6.3,K0
54Chi1Ori,5.906386,20.276174,4.39,G0V
HIP 27937,5.911422,-49.62701,6.11,B3V
HIP 27938,5.912119,-11.774192,5.62,K3 comp
HIP 27939,5.912232,0.968615,5.99,K0III
HIP 27947,5.913916,-52.635481,5.29,F0Ve...
30Xi  Aur,5.914107,55.706947,4.96,A2V
HIP 27955,5.91458,-39.957857,5.55,M0III
57    Ori,5.915746,19.749614,5.92,B2V
31    Cam,5.916063,59.888367,5.2,A2V
HIP 27973,5.916387,31.701496,5.9,A5IV
Betelgeuse,5.919529,7.407063,0.45,M2Ib
Xi  Col,5.924975,-37.120668,4.97,K1IIICN...
HIP 28011,5.925048,-4.616546,5.87,K2III:
HIP 28019,5.926491,-4.788587,6.28,A2III
HIP 28085,5.937296,-22.839975,5.95,K0/K1III
Sig Col,5.939151,-31.38244,5.52,F2III
16Eta Lep,5.940082,-14.1677,3.71,F1V
HIP 28110,5.941121,9.509396,5.97,A0IV
HIP 28117,5.942713,28.942266,6.35,A2II
HIP 28118,5.942899,-23.21531,6.37,K0III
HIP 28138,5.946946,-31.976247,6.44,G8III
HIP 28139,5.947069,11.521058,5.89,K2III
HIP 28154,5.948922,24.249689,6.03,A0Ia
HIP 28180,5.953992,-53.425693,6.48,K5/M0III
Gam Col,5.958947,-35.28328,4.36,B2.5IV
HIP 28205,5.959716,66.096099,6.24,K0
HIP 28232,5.965137,1.22431,6.22,M0III
139    Tau,5.966571,25.953912,4.81,B1Ib
HIP 28252,5.96992,-0.994018,6.21,K0
59    Ori,5.973456,1.837108,5.89,A5me del Del
HIP 28287,5.977097,-44.034562,5.81,G8II
60    Ori,5.980437,0.552979,5.21,A1Vs
HIP 28302,5.981455,12.808264,5.7,K2III...
1    Mon,5.983633,-9.382223,6.15,F2IV
2    Mon,5.984531,-9.55825,5.04,A6m
Eta Col,5.985778,-42.815135,3.96,K0III
HIP 28343,5.989384,49.92454,5.9,G5III
33Del Aur,5.992111,54.284656,3.72,K0III
Menkalinan,5.992149,44.947433,1.9,A2V
Mahasim,5.995351,37.212585,2.65,A0p Si
HIP 28385,5.996063,55.320857,6.42,A5m
HIP 28390,5.996652,54.547009,6.14,K2III
35Pi  Aur,5.998917,45.936736,4.3,M3IIvar
HIP 28413,6.00093,-3.074253,4.53,K2IIIvar
HIP 28434,6.004905,-12.900034,6.21,F2IV
HIP 28438,6.005252,44.592013,6.21,K2III...
HIP 28484,6.013661,-51.216319,5.65,A1m...
36    Aur,6.016267,47.901923,5.71,B9.5p SiFe
HIP 28500,6.016793,27.572362,6.04,B9Iab
HIP 28517,6.019457,31.034517,6.18,A2V
HIP 28520,6.020305,-25.417763,6.04,A0V
HIP 28524,6.021194,-33.911835,5.54,K5III
HIP 28532,6.022272,85.182113,6.17,M0III
HIP 28561,6.02823,22.401001,6.36,B8V
HIP 28562,6.028627,48.959445,5.98,K0
3    Mon,6.030673,-10.59793,4.92,B5III
HIP 28596,6.035924,-60.09683,6.41,M4III
61Mu  Ori,6.039722,9.647276,4.12,Am...
HIP 28622,6.042726,-14.497157,6.2,K0III
HIP 28634,6.04587,47.809529,6.49,F5
HIP 28637,6.046833,49.905678,6.04,B9.5IV
HIP 28642,6.048193,43.378334,6.38,K0
HIP 28644,6.048657,32.635697,6.23,F4V
HIP 28656,6.051198,57.018314,6.5,G5
HIP 28675,6.054333,-26.284544,5.03,K3II/IIICNv
38    Aur,6.054982,42.911564,6.08,K0III
HIP 28686,6.05688,11.681065,6.09,A0Vs
64    Ori,6.057602,19.690561,5.14,B8V
62Chi2Ori,6.065329,20.138452,4.64,B2Iavar
1    Gem,6.068671,23.263341,4.16,G7III
HIP 28744,6.070417,-6.708941,5.19,B2Vne+
HIP 28756,6.072296,-32.17243,5.65,B2V
HIP 28764,6.074572,-45.036603,6.35,G0IV-V
HIP 28765,6.074752,51.573395,6.39,A7III
HIP 28790,6.077811,-45.078932,5.93,F4V
63    Ori,6.082829,5.41997,5.67,G7III:
66    Ori,6.082878,4.158671,5.63,G4III
17    Lep,6.083091,-16.484435,4.92,Ap shell
HIP 28820,6.084051,37.964272,6.32,K0III+...
39    Aur,6.084276,42.981635,5.9,F3V
HIP 28829,6.085619,59.39321,6.32,K1III-IV
HIP 28831,6.085924,75.585919,6.28,K5
HIP 28854,6.090842,-10.242596,5.88,F4V:
HIP 28855,6.090882,-35.513647,5.8,A0V
HIP 28861,6.09275,33.59905,6.23,B9sp...
HIP 28899,6.101538,-29.758624,5.79,A1V
HIP 28908,6.102375,35.38774,6.12,G0V
18The Lep,6.10259,-14.935254,4.67,A0V
Eta1Dor,6.102603,-66.039621,5.72,A0V
HIP 28930,6.106235,29.512414,6.01,M3II comp
HIP 28943,6.108916,-23.110846,5.46,A2V
40    Aur,6.109749,38.482644,5.35,A4m
HIP 28949,6.11076,-4.193836,5.37,B5IV
HIP 28951,6.110883,63.453838,6.42,K0
Pi 1Col,6.111402,-42.298804,6.15,Am
HIP 28984,6.115976,-21.812299,5.74,M3II/III
HIP 28988,6.117187,-45.09151,6.48,K1III
HIP 28991,6.117604,-62.154581,5.04,K2/K3III
HIP 28992,6.117686,-34.312021,5.82,B4Vnn
HIP 29025,6.124099,41.854282,6.15,K0III
Elkurud,6.125453,-37.25292,5.0,B8:IV
67Nu  Ori,6.126201,14.768472,4.42,B3IV
19    Lep,6.128233,-19.165866,5.28,M1III
Pi 2Col,6.13135,-42.154043,5.5,A0V
HIP 29114,6.13976,41.055726,6.34,G9III
HIP 29129,6.142953,-44.356212,6.26,B8II
Nu  Dor,6.145643,-68.843409,5.06,B8V
HIP 29140,6.146584,-6.821373,6.46,G5
HIP 29150,6.149407,-22.427412,5.49,A0V
HIP 29151,6.149418,2.499692,5.7,A3Vn
HIP 29178,6.15561,-18.126385,6.36,B9Vn...
HIP 29185,6.156508,-49.562831,6.48,F8V
HIP 29196,6.15901,22.190262,5.93,K4III
HIP 29205,6.15959,-14.584619,5.56,K2III
HIP 29210,6.16007,-5.711429,6.16,F3IVw
3    Gem,6.162218,23.113466,5.75,B2.5Ib
HIP 29233,6.163096,-26.701086,6.27,G8/K0III
HIP 29234,6.163322,-22.774343,5.71,F5V
37    Cam,6.16639,58.935694,5.35,G8III
HIP 29263,6.169558,-40.353792,5.54,M2II/III
Alp Men,6.170632,-74.753045,5.08,G5V
Del Pic,6.171642,-54.968645,4.72,B0.5IV
HIP 29294,6.1763,-27.154343,5.72,K1III
HIP 29304,6.177758,-45.281988,6.28,A0V
HIP 29323,6.183671,-6.754221,6.15,A0sp...
HIP 29326,6.183825,18.130465,6.37,K1II
HIP 29348,6.187117,60.453487,6.48,M0
HIP 29347,6.187127,-26.4821,6.08,B9.5IV/V
Eta2Dor,6.1875,-65.589417,5.01,M2.5III
HIP 29371,6.191086,13.638561,6.04,A0Vnn
5    Gem,6.192307,24.420253,5.83,K0III
41    Aur,6.193496,48.710989,5.78,A3V+...
HIP 29401,6.195477,-4.66544,6.18,B9MNp...
HIP 29404,6.196087,52.647186,6.28,A5m
HIP 29417,6.197726,-6.550287,5.06,B2V
70Xi  Ori,6.198999,14.208765,4.45,B3IV
68    Ori,6.200372,19.790543,5.76,B9.5V
69    Ori,6.200911,16.130406,4.95,B5Vn
HIP 29451,6.20559,32.69338,5.78,M1III
36    Cam,6.214182,65.718422,5.36,K2II-III
HIP 29509,6.216548,6.016258,6.45,M...
HIP 29525,6.220139,10.627144,6.43,G8V
HIP 29568,6.22925,-23.861938,6.37,G5V
HIP 29569,6.229262,51.172469,6.07,K1III
HIP 29575,6.231732,-3.741374,5.83,G8III
HIP 29616,6.241273,17.906353,5.86,A6m
HIP 29629,6.243529,-4.568457,5.83,B5V
71    Ori,6.247467,19.156448,5.2,F6V
5Gam Mon,6.247592,-6.274776,3.99,K3III
Propus,6.247961,22.506799,3.31,M3III
HIP 29679,6.252334,-20.272186,5.88,K2III
HIP 29678,6.252353,13.851098,5.91,B1V
HIP 29692,6.254923,-18.477163,5.99,K1III
44Kap Aur,6.256304,29.498076,4.32,G8IIIvar
72    Ori,6.25698,16.143175,5.34,B7V
HIP 29705,6.257263,-9.035757,6.09,B9III
HIP 29711,6.258243,-4.914719,5.99,A5IVs
HIP 29716,6.259518,-0.512189,5.62,F6V
HIP 29728,6.26116,6.066166,6.07,B6V
40    Cam,6.261257,59.998975,5.37,K3III
HIP 29735,6.262468,-13.718414,5.0,B9V
73    Ori,6.26249,12.551067,5.44,B9II-III
HIP 29746,6.264992,1.169078,6.37,F5IV:
HIP 29771,6.268803,-16.618006,5.97,B2/B3V
HIP 29788,6.271892,-59.213504,6.44,G1V
8    Gem,6.271957,23.970027,6.09,G8III
HIP 29798,6.273276,17.181607,6.39,K5II
74    Ori,6.274061,12.272163,5.04,F5IV-V
Kap Col,6.275871,-35.140519,4.37,G8II
HIP 29808,6.276553,-39.264394,6.0,A2Vm...
9    Gem,6.282974,23.740909,6.24,B3Ia
HIP 29842,6.283675,-37.737445,5.54,K2III
HIP 29843,6.284331,-22.715229,6.05,F8/G0V
75    Ori,6.285172,9.94239,5.39,A2V
HIP 29852,6.285991,-37.253498,5.88,A2V
HIP 29860,6.287816,5.100112,5.7,G0.5Vb
HIP 29895,6.294923,-16.815908,5.15,K1III
HIP 29913,6.297706,-52.733031,6.4,K2/K3III
1    Lyn,6.298563,61.515286,5.01,M3III
HIP 29931,6.301558,14.382859,6.12,A3V
HIP 29941,6.303813,-19.966974,5.51,B2/B3V
43    Aur,6.304684,46.360443,6.33,K2III
HIP 29982,6.311209,9.047183,6.24,K0
HIP 29993,6.313553,-15.024954,6.04,M1III:
HIP 29996,6.314051,-9.390018,5.36,K1III
HIP 29997,6.314105,69.319787,4.76,A0Vn
HIP 30011,6.316382,-20.925611,5.79,B3II/III
HIP 30019,6.317178,17.325259,6.27,B9IIIsp...
HIP 30028,6.31887,-8.586012,6.22,B9V
2    Lyn,6.327052,59.010964,4.44,A2Vs
HIP 30062,6.32727,-22.103119,6.29,K3III
HIP 30069,6.328043,-34.396591,5.76,B9V
7    Mon,6.328555,-7.822908,5.27,B2.5V
HIP 30093,6.333222,-2.944493,4.91,M1III
HIP 30099,6.334507,14.651127,5.67,K3Ib
Furud,6.338553,-30.063367,3.02,B2.5V
HIP 30141,6.3431,-23.637963,6.49,K0III
HIP 30143,6.3434,-34.144144,5.55,B3V
HIP 30190,6.351509,-11.817324,6.32,K5
HIP 30200,6.35331,29.540816,6.41,A1Vs
HIP 30214,6.356865,-11.773238,5.48,B1Vpe SB
HIP 30217,6.357158,2.268522,6.3,A4.5V
HIP 30218,6.357201,17.763503,6.32,G9:III:
45    Aur,6.362811,53.452179,5.34,F5III...
4    Lyn,6.367654,59.372099,6.05,A3V
Del Col,6.368564,-33.4364,3.85,G7II
HIP 30318,6.376776,12.570237,6.0,F0III
Pi 1Dor,6.37729,-69.984043,5.56,K5III
Mirzam,6.378329,-17.955918,1.98,B1II/III
Nu  Pic,6.382179,-56.369969,5.6,Am
Tejat,6.382673,22.513586,2.87,M3IIIvar
HIP 30352,6.383741,-63.683136,6.3,M1III
HIP 30357,6.385103,56.976349,6.47,K1III
HIP 30376,6.387355,-31.790312,6.31,G8III
HIP 30382,6.38847,3.764489,6.41,B3V
HIP 30407,6.393311,-9.874727,6.11,K5
8Eps Mon,6.396135,4.592865,4.39,A5IV
HIP 30420,6.396151,-15.071257,6.27,K2/K3III
HIP 30423,6.396367,-58.543871,6.47,A3V
HIP 30436,6.398866,-25.577629,5.61,K5III
Canopus,6.399195,-52.69566,-0.62,F0Ib
HIP 30444,6.400281,-36.707764,5.62,K1II/III
HIP 30448,6.400634,8.885014,6.24,B8Vn
HIP 30457,6.402867,-11.530088,5.21,K3III
HIP 30463,6.40385,-60.281325,5.78,A0V
HIP 30468,6.405716,-12.961939,6.12,B4V
HIP 30480,6.407384,-63.428929,6.45,G3III/IV
HIP 30501,6.412152,25.048714,6.35,K2III
HIP 30503,6.412193,-28.780112,6.37,G2V
HIP 30505,6.41236,-40.283979,6.3,B9V
HIP 30517,6.414658,16.05713,6.35,G9III
46Psi1Aur,6.414973,49.287893,4.92,K5Iabvar
HIP 30524,6.415501,-63.828144,6.26,B6V
HIP 30541,6.420278,7.085713,6.26,K1Iabv SB
HIP 30545,6.421263,-0.945883,5.88,F8V
HIP 30564,6.424493,14.721992,6.3,C5II
Pi 2Dor,6.424623,-69.690299,5.37,G8III
HIP 30566,6.425001,-35.064153,6.24,K3III
HIP 30570,6.425816,23.327169,6.05,A2Vn
HIP 30591,6.428793,-48.176898,5.76,B9V
HIP 30595,6.42976,-3.889032,6.33,G9III
HIP 30602,6.431202,11.125884,6.39,A0
HIP 30608,6.433008,-7.894983,6.4,A4V
HIP 30627,6.435986,-3.515691,6.42,G5
HIP 30651,6.440514,56.285096,5.53,A3m
HIP 30660,6.442901,-4.5974,6.16,B2.5V
HIP 30666,6.444329,-1.507336,5.87,A3Vn
HIP 30669,6.445183,-14.603429,6.32,K0/K1III
HIP 30675,6.445792,-7.511936,6.35,A0Vn
5    Lyn,6.44691,58.417409,5.21,K4III
HIP 30700,6.450243,-4.355659,6.5,B4V
HIP 30703,6.451147,-58.002116,5.82,K3III
HIP 30706,6.452107,-37.895507,6.48,F3V
HIP 30711,6.45316,-25.856496,6.05,F8/G0V
HIP 30717,6.453823,0.299246,5.19,K1II
HIP 30720,6.454331,-0.275999,5.55,K5III
HIP 30728,6.455681,2.908288,5.55,G9III
HIP 30741,6.459867,32.562946,6.43,K0
16    Gem,6.465742,20.49632,6.22,A2Vs
10    Mon,6.465992,-4.762154,5.06,B2V
Lam CMa,6.469503,-32.58007,4.47,B4V
HIP 30794,6.47069,70.53532,6.03,A4V
HIP 30798,6.471324,1.912679,6.48,B9V
HIP 30804,6.471893,10.303893,6.16,K2III-IV
HIP 30815,6.47446,16.238386,6.24,G5
48    Aur,6.476136,30.493034,5.75,F5.5Ibv
HIP 30836,6.477061,-17.466009,5.76,K0III
HIP 30840,6.477568,-32.371279,5.74,B5IV
HIP 30849,6.47845,-41.074877,6.32,F2/F3V
11Bet Mon,6.480297,-7.033062,3.76,B3Ve
18Nu  Gem,6.482719,20.212133,4.13,B6III
HIP 30906,6.487448,2.646194,6.17,M1
HIP 30932,6.491255,-56.852766,5.2,K0III
HIP 30953,6.496969,-50.239085,5.28,F2V
47    Aur,6.500827,46.685554,5.88,K4III
HIP 30973,6.500836,-65.568242,6.28,F0III
HIP 30986,6.503132,-10.081511,5.92,K0
HIP 30988,6.503283,-19.214889,6.44,M0/M1III
HIP 31024,6.50969,-13.148172,6.16,B2III
HIP 31037,6.512858,-27.769575,5.92,B3IV/V
6    Lyn,6.51309,58.162633,5.86,K0IV
HIP 31056,6.516638,-40.916253,6.19,K3III
HIP 31066,6.519323,11.251375,6.17,B2V:nne
HIP 31068,6.519624,-61.879545,6.15,B3V
HIP 31072,6.520304,-35.25884,5.82,G8III+...
HIP 31079,6.521744,-51.825953,5.58,F8V
HIP 31084,6.523068,-12.391953,5.16,K1III
HIP 31086,6.523333,-32.868548,6.31,M4III
HIP 31099,6.526374,-36.940027,6.26,M2/M3III
19    Gem,6.527065,15.903501,6.38,A8V
HIP 31119,6.530083,11.544412,5.22,A3V
HIP 31121,6.530573,-8.158235,5.43,K2III
4Xi 1CMa,6.530935,-23.418422,4.34,B1III
Mu  Pic,6.532864,-58.753835,5.69,B9V
HIP 31158,6.538485,17.784349,6.26,F6V...
12    Mon,6.538668,4.855999,5.88,K0V
HIP 31165,6.539271,-37.696702,5.25,G8III
HIP 31167,6.539758,-5.86882,5.6,F0Vnn+...
HIP 31168,6.539798,11.67352,6.08,K0III
HIP 31173,6.540885,32.454898,5.82,A3m + A3m
HIP 31190,6.54416,-32.030447,5.73,B2V
HIP 31205,6.546354,-11.166381,6.3,K0III:...
13    Mon,6.548396,7.332965,4.47,A0Ib
HIP 31241,6.552844,-38.62519,6.44,G8III
HIP 31265,6.557304,-52.329234,6.18,G8III
HIP 31266,6.557409,-20.923961,6.39,K0III+...
HIP 31277,6.560046,14.155163,5.57,K2III:
HIP 31278,6.560534,-1.220154,5.09,B5Vn
HIP 31299,6.563745,-36.232029,5.42,K3III
7    Lyn,6.575777,55.353042,6.45,K0III:
HIP 31362,6.576481,-32.716255,5.62,B9V
14    Mon,6.579533,7.572482,6.44,A0Vs
HIP 31407,6.58294,-52.975607,4.35,B9III
5Xi 2CMa,6.584274,-22.964793,4.54,A0III
49    Aur,6.586684,28.022314,5.26,A0Vnn
HIP 31446,6.58773,0.890216,5.78,B8Ib
HIP 31448,6.588221,9.988335,5.93,K4III
HIP 31457,6.590061,-36.779879,5.59,A0V
HIP 31469,6.591894,-22.109053,6.32,K0III
HIP 31509,6.598344,-36.088632,6.36,F6V
6Nu 1CMa,6.606347,-18.659904,5.71,G8/K0III+..
HIP 31579,6.609121,38.4455,5.4,C5II
HIP 31583,6.609814,-5.211143,5.52,B8V
7Nu 2CMa,6.611399,-19.255879,3.95,K1III+...
HIP 31593,6.611407,-22.614732,6.35,B3V
HIP 31599,6.612944,-13.321036,5.95,K4/K5III
HIP 31603,6.614243,-41.557141,6.36,K0II
HIP 31617,6.617191,-38.146506,6.03,K0III
HIP 31637,6.62051,-36.990651,5.72,B6IV
HIP 31646,6.623345,6.135382,6.05,O8e
HIP 31650,6.624247,24.590851,6.44,A3V
HIP 31662,6.626915,10.853293,6.39,K0
11    Lyn,6.627332,56.857531,5.87,A2V
HIP 31672,6.627868,2.704158,6.17,K1III
HIP 31674,6.627998,-12.985116,6.11,K1III:
8    Lyn,6.6282,61.481233,5.94,G8IV-V
Alhena,6.628528,16.399252,1.93,A0IV
Nu  Pup,6.629353,-43.195934,3.17,B8III SB
HIP 31688,6.629891,-32.339735,5.25,K1III
HIP 31697,6.631307,4.95667,6.14,B1Ib
8Nu 3CMa,6.631506,-18.237478,4.42,K0II/III
HIP 31703,6.631984,73.695636,6.26,F2
HIP 31711,6.633443,-61.533387,6.15,G1/G2V
HIP 31733,6.639016,-2.543897,6.14,K2
HIP 31736,6.639697,-23.580321,6.48,A2V
53    Aur,6.639725,28.984354,5.76,B9npe...
HIP 31758,6.643174,-16.873547,6.01,A0IV
HIP 31765,6.643787,-48.220183,5.05,G8III
HIP 31766,6.643941,1.613518,6.23,O9.5II
51    Aur,6.644317,39.390854,5.7,K5III
52Psi3Aur,6.646995,39.902559,5.34,B8III
HIP 31813,6.651472,22.030881,6.09,G9III
HIP 31827,6.654644,-14.145764,4.82,K2III
50Psi2Aur,6.655507,42.488877,4.8,K3III
HIP 31850,6.658745,24.600162,6.43,F8IV
54    Aur,6.6592,28.263134,6.02,B7III
HIP 31859,6.660062,-23.695662,6.05,A0V
HIP 31870,6.66185,-30.470491,5.7,K1III
HIP 31876,6.663255,12.982768,5.99,A2V
HIP 31889,6.666078,44.014114,6.35,K1III
Zet Men,6.667474,-80.813593,5.61,A5III
HIP 31940,6.674679,77.995782,5.75,K5III
HIP 31946,6.675624,71.748786,5.88,K0III
HIP 31977,6.68266,-71.775192,6.5,K1IIICN...
15    Mon,6.682961,9.895754,4.66,O7
HIP 31992,6.684845,0.495323,5.79,B8III
HIP 32007,6.68727,-40.349847,6.16,B4V
HIP 32012,6.688117,11.003197,6.19,M1III
25    Gem,6.689138,28.196638,6.45,G5Ib
HIP 32020,6.689428,16.39765,6.28,A1V
HIP 32040,6.693822,35.931928,6.48,F8III
HIP 32064,6.698996,-9.167537,5.21,M0III
HIP 32067,6.699786,6.345425,6.36,O6
HIP 32091,6.704551,-38.398791,6.28,A+...
26    Gem,6.706757,17.645303,5.2,A2V
HIP 32144,6.712791,-22.44859,6.26,F2V
55Psi4Aur,6.718051,44.52445,5.04,K5III
HIP 32177,6.718504,3.033801,6.18,K0
HIP 32190,6.720483,37.147375,6.21,K0
HIP 32208,6.723154,-39.193118,6.3,A8:+...
HIP 32222,6.726872,-73.118208,6.36,G8III
HIP 32226,6.727402,3.932528,5.88,B0III
Mebsuta,6.732202,25.131124,3.06,A3mA6-A9
30    Gem,6.733137,13.228017,4.49,K1III
HIP 32261,6.736527,53.295939,6.28,K0
HIP 32268,6.736812,36.109258,6.37,A2V
HIP 32269,6.736888,-54.695507,6.47,B5/B6V
10    CMa,6.741241,-31.070523,5.23,B2V
28    Gem,6.745961,28.970932,5.42,K4III
HIP 32322,6.747765,-27.341666,6.43,F7V
HIP 32332,6.748796,-70.433758,6.1,K3III
Sirius,6.752481,-16.716116,-1.44,A0m...
Alzirr,6.754824,12.895591,3.35,F5IV
HIP 32366,6.756378,-31.793661,5.92,F7V
HIP 32368,6.75649,-23.462432,6.04,K2III
HIP 32385,6.758664,-30.94898,5.62,B+...
HIP 32402,6.764922,-52.409691,5.81,K3III
32    Gem,6.765055,12.693561,6.47,A9III
HIP 32411,6.766499,-14.796127,5.3,A1IV/V
HIP 32434,6.770042,-37.775325,6.19,B3Vne
12    Lyn,6.770595,59.44167,4.86,A3V
HIP 32439,6.77067,79.564811,5.44,F8V
16    Mon,6.775671,8.587153,5.92,B2.5V
HIP 32474,6.777505,-10.10736,5.66,B9.5V
HIP 32477,6.778242,-54.695028,6.45,G6III
56Psi5Aur,6.778983,43.577427,5.24,G0V
13    Lyn,6.780417,57.169176,5.34,K0III
11    CMa,6.780859,-14.425971,5.28,B8/B9III
HIP 32494,6.7813,-51.265667,5.39,K1II/IIIp+G:
HIP 32500,6.782923,-87.024964,6.46,F3V
12    CMa,6.783745,-21.015402,6.07,B7II/III
HIP 32531,6.78853,-55.539988,5.6,K5III
17    Mon,6.788842,8.037254,4.77,K4III
HIP 32537,6.789278,-37.929698,5.27,B8/B9V
HIP 32539,6.789849,18.193452,6.35,A2V
HIP 32558,6.793673,-8.998503,5.08,M1II
57Psi6Aur,6.794327,48.789476,5.22,K1III
18    Mon,6.79768,2.412159,4.48,K0III
Alp Pic,6.803194,-61.941391,3.24,A7IV
HIP 32609,6.803407,55.704195,5.54,F5V:+...
HIP 32617,6.805296,-1.318922,5.75,F1V
HIP 32677,6.816038,-15.144726,5.39,B7IV
HIP 32682,6.817682,1.002065,6.16,B3II-III
HIP 32698,6.821225,-2.272038,5.75,B8IIIn
HIP 32740,6.828143,32.606756,5.72,K3II
HIP 32744,6.828889,-24.076066,6.31,A0/A1V
HIP 32746,6.828968,37.512748,6.49,K5
33    Gem,6.83051,16.202888,5.87,B7III
13Kap CMa,6.830683,-32.508478,3.5,B1.5IVne
HIP 32761,6.830921,-53.622449,4.41,G6II
HIP 32765,6.831838,-46.61456,5.14,F5III
Tau Pup,6.832266,-50.61456,2.94,K0III...
HIP 32775,6.833614,-60.249146,6.11,F7III-IV
HIP 32809,6.83938,-17.084555,5.77,K3III
HIP 32810,6.839819,-31.706057,5.74,B3V
35    Gem,6.840416,13.413177,5.68,K3III
HIP 32827,6.8436,-25.778394,6.32,B2III/IV
HIP 32838,6.845084,-8.040996,6.31,A2p SrCrEu
58Psi7Aur,6.846097,41.78123,4.99,K3III
HIP 32851,6.847176,-0.540882,5.78,F2V
HIP 32855,6.847876,-34.367318,4.99,K2/K3III
42    Cam,6.849191,67.571934,5.14,B4IV
Iot Vol,6.857495,-70.963411,5.41,B7IV
HIP 32918,6.859048,-48.292754,6.42,K2/K3III
36    Gem,6.859179,21.761148,5.28,A2V
HIP 32931,6.860938,3.041991,6.37,A2Vs
HIP 32938,6.861785,-36.23027,5.94,A3V
HIP 32968,6.866664,23.601718,5.68,K5III
HIP 32990,6.873017,-5.316277,6.3,K0
HIP 33012,6.879287,-59.341195,6.41,A3m...
HIP 33015,6.879761,-43.975594,6.47,B8V
34The Gem,6.879816,33.961254,3.6,A3III
HIP 33024,6.880408,8.380373,5.75,F0Vn
HIP 33040,6.883417,-26.957632,6.33,M6III
59    Aur,6.883725,38.869157,6.1,F2V
HIP 33044,6.884316,35.787995,6.03,K3III:
14    Lyn,6.884738,59.448543,5.34,G4III...
HIP 33056,6.885438,44.839941,6.24,A8Vn
60    Aur,6.887054,38.438013,6.32,F5V:
HIP 33077,6.88856,-19.032763,5.65,A9/F0III
HIP 33079,6.8894,-18.932844,6.13,A3III
HIP 33082,6.889556,10.99665,6.3,K0III
15    CMa,6.892474,-20.224254,4.82,B1Ib
HIP 33094,6.892756,-28.539794,6.05,G3/G5V
43    Cam,6.895068,68.888309,5.11,B7III
HIP 33126,6.898737,-24.538756,6.23,A0V
61Psi8Aur,6.899187,38.505018,6.46,B9.5sp...
HIP 33139,6.900633,-50.6116,6.24,K0/K1III
16Omi1CMa,6.902209,-24.184211,3.89,K3Iab
HIP 33154,6.902386,-5.852188,6.39,A6Vn
14The CMa,6.903167,-12.038628,4.08,K4III
HIP 33184,6.906851,-1.126996,5.44,A4IV
HIP 33189,6.907412,-42.365571,6.32,C3II
38    Gem,6.910732,13.177827,4.73,F0Vp
HIP 33210,6.911679,-1.756486,6.2,B3IVe+...
HIP 33243,6.916366,-2.803588,6.03,G6III:
17    CMa,6.917427,-20.404876,5.8,A2V
HIP 33269,6.920738,43.910031,6.16,A9III
HIP 33271,6.920888,45.826408,6.31,K0III-IV
37    Gem,6.921853,25.375697,5.74,G0V
HIP 33297,6.926282,8.324285,6.28,A0V
19Pi  CMa,6.927064,-20.136497,4.66,F2IV/V
HIP 33316,6.929702,-22.941439,5.29,B2/B3III
HIP 33330,6.931881,-31.790179,6.36,B3V
18Mu  CMa,6.935179,-14.04343,5.0,B9.5V
20Iot CMa,6.935618,-17.054242,4.36,B3Ib/II
HIP 33357,6.937775,-48.721144,4.94,M1III
HIP 33372,6.940509,9.956578,5.9,B8Vn
Psi9Aur,6.942238,46.273998,5.85,B8III
The Men,6.942911,-79.420193,5.45,B9.5V
HIP 33394,6.946028,-35.341334,6.27,K2III
HIP 33415,6.94891,46.705352,5.88,K0III:
HIP 33420,6.950026,-8.179295,6.31,A2V+...
HIP 33421,6.950145,33.681039,5.91,G5III
HIP 33444,6.953648,57.563287,6.03,K3III
15    Lyn,6.954612,58.422759,4.35,G5III-IV
HIP 33451,6.954886,-35.507153,6.23,F5V
HIP 33453,6.95514,37.394723,6.48,M3
HIP 33465,6.957108,11.907554,6.26,F2Ib-II
HIP 33478,6.95942,-24.630841,5.45,F3V
16    Lyn,6.960309,45.094094,4.9,A2Vn
HIP 33492,6.961842,-27.537505,6.22,B2/B3V
HIP 33532,6.968765,-27.164381,6.36,B2V
HIP 33558,6.973638,-34.111708,5.07,B4IV/V
HIP 33575,6.976639,-25.414157,5.59,B2V
HIP 33577,6.976772,-56.394849,6.46,F2II
Adhara,6.977097,-28.972084,1.5,B2II
HIP 33584,6.977476,7.6223,6.25,A3V
HIP 33588,6.977715,-55.729122,6.26,K2III
HIP 33590,6.978259,-45.767593,6.23,A0V
HIP 33591,6.978805,-30.998037,6.41,B3V
39    Gem,6.979839,26.081079,6.2,F8Vbwvar
HIP 33603,6.982507,3.602355,5.96,G8III
62    Aur,6.984126,38.052317,6.02,K2III
HIP 33644,6.988937,7.316967,6.34,B7III
40    Gem,6.991092,25.914171,6.4,B8III
HIP 33666,6.994237,-21.602884,6.26,B2III
HIP 33682,6.997378,-67.916443,5.18,K3III
HIP 33694,7.001081,76.977408,4.55,K4III
HIP 33703,7.002301,-20.158425,6.32,B3V
41    Gem,7.004396,16.078998,5.73,K3Ib
Citalá,7.00501,-5.367162,6.29,G0III-IV
HIP 33729,7.006599,-8.406821,5.95,B9III
HIP 33754,7.010927,-9.202967,6.49,B1Ib
HIP 33760,7.011809,-28.489574,6.28,F3/F5V
HIP 33774,7.013818,-33.46553,6.39,G8II/III
HIP 33779,7.014303,-51.402585,5.14,M1III
HIP 33800,7.018096,-58.939937,6.01,F0V
HIP 33804,7.018318,-25.215634,5.64,B2/B3III/IV
HIP 33827,7.022612,70.808296,5.69,K4III
Nganurganity,7.028652,-27.93483,3.49,K4III
HIP 33873,7.031366,-1.345883,6.2,K0
HIP 33878,7.032329,-5.722065,5.22,M2III
HIP 33909,7.037633,-43.40387,6.44,A0V
HIP 33914,7.038193,15.336008,5.78,K1III:
42Ome Gem,7.040217,24.215446,5.2,G5II
HIP 33929,7.040426,17.755521,5.96,M1.5
HIP 33937,7.04258,16.674447,5.86,M2III
19    Mon,7.048549,-4.239231,4.99,B1V
24Omi2CMa,7.050409,-23.833291,3.02,B3Ia
HIP 34000,7.054195,-59.178109,5.5,B9IV
HIP 34002,7.054977,9.138355,5.96,A3Vs
HIP 34017,7.058457,29.337081,5.93,G4V
HIP 34033,7.060576,10.951817,5.14,K3III
Muliphein,7.062637,-15.633286,4.11,B8II
HIP 34055,7.064333,12.594242,6.01,K5
HIP 34059,7.064896,-49.58392,4.92,A4IV
HIP 34065,7.065928,-43.608039,5.56,G3V...
HIP 34066,7.06596,-10.123765,6.44,B9IIIn
HIP 34081,7.067444,-42.33728,5.2,Am
HIP 34086,7.068124,-5.323979,5.63,K3III
Mekbuda,7.068481,20.570297,4.01,G3Ibv SB
HIP 34105,7.071757,-56.749724,5.14,A0p:
HIP 34142,7.079736,-22.031688,6.09,K2IIICN...
HIP 34168,7.08583,47.775044,6.37,B9IIIn
HIP 34177,7.087883,-50.360042,6.47,K3III
44    Gem,7.088436,22.637458,6.0,B8Vn
HIP 34200,7.092229,-34.7777,6.15,F2V
HIP 34215,7.094174,9.1858,5.78,M0III
HIP 34217,7.094391,52.758558,6.17,A3Vs
HIP 34234,7.097122,-10.66008,6.5,B0.5IVn
HIP 34238,7.097676,70.731924,6.49,K0III
HIP 34248,7.100135,-30.655711,6.34,B3V
HIP 34250,7.10034,59.80185,6.4,G8III:
HIP 34253,7.100629,-38.382854,6.09,G0III
HIP 34267,7.103222,34.473967,5.55,G8IV
HIP 34270,7.103974,-68.83758,6.47,K0III
HIP 34297,7.10999,-12.393949,6.48,B7Iab...
HIP 34301,7.111324,-11.294014,5.41,B0.5IV
HIP 34318,7.114577,-24.960572,6.09,K2III
HIP 34338,7.118464,4.910582,6.1,B9.5III
HIP 34339,7.118633,-40.893268,5.8,B3V
HIP 34349,7.120359,-51.968283,5.96,K0III
HIP 34350,7.121189,-59.716416,6.46,B3V
HIP 34358,7.122889,34.009288,5.94,K4III
HIP 34360,7.122941,-23.840722,5.75,B2V:nn
HIP 34367,7.123577,28.176695,6.47,B9V
HIP 34387,7.130414,7.471214,5.74,K0III:
HIP 34428,7.13702,33.832388,6.31,K1
45    Gem,7.139455,15.930675,5.47,G8III
Wezen,7.139857,-26.3932,1.83,F8Ia
HIP 34462,7.143401,37.445096,6.19,K1III
Gam1Vol,7.145098,-70.497087,5.68,F2
Gam2Vol,7.145788,-70.498932,3.78,G8IIIvar
HIP 34495,7.147519,-39.655657,4.83,B3IV/V
HIP 34536,7.155625,-10.346565,6.23,O6
HIP 34561,7.159268,-16.234509,6.0,B1Ib/II
HIP 34579,7.161951,-25.231034,5.69,B2V
HIP 34608,7.168524,21.246985,6.43,G9V
HIP 34617,7.169268,-18.685637,6.23,F3V
20    Mon,7.170467,-4.237106,4.91,K0III
HIP 34624,7.172034,-27.49152,5.46,G8III
HIP 34670,7.179858,-48.932098,5.12,K2III
46Tau Gem,7.185659,30.245163,4.41,K2III
47    Gem,7.189741,26.856587,5.75,A4IV
21    Mon,7.189893,-0.301928,5.44,F2V
63    Aur,7.194255,39.320549,4.91,K4II-III
HIP 34758,7.19489,-20.883063,5.84,A0IV/V
HIP 34763,7.196347,16.976344,6.5,K5
HIP 34768,7.197606,5.654703,6.07,A1V
22Del Mon,7.197739,-0.492764,4.15,A2V
HIP 34780,7.20055,-63.190059,6.03,A0IV/V
HIP 34782,7.201137,-30.821365,6.1,A8III/IV
HIP 34789,7.202081,5.474347,6.15,K0III
26    CMa,7.203393,-25.942588,5.91,B2IV/V
HIP 34802,7.204392,-40.498808,5.3,A3p...
HIP 34817,7.207173,-36.544381,5.94,B4V
48    Gem,7.207327,24.128594,5.85,F5IV
HIP 34834,7.20935,-46.759305,4.49,F0IV
HIP 34860,7.213635,27.224823,6.46,F8V
HIP 34888,7.218665,-11.251341,5.77,K0
HIP 34899,7.220377,-45.182739,4.87,Ap
51    Gem,7.222854,16.158966,5.07,K3V
HIP 34912,7.223166,51.428745,5.46,M3III
HIP 34914,7.22334,-22.674241,5.99,K4III
HIP 34922,7.225637,-44.639739,4.42,M5e
HIP 34924,7.226792,-27.35636,6.12,B2II
HIP 34940,7.230107,-22.905778,6.34,B2IV
HIP 34954,7.232594,-30.339791,6.32,B2III
HIP 34956,7.232779,71.816584,6.36,K0
HIP 34975,7.236347,-3.901779,5.8,K5III
27    CMa,7.237559,-26.352507,4.42,B3III
HIP 34982,7.237644,-9.947533,5.9,K3III
HIP 34987,7.238906,3.111414,5.36,K0III
HIP 34999,7.241181,-10.316245,6.02,B0III
HIP 35005,7.242395,12.115824,5.71,G6III
HIP 35020,7.243928,-48.271927,4.75,B8/B9V
52    Gem,7.244993,24.884984,5.84,M1IIIvar
HIP 35029,7.246117,-46.849672,5.72,A0p
28Ome CMa,7.246849,-26.772667,4.01,B2IV/Ve
HIP 35044,7.247546,-27.037996,5.58,K3III
HIP 35054,7.249209,-41.426394,5.95,B4III/IV
24    Mon,7.255391,-0.161283,6.42,G5III
HIP 35083,7.255854,-30.686447,5.36,B2V
HIP 35084,7.255901,-52.499226,5.96,K0V
HIP 35120,7.260953,7.977742,5.78,M4III
HIP 35127,7.262011,-10.583605,5.95,K0
HIP 35132,7.263138,-23.74028,6.34,A0V
HIP 35136,7.263925,47.239964,5.54,G0V
18    Lyn,7.265267,59.637467,5.2,K2III
53    Gem,7.26588,27.897419,5.75,M1III
HIP 35180,7.27071,-15.585689,5.46,A1V
HIP 35181,7.270965,-46.774533,5.64,K4III
HIP 35202,7.275515,-38.318928,5.81,B4V
HIP 35205,7.276387,-27.881179,4.66,M2III
HIP 35210,7.276898,-23.315594,4.83,K4III
HIP 35213,7.277322,-23.31094,6.02,A5m...
HIP 35226,7.280392,-36.592633,5.03,B3V
Del Vol,7.280508,-67.957152,3.97,F6II
HIP 35241,7.28256,-30.897012,6.3,A9II
HIP 35253,7.284277,26.689485,6.38,G7IV
Pi  Pup,7.285711,-37.09747,2.71,K3Ib
HIP 35301,7.292129,-6.679997,6.29,K2
HIP 35304,7.2927,52.131071,5.93,K1III:
HIP 35317,7.29518,38.876265,6.48,K0
HIP 35326,7.29667,-26.797556,6.45,B5Vn
64    Aur,7.300616,40.883392,5.87,A5Vn
HIP 35345,7.301136,30.955872,6.19,A0Vn
HIP 35347,7.301181,-43.986786,5.86,B8II/III
54Lam Gem,7.30155,16.540383,3.58,A3V...
HIP 35363,7.30511,-36.733962,4.65,B2V+...
HIP 35384,7.308883,49.464756,5.0,A4IIIn
HIP 35393,7.309309,-39.210285,5.24,A0V
HIP 35406,7.310607,-36.742735,5.11,A0V
29    CMa,7.311216,-24.558701,4.88,O7f
30Tau CMa,7.311802,-24.954375,4.37,O9Ib
HIP 35427,7.314243,-26.585854,5.29,G2II
HIP 35442,7.3172,-19.280304,6.06,F2Ia
HIP 35463,7.320469,-33.727166,6.31,K2/K3III
HIP 35476,7.322881,2.740694,5.9,G9III
HIP 35487,7.324494,-16.395244,5.7,F2III/IV
HIP 35509,7.329901,7.142947,5.91,F8V
HIP 35548,7.335234,15.142928,6.45,A2Vn
Wasat,7.335383,21.98232,3.5,F0IV...
HIP 35564,7.339288,-52.311524,5.5,F2
HIP 35589,7.344114,-52.085924,5.38,B9V
HIP 35611,7.348588,-26.963838,6.0,B3V
HIP 35615,7.349524,-14.360489,5.59,G8/K0III
HIP 35623,7.350862,42.655913,6.33,K0
HIP 35626,7.351204,-25.891643,5.87,M3III
HIP 35643,7.354864,45.2282,5.74,A7s
56    Gem,7.365795,20.443658,5.09,M0III
HIP 35707,7.367237,-8.979377,6.42,O9V
65    Aur,7.367397,36.760584,5.12,K0III
HIP 35712,7.367633,0.177121,5.99,B8III
HIP 35725,7.370392,38.995944,6.4,K0
HIP 35727,7.370425,-19.0166,4.94,B5II/III
47    Cam,7.37144,59.901996,6.36,A8m
HIP 35737,7.371831,-2.979175,6.23,F5
HIP 35749,7.373719,-5.982829,5.83,F3IV
HIP 35751,7.374533,0.700831,6.43,G5
19    Lyn,7.381127,55.281392,5.8,B8V
HIP 35795,7.383527,-31.923781,5.4,B3V
58    Gem,7.39115,22.945349,6.17,A1V
57    Gem,7.391254,25.050531,5.04,G8III
HIP 35848,7.391386,-27.834294,5.37,K4III
HIP 35855,7.392193,-32.202067,5.41,B2/B3II/III
HIP 35893,7.399538,-35.837824,6.32,B5V
Aludra,7.401584,-29.303104,2.45,B5Ia
66    Aur,7.402352,40.672389,5.23,K0III
HIP 35920,7.404787,-22.912758,6.2,B8/B9V
HIP 35933,7.40768,15.517195,6.47,B2Ve
59    Gem,7.409292,27.637857,5.77,F0:III:
HIP 35946,7.410311,-71.470657,6.49,A3V
HIP 35951,7.411163,-16.201473,5.18,B2Vne
HIP 35957,7.412182,-31.808905,5.35,K1III
HIP 35960,7.413155,-37.291193,6.14,A8V
HIP 35975,7.414134,-19.012279,6.24,A2Ib/II
HIP 35984,7.415857,51.887258,5.8,K5III
1    CMi,7.416161,11.669524,5.37,A5IV
HIP 35998,7.418977,-13.751978,5.79,F3V
HIP 36017,7.422215,-21.982591,6.04,A6II
HIP 36019,7.422769,81.257456,6.3,A0III
HIP 36024,7.423686,-25.217767,5.79,B5III
Eps Men,7.42727,-79.094188,5.54,K2/K3III
2Eps CMi,7.427471,9.276097,4.99,G8III
HIP 36045,7.428606,-31.73872,6.32,B2/B3III
60Iot Gem,7.428779,27.79808,3.78,G9III+...
HIP 36055,7.430889,-5.774961,5.98,CIb...
HIP 36114,7.439403,-51.018481,5.09,K0III
HIP 36123,7.441052,10.608067,6.38,A2IV
HIP 36141,7.444782,11.008833,6.39,B7II-III
HIP 36143,7.44513,-34.140692,5.9,B4V
21    Lyn,7.445237,49.211527,4.61,A1V
61    Gem,7.448981,20.257557,5.94,F2Vn
HIP 36168,7.449856,-23.086023,5.65,B1II
HIP 36186,7.452219,-17.864861,5.6,F2V
Gomeisa,7.452512,8.289315,2.89,B8Vvar
HIP 36211,7.457178,66.331571,6.47,B9III
HIP 36236,7.461927,-22.859199,5.98,B5III
63    Gem,7.462324,21.445247,5.2,F5IV-V...
HIP 36251,7.46435,-11.556867,5.79,B8Vv comp VB
HIP 36258,7.466434,-29.155896,5.55,B9Vsp...
HIP 36264,7.467202,-26.838974,6.26,K4III
5Eta CMi,7.467243,6.941968,5.22,F0III
4Gam CMi,7.469387,8.92553,4.33,K3III SB
HIP 36325,7.47775,27.552938,6.36,K2III
HIP 36340,7.479793,15.109822,6.23,B9IV
HIP 36345,7.480876,-31.848401,5.95,B3V+...
HIP 36346,7.480946,-64.509804,6.38,K5III
HIP 36348,7.480968,48.18393,5.7,B9MNp...
HIP 36351,7.481288,46.314618,6.42,K0
HIP 36362,7.484699,-31.456216,5.78,B2IV
HIP 36363,7.484916,-38.812065,5.41,B3V
62Rho Gem,7.485195,31.78455,4.16,F0V...
Sig Pup,7.487179,-43.301432,3.25,K5III SB
HIP 36388,7.488519,-1.905329,5.6,K5III
64    Gem,7.489012,28.118275,5.07,A4V
HIP 36395,7.489407,-14.998657,6.05,F5V
HIP 36396,7.489474,-10.326664,5.75,K5III
HIP 36399,7.490455,-7.551168,5.86,F8V
6    CMi,7.496606,12.006564,4.55,K2III
65    Gem,7.49688,27.916146,5.01,K2III
HIP 36431,7.497615,-23.024287,4.85,A6Ib/II
22    Lyn,7.498867,49.672463,5.35,F6V
HIP 36444,7.499925,-52.651157,5.87,K0III
HIP 36496,7.508587,-54.399365,5.95,M1III
HIP 36514,7.511834,-30.962281,4.65,G2Ib...
HIP 36526,7.514204,-5.226494,6.24,K0
HIP 36528,7.514638,68.465621,5.63,K2III
HIP 36547,7.517911,82.411466,4.92,M4IIIa
HIP 36553,7.519107,11.202979,6.38,K0
HIP 36616,7.53011,17.086046,5.45,K2III
HIP 36640,7.534934,-8.881326,5.9,F5V
7Del1CMi,7.534986,1.914481,5.24,F0III
HIP 36657,7.53952,-35.961188,6.35,B8V
HIP 36721,7.552716,-24.710731,5.84,A3III
8Del2CMi,7.553241,3.290379,5.59,F2V
HIP 36728,7.553656,-40.058522,6.27,B8IV (p Si)
HIP 36732,7.555434,-19.412525,5.64,K0III
HIP 36736,7.556163,-14.338307,6.21,B2II
HIP 36740,7.556897,37.187897,6.4,K0
68    Gem,7.560134,15.826662,5.27,A1Vn
HIP 36773,7.563323,-14.523892,4.82,A4Ia
HIP 36778,7.564179,-36.338392,5.42,B2Vne
HIP 36779,7.564311,51.314147,6.44,K0
HIP 36795,7.567551,-22.296067,4.44,F6V
HIP 36796,7.568046,10.568076,6.28,A1V
HIP 36807,7.570231,-33.46343,6.11,A9IV
9Del3CMi,7.571081,3.371725,5.83,A0Vnn
HIP 36817,7.571839,-23.473661,5.06,F6V
HIP 36848,7.576333,-27.012275,5.78,K1III
Castor,7.576634,31.888276,1.58,A2Vm
HIP 36856,7.577662,-51.474517,6.29,A1III/IV
HIP 36896,7.585778,30.960924,5.34,K0III
HIP 36914,7.58935,-74.274957,6.33,B9
HIP 36917,7.589694,-28.369323,4.65,B8V
HIP 36942,7.594365,-52.533836,4.93,K3III
69Ups Gem,7.598708,26.895741,4.06,K5III
HIP 36965,7.598884,43.030959,6.37,F0
HIP 36977,7.600447,-55.887708,6.39,K1/K2IIICN.
HIP 36981,7.601082,-14.492771,5.66,B2/3V(n)
HIP 36986,7.602059,-22.160505,6.4,K1II
HIP 37000,7.604638,-8.311302,6.27,K2
HIP 37023,7.608789,46.180288,5.66,M0III
HIP 37031,7.609641,5.862171,5.89,G0V
HIP 37036,7.611398,-19.702338,5.69,B2II
HIP 37043,7.6122,-48.830167,5.69,B9V
HIP 37046,7.613067,55.75506,5.93,K2III
25    Mon,7.621303,-4.110979,5.14,F6III
HIP 37089,7.621369,-23.775399,6.34,F0Ib
HIP 37091,7.62161,40.025383,6.34,M1
HIP 37096,7.622809,-34.96853,4.53,B8IV/V
HIP 37128,7.629173,-38.010425,6.38,K4III
HIP 37140,7.631628,48.773842,5.93,A5m
HIP 37165,7.637325,24.360441,6.37,F0
HIP 37173,7.638346,-25.364804,4.69,B8IV
HIP 37174,7.638391,-48.601436,5.68,F4Iab
HIP 37202,7.642371,-38.781487,6.2,G8III
70    Gem,7.64246,35.04855,5.58,K0III
HIP 37223,7.645528,-36.49683,5.78,B3III
HIP 37229,7.647186,-26.803836,3.8,B5IV
HIP 37248,7.65009,-53.273357,6.06,B9IV-Vp...
Jishui,7.65276,34.584346,4.89,F3III
HIP 37269,7.653335,24.222528,6.18,A2V
Procyon,7.655033,5.224993,0.4,F5IV-V
HIP 37289,7.656721,-16.847292,6.4,K3III
HIP 37293,7.657495,-26.863102,6.5,B6V
HIP 37297,7.657595,-38.308021,4.84,B3V
74    Gem,7.657942,17.674519,5.04,M0III
HIP 37322,7.662171,-38.139287,5.73,B5V
HIP 37329,7.663299,-38.260652,5.76,B3III
HIP 37339,7.665025,32.009727,6.16,F6II
HIP 37345,7.666109,-37.579422,5.99,B4III
HIP 37364,7.670425,-19.660861,5.92,K0III
HIP 37369,7.67075,38.344539,5.77,M0III
HIP 37375,7.672504,-11.752552,6.43,K2
HIP 37379,7.673114,-15.26392,4.98,K3III
HIP 37391,7.675295,87.020091,5.05,M2III
HIP 37394,7.676534,-8.18543,6.01,A3IV
HIP 37404,7.679773,13.771251,6.23,K0
23    Lyn,7.680429,57.082865,6.09,K5III
HIP 37428,7.682922,23.018527,5.93,K5
HIP 37441,7.686782,48.131533,5.58,K0III
26Alp Mon,7.687454,-9.551131,3.94,K0III
HIP 37450,7.687727,-38.533532,5.41,B3V
HIP 37461,7.689368,-44.632168,6.41,B7IV/V
HIP 37465,7.689869,-22.336721,6.16,M0/M1III
HIP 37478,7.693099,3.624779,5.95,A0V
Zet Vol,7.697004,-72.606098,3.93,K0III
HIP 37508,7.697735,13.480453,5.79,M2III
HIP 37521,7.700894,14.208503,5.55,M3Sv
HIP 37530,7.702839,-58.630918,6.4,B2.5V
HIP 37580,7.7121,34.000218,6.05,F7V
HIP 37590,7.713376,-26.351326,5.64,K1III
HIP 37599,7.714818,-58.230058,6.2,K0III
HIP 37606,7.715865,-45.173118,5.04,G5IV
24    Lyn,7.716788,58.71036,4.93,A3IVn
HIP 37614,7.718172,0.189333,6.17,K0III
HIP 37623,7.719996,-36.050089,5.6,B5V
75Sig Gem,7.721867,28.88351,4.23,K1III SB
HIP 37634,7.722553,4.945762,6.5,K0
HIP 37636,7.722828,22.399472,6.25,K0III
1    Pup,7.725663,-28.410885,4.63,K5III
HIP 37664,7.728307,-40.933746,5.12,K1III
HIP 37666,7.728589,-38.201879,6.42,B8IV
3    Pup,7.73013,-28.954826,3.94,A2Iab
HIP 37701,7.734495,50.433794,5.31,A0IIIn
76    Gem,7.735254,25.784159,5.3,K5III
HIP 37705,7.735454,2.405422,6.46,F0III
HIP 37710,7.736027,-36.062505,5.8,F0IV
HIP 37720,7.736964,-69.821593,6.16,A0IV/V
HIP 37723,7.737238,12.860071,6.4,K0
77Kap Gem,7.740793,24.397993,3.57,G8III
HIP 37751,7.742825,-24.674079,5.62,B2II
HIP 37752,7.74283,-37.942917,5.89,B8V
HIP 37773,7.745519,-66.071933,6.37,G6/G8III
HIP 37819,7.754249,-37.968584,3.62,K4III
HIP 37823,7.755013,-43.752566,6.02,B6IV
Pollux,7.755277,28.026199,1.16,K0IIIvar
2    Pup,7.758092,-14.690537,6.06,A6/A7
HIP 37853,7.759736,-34.172363,5.36,G0V
HIP 37854,7.759866,-56.72257,6.1,F0II
4    Pup,7.765797,-14.563805,5.03,F2V
HIP 37901,7.767275,-6.772511,5.49,K5III
81    Gem,7.768736,18.510043,4.89,K5III
HIP 37915,7.769596,-37.93367,5.87,B5V
11    CMi,7.771167,10.768252,5.25,A1Vnn
49    Cam,7.774289,62.830522,6.5,F0p SrEu
HIP 37939,7.77595,-37.772569,6.31,K3III
HIP 37946,7.777577,37.517394,5.15,M3III
51    Cam,7.777793,65.455676,5.93,K2III:
HIP 37951,7.779087,-12.675313,6.39,B9III
HIP 37982,7.784934,-39.330996,6.33,Ap Si
HIP 37995,7.786821,-22.51951,5.9,B1/B2V
HIP 37996,7.787389,-36.0736,6.46,K1III
HIP 38010,7.790276,-38.511145,5.07,B2IV/V
80Pi  Gem,7.791757,33.415697,5.14,M0III
HIP 38020,7.792085,-46.60849,5.22,B1V
HIP 38031,7.794035,-15.990688,6.31,K3Iab/b
HIP 38037,7.795891,-16.014483,6.38,K5II/III
5    Pup,7.799089,-12.192705,5.48,F5+...
Omi Pup,7.801436,-25.937169,4.4,B1IV:nne
HIP 38074,7.802374,-40.652378,6.14,M2III
HIP 38087,7.805417,-56.471075,6.3,K0III+...
HIP 38089,7.805608,-47.077722,4.69,K0III
82    Gem,7.809344,23.14098,6.18,G2III+...
HIP 38146,7.817132,-24.912208,5.32,G2
HIP 38147,7.817177,13.371869,6.07,K0
HIP 38152,7.818533,-56.41036,5.57,G5II
HIP 38159,7.82024,-46.857717,5.82,B1.5IV
HIP 38160,7.820257,-60.283688,5.78,F1V
HIP 38164,7.820638,-46.373205,4.1,B0III
HIP 38167,7.820736,-35.243286,5.94,B9V
Azmidi,7.821571,-24.859786,3.34,G6Ia
HIP 38183,7.824525,-44.751157,6.32,K0III
HIP 38184,7.824669,-13.352948,6.23,B8/B9II
HIP 38196,7.825643,12.81425,6.42,K0
HIP 38200,7.826502,-33.28895,5.61,M0III
HIP 38206,7.827771,-14.085359,6.34,K5III
HIP 38209,7.82799,-19.505518,6.49,K2III
HIP 38210,7.828054,-66.195974,5.78,B9V
6    Pup,7.828111,-17.228408,5.17,K3III
HIP 38246,7.834908,-19.523548,6.11,K1III
HIP 38253,7.836271,-9.183441,5.6,K3III
HIP 38267,7.839957,-50.509468,5.89,K2III
HIP 38292,7.845142,-44.579945,6.45,G6III
HIP 38300,7.846499,3.277253,6.17,K1III
HIP 38303,7.847527,4.459514,6.49,G5
HIP 38306,7.848175,0.079556,6.38,K2III
HIP 38307,7.848677,-11.128602,6.16,K0
HIP 38316,7.850022,-24.528557,6.43,B9.5V
HIP 38319,7.850655,33.233653,6.06,A2m
HIP 38325,7.851591,54.12924,6.03,F6V
HIP 38349,7.854262,37.082085,6.49,K2
HIP 38355,7.85565,-43.095232,6.34,B2IV-V
HIP 38370,7.861211,-42.888202,6.05,B2IV
8    Pup,7.861358,-12.819405,6.37,F3IV
13Zet CMi,7.861663,1.766868,5.12,B8II
HIP 38375,7.861952,-21.173662,5.62,K0III
9    Pup,7.862862,-13.898029,5.16,G2V
HIP 38394,7.865771,19.325085,6.03,K1III:
HIP 38403,7.867743,45.932989,6.5,A3
HIP 38406,7.868664,3.277342,6.3,M5
HIP 38414,7.870288,-40.575786,3.71,G5III...
HIP 38423,7.871024,-34.705442,5.01,F3/F5V
10    Pup,7.871911,-14.846175,5.69,F2IV/V
HIP 38438,7.874929,-54.367165,5.7,B1.5IV
HIP 38449,7.876789,55.209443,6.36,A0Vn
HIP 38455,7.877402,-38.862812,4.49,B2V
HIP 38474,7.879961,-5.428257,5.76,F5IVs
HIP 38497,7.884308,-36.363769,5.44,K1IIICN...
HIP 38500,7.884344,-49.613044,4.63,B1.5Vp
HIP 38518,7.888378,-48.102934,4.22,B0.5Ib
83Phi Gem,7.891616,26.765783,4.97,A3V
HIP 38593,7.903058,-35.877287,5.48,B2V
25    Lyn,7.90813,47.385982,6.25,K2III:
HIP 38635,7.911088,-34.846713,6.14,K4III
26    Lyn,7.911864,47.564596,5.47,K4III
HIP 38656,7.91482,-57.302806,5.62,K3/K4III
HIP 38667,7.916786,-52.58333,6.36,B8III
HIP 38686,7.920514,-30.917643,6.45,K4III
HIP 38712,7.925398,8.86284,5.86,F2IV
85    Gem,7.927749,19.88397,5.38,A0Vs
HIP 38723,7.92801,35.412684,6.23,A3p
HIP 38732,7.929608,-43.845054,6.02,B6V
HIP 38783,7.938514,-60.526436,5.74,K4II
HIP 38792,7.939645,-30.28457,6.28,M5/M6III
HIP 38794,7.939974,4.485567,6.16,G8III
Chi Car,7.946313,-52.98236,3.46,B3IVp
11    Pup,7.94765,-22.880119,4.2,F7/F8II
HIP 38846,7.94939,-43.500411,5.36,B2.5V
HIP 38845,7.949396,-42.406475,6.09,K3III
1    Cnc,7.949848,15.790281,5.8,K3III
HIP 38863,7.953544,-63.296835,6.14,B8V
HIP 38868,7.954411,8.64122,6.03,K0III
HIP 38870,7.954526,1.127029,6.35,F6V
HIP 38872,7.955118,-44.109859,5.08,B2.5IV
HIP 38879,7.955575,-47.890705,6.21,B5V
HIP 38901,7.961141,-30.33457,4.76,A7III
HIP 38908,7.962946,-60.303072,5.59,G2V...
HIP 38917,7.964368,-45.577669,5.14,K2III
HIP 38925,7.965223,-40.784352,6.46,K0III
HIP 38945,7.968304,7.21353,6.42,A0V
HIP 38957,7.970678,-49.244912,4.47,B1Vp + B2
HIP 38959,7.971265,43.977374,6.36,K0
14    CMi,7.972404,2.224767,5.3,K0III
HIP 38963,7.972624,-51.448472,6.44,A8/A9IV
HIP 38975,7.975409,16.51868,6.05,K0
HIP 38994,7.98071,-60.824462,5.77,B2IVnpe
HIP 39014,7.983835,-45.215844,5.98,B4V
12    Pup,7.984921,-23.310396,5.09,G8II
HIP 39035,7.986752,-49.976851,6.35,B2IV-V
HIP 39038,7.9871,-49.973772,6.37,B2IV-V
HIP 39041,7.987715,-73.244171,6.33,A3III
HIP 39061,7.991217,-39.296944,5.22,F3V
HIP 39067,7.993071,13.242166,6.05,K2
HIP 39070,7.993762,-60.587061,5.19,M0II
HIP 39073,7.994469,-60.207351,6.3,B8III
27    Mon,7.995598,-3.679583,4.93,K2III
HIP 39094,7.997605,36.082075,6.5,K5
HIP 39095,7.997792,-18.399228,4.61,A1V
HIP 39117,8.003264,73.917919,5.37,K3III
HIP 39122,8.004083,-48.981509,6.01,A2V
HIP 39138,8.005547,-63.567456,4.81,B3V
HIP 39153,8.008045,-48.871768,6.13,A0p
HIP 39172,8.01226,-2.881917,6.41,B2.5Ve
3    Cnc,8.013141,17.308703,5.6,K3III
HIP 39180,8.013362,19.816216,6.3,K1III
HIP 39184,8.013875,-54.151275,5.87,B5Vn
2Ome1Cnc,8.01552,25.392836,5.87,G8III:
HIP 39194,8.016884,23.583093,6.34,K1III-IV
HIP 39198,8.017612,-6.419195,6.45,G5
28    Mon,8.020371,-1.392608,4.69,K4III
HIP 39213,8.020525,4.879824,5.65,A1V
HIP 39221,8.022434,59.047398,5.78,F2:V:
HIP 39225,8.023068,-54.51553,6.12,B2IV-V
5    Cnc,8.02508,16.455309,5.99,B9.5Vn
HIP 39238,8.025438,-55.454655,6.28,B4V
HIP 39251,8.027091,-37.28372,5.9,A3IV
53    Cam,8.028465,60.324353,6.02,A2p...
4Ome2Cnc,8.028822,25.089465,6.32,A1V
HIP 39271,8.030758,8.913991,6.22,G0IV
HIP 39279,8.031996,35.413069,6.34,K0
HIP 39299,8.035037,-37.050043,6.31,M3III
HIP 39311,8.03776,2.334571,4.39,K2III
HIP 39326,8.040547,-6.337135,6.34,G0III
HIP 39340,8.041893,63.090306,6.09,G1III
HIP 39348,8.043278,57.273627,6.48,F8V
HIP 39360,8.045774,-41.309828,5.52,Ap Si
HIP 39380,8.051156,-32.463548,5.83,K2/K3III
HIP 39420,8.058225,-42.948327,6.28,G8II
Chi Gem,8.058634,27.794332,4.94,K2III
Naos,8.059737,-40.003148,2.21,O5IAf
HIP 39487,8.071164,-32.674829,5.25,M2II
HIP 39514,8.075733,-25.699737,6.35,K5/M0III
14    Pup,8.078172,-19.728148,6.12,B3III
HIP 39527,8.078445,-50.590396,5.96,G5II
HIP 39530,8.078593,-62.836347,6.25,B2.5Vn
HIP 39535,8.079251,18.84202,6.21,B9V
HIP 39538,8.079768,79.479612,5.39,A0p...
HIP 39566,8.084363,-53.107921,5.52,K3/K4III
8    Cnc,8.08458,13.118215,5.14,A1V
HIP 39584,8.088974,-46.978411,6.18,B3Vnp
HIP 39607,8.093627,27.529736,6.21,A0V
HIP 39617,8.095801,-33.569435,6.15,G1Ib
HIP 39625,8.09712,-0.57332,6.4,K0
9Mu 1Cnc,8.10511,22.63549,5.96,M3III
HIP 39675,8.107615,-9.244457,6.25,B9V
HIP 39690,8.111206,-45.266015,5.04,K3III
HIP 39691,8.111558,-48.497389,6.34,B3III
28    Lyn,8.119429,43.260365,6.35,A1V
HIP 39730,8.121113,-17.368744,6.5,K1III
HIP 39734,8.121678,-20.554342,5.33,A3Ib/II
Tureis,8.125737,-24.304324,2.83,F2mF5IIp
10Mu 2Cnc,8.129404,21.581816,5.3,G2IV
Eps Vol,8.132173,-68.617062,4.35,B6IV
HIP 39843,8.140179,-63.800821,6.32,B6V
27    Lyn,8.140963,51.50667,4.78,A2V
29Zet Mon,8.143236,-2.983786,4.36,G2Ib
HIP 39866,8.14379,-37.681221,6.36,B3V
12    Cnc,8.145124,13.640917,6.25,F3V
HIP 39876,8.145439,-20.363173,6.37,A3III
HIP 39898,8.149124,-11.33965,6.31,A0Vn
HIP 39903,8.150213,-61.302429,4.74,F5V
16    Pup,8.150455,-19.245014,4.4,B5V
HIP 39919,8.152641,-48.684413,5.66,B8Ib/II
HIP 39920,8.15283,-35.455015,6.21,G8III
HIP 39938,8.156404,42.430609,6.26,K3III:
HIP 39943,8.157926,-16.248922,5.66,B4V
Gam2Vel,8.158876,-47.336588,1.75,WC8 + O9I
HIP 39957,8.159342,-56.085384,5.66,A3m...
HIP 39958,8.159773,29.093076,6.47,G0II
HIP 39961,8.159977,-44.122773,5.2,B2IV-V
HIP 39970,8.161988,-47.937193,5.23,B1IVe
HIP 39974,8.163249,-42.640803,6.27,B+...
HIP 39995,8.167719,58.248242,5.91,K4III:
HIP 40007,8.170308,25.844481,6.44,K0
HIP 40016,8.17238,-49.237347,6.46,B3IV
14Psi Cnc,8.174218,25.507334,5.73,G8IV
18    Pup,8.177731,-13.799207,5.53,F7V
HIP 40058,8.183024,14.629474,6.22,A1V
HIP 40063,8.183801,-37.292372,6.42,B0III
HIP 40077,8.186332,-48.461994,5.83,B3V
19    Pup,8.187863,-12.926999,4.72,K0III
HIP 40085,8.187944,9.82123,6.08,B6III
HIP 40086,8.18835,54.540238,6.48,G5
HIP 40091,8.189304,-39.618545,4.44,K4III
HIP 40096,8.190526,-42.987278,4.73,A7Ib
HIP 40107,8.192501,-7.772539,5.36,G8III
HIP 40155,8.199991,-46.644351,5.77,F7p
HIP 40160,8.201683,-43.40044,6.48,K3III:
Tegmine,8.203535,17.647771,4.67,G0V
HIP 40183,8.208554,-46.264285,6.0,B5V
HIP 40215,8.213552,68.474072,5.34,G8II
HIP 40220,8.214321,-37.92447,6.4,A3V
HIP 40231,8.216592,16.51432,6.03,G8III
15    Cnc,8.21913,29.656536,5.62,B9p SiCr
20    Pup,8.222213,-15.788221,4.99,G5Ib/II
HIP 40263,8.222715,-1.165885,6.48,K0
HIP 40274,8.224866,-35.899518,4.78,B2ne
HIP 40282,8.226178,-50.196072,5.52,M1III
HIP 40285,8.22671,-46.991628,5.14,B2.5IV
HIP 40291,8.228075,-33.569528,6.38,K2III
HIP 40299,8.229348,-46.578684,6.49,B3V
HIP 40305,8.230607,56.452246,5.88,G9III
HIP 40321,8.232865,-36.322281,5.09,B2V:
HIP 40324,8.232972,-36.340777,6.11,B2IV/V
HIP 40326,8.234143,-40.34789,4.42,K1II/III
HIP 40341,8.236399,-32.140711,6.07,B2V
HIP 40342,8.236428,17.675955,6.47,A0Vne...
HIP 40344,8.237017,-35.490019,5.77,K1III
HIP 40354,8.239165,13.048296,6.39,G8III
HIP 40357,8.239965,-45.834522,5.86,B2IV-V
HIP 40397,8.247567,-46.485892,6.45,B3Vnne
HIP 40429,8.254427,-62.915643,5.16,A+...
HIP 40433,8.256461,-50.449222,6.44,K3/K4III
HIP 40474,8.264031,60.380602,6.43,A7Vm
HIP 40476,8.264596,-30.925944,6.22,G6:III+...
HIP 40485,8.26634,-35.903191,6.15,K2III
Tarf,8.275256,9.185545,3.53,K4III
HIP 40559,8.281654,84.057642,6.45,A3IV
21    Pup,8.289759,-16.285111,6.32,A1V
HIP 40617,8.292125,8.86631,6.28,G8III
HIP 40639,8.296153,-36.067591,6.42,M0III + A3/5
29    Lyn,8.297338,59.571133,5.63,A7IV
HIP 40655,8.298823,-59.166825,6.47,F5V
HIP 40656,8.299522,-30.003697,6.43,K0III
HIP 40675,8.304006,15.67792,6.42,K0
HIP 40677,8.304388,54.143696,6.26,K5
HIP 40678,8.304832,-35.451703,5.59,K2III
HIP 40680,8.305219,-65.613192,5.06,K1III
HIP 40693,8.306651,-12.632173,5.95,K0V
Alp Cha,8.308703,-76.919722,4.05,F5III
HIP 40706,8.309258,-36.659288,4.44,A4m...
HIP 40749,8.318219,-48.197853,6.45,B3V
HIP 40766,8.320856,-10.165754,6.31,F3IIIp
HIP 40772,8.321437,62.507159,5.73,G8III
HIP 40787,8.324865,-34.590137,6.44,B8Ib/II
HIP 40793,8.32562,75.756907,5.55,G8III
Kap1Vol,8.330274,-71.514906,5.33,B9III/IV
HIP 40818,8.330518,3.948032,6.04,G8III
Kap2Vol,8.333486,-71.505377,5.63,A0p
18Chi Cnc,8.334406,27.217707,5.13,F6V
HIP 40858,8.336944,-0.909314,6.18,F9V
HIP 40859,8.338061,-5.32993,6.12,K2III
HIP 40866,8.339158,20.747721,5.8,K1III
30    Lyn,8.340564,57.743278,5.89,F4V
HIP 40876,8.34093,-22.92468,6.12,G8/K0III
HIP 40878,8.341423,53.574092,6.5,F0IV
Piautos,8.34226,24.022314,5.92,B9.5V
The Cha,8.344115,-77.484477,4.34,K0III-IV
HIP 40889,8.344533,72.407232,6.0,M0III
HIP 40926,8.352123,-64.106002,6.11,G6/G8III
HIP 40932,8.353361,-57.97322,5.96,B1.5III
HIP 40943,8.355846,-36.484177,5.18,B2IV-V+...
HIP 40944,8.355895,-20.079058,5.58,A3V
HIP 40945,8.356397,-33.054366,4.83,K2/K3III
HIP 40947,8.356718,-39.620714,6.15,A4V
HIP 40990,8.365169,-17.586334,5.71,K0III
Eta Vol,8.367918,-73.399985,5.28,A0/A1IV/V
HIP 41011,8.369314,74.820364,6.4,K0III...
HIP 41036,8.375046,-6.179158,6.14,A8IV
Avior,8.375236,-59.509483,1.86,K3III+B2V
HIP 41039,8.375471,-48.490381,4.79,B1V
HIP 41060,8.378907,60.631236,6.42,K0III
22    Pup,8.37968,-13.054793,6.13,K0III
HIP 41074,8.380538,-26.34822,5.88,F2Iab
Alsciaukat,8.380588,43.188131,4.25,K5III
HIP 41080,8.381693,-7.54312,5.92,M1III
HIP 41081,8.381991,-52.12373,5.89,A0V
HIP 41107,8.388037,-38.286079,6.28,M2III
20    Cnc,8.3894,18.3322,5.94,A9V
HIP 41152,8.396809,53.219712,5.52,A3V
21    Cnc,8.39867,10.632063,6.11,M2III
HIP 41191,8.405637,-80.914202,5.67,G8III
HIP 41208,8.409193,82.430759,6.28,A2Vn
1    Hya,8.409726,-3.75124,5.61,F3V
HIP 41214,8.410121,-4.717,6.03,F2V
HIP 41224,8.411881,42.005242,6.02,K5III
HIP 41242,8.415328,-23.153745,5.67,A1III/IV
HIP 41250,8.415891,-42.769834,5.97,B3V
HIP 41260,8.417706,-24.046212,5.32,K4/K5III
HIP 41262,8.418024,35.011409,6.08,K0
HIP 41282,8.421945,-21.045956,6.01,F2/F3V
HIP 41296,8.42537,-51.727415,5.18,B2V
HIP 41299,8.426538,2.102209,5.74,K5III
HIP 41306,8.427601,-17.439405,6.44,K1III
HIP 41307,8.427676,-3.906424,3.91,A0V
Bet Vol,8.428951,-66.13689,3.77,K2IIIvar
25    Cnc,8.430523,17.046267,6.11,F6V
HIP 41321,8.431002,-64.600618,5.95,G8/K0III
HIP 41323,8.431087,-42.153072,5.45,B3V
HIP 41325,8.43188,7.564506,5.13,G8II
HIP 41328,8.432108,-14.929661,5.96,A3m...
HIP 41361,8.438259,-39.058956,6.07,B9IV/V
HIP 41373,8.440339,-52.8075,6.05,A0V
2    Hya,8.440891,-3.987479,5.6,A5III-IV
22Phi1Cnc,8.44103,27.893583,5.58,K5III
HIP 41395,8.444987,-12.534602,5.52,K1/K2III
27    Cnc,8.445539,12.654612,5.56,M3III
23Phi2Cnc,8.446408,26.935489,6.3,A3V+...
HIP 41426,8.449383,-52.70495,6.49,F5V...
HIP 41449,8.454561,-31.672734,6.33,G8III
HIP 41451,8.45466,-70.093482,5.51,A0V
HIP 41483,8.46017,-53.08848,5.08,A9/F0III/IV
HIP 41484,8.460219,45.652987,6.32,G5V
HIP 41515,8.466506,-35.113761,5.75,B2V
HIP 41547,8.472163,-8.81628,6.43,K0
HIP 41564,8.474765,-2.517126,6.42,A5m
HIP 41572,8.476678,-23.070981,6.5,A1/A2V
28    Cnc,8.476884,24.144934,6.05,F0Vn
29    Cnc,8.477039,14.210822,5.94,A5V
HIP 41597,8.480834,-9.748582,6.01,F2III
HIP 41616,8.484654,-47.928923,5.33,B2IV
HIP 41621,8.485436,-44.160413,5.82,B2V
HIP 41639,8.490968,-44.724812,5.03,B+...
HIP 41644,8.491613,-54.211761,6.44,Ap Si
HIP 41653,8.493442,-55.190936,6.36,G0V
HIP 41674,8.496011,-46.331693,5.98,B7IV
HIP 41676,8.496182,67.297441,5.89,G8III
Muscida,8.504431,60.718169,3.35,G4II-III
HIP 41723,8.507948,-32.159285,5.61,K3III
HIP 41737,8.510898,-44.73732,6.3,B4V
HIP 41781,8.51962,-47.86662,6.39,B2.5V
HIP 41798,8.522213,37.264942,6.18,A0V
HIP 41806,8.523527,-39.06411,6.31,B5V
HIP 41813,8.524883,-54.39401,6.34,K3III
30Ups1Cnc,8.525145,24.081105,5.71,F0IIIn
HIP 41817,8.525257,-19.577462,5.42,B9.5IV/V
31The Cnc,8.526592,18.09442,5.33,K5III
HIP 41833,8.528138,18.987732,6.5,K0
HIP 41861,8.534712,-53.21192,5.68,G8III+...
HIP 41893,8.5426,-15.030143,6.38,A7IV/V
HIP 41894,8.542623,53.114848,6.23,K0IV
34    Cnc,8.544409,10.066008,6.48,A1V
HIP 41905,8.544585,-47.042108,6.49,K2III
HIP 41907,8.544957,-73.35679,6.11,G8III
33Eta Cnc,8.545139,20.441162,5.33,K3III
HIP 41926,8.547669,-31.500853,6.38,K0V
HIP 41927,8.548135,69.319901,6.31,K0
HIP 41935,8.54861,38.016368,5.88,K2III
HIP 41939,8.549584,-34.634039,6.36,G8III
32Ups2Cnc,8.55003,24.08479,6.35,G9III
HIP 41941,8.550517,-45.752906,6.36,B5III
HIP 41949,8.551346,-24.60696,6.19,F2IV/V
HIP 41970,8.555517,-38.370676,6.48,B2/B3V
32    Lyn,8.556042,36.436429,6.2,F5Vbwvar
HIP 41986,8.55841,-46.970661,6.25,K3III
HIP 42001,8.560676,-38.848815,5.92,B5III
HIP 42008,8.562077,4.757,5.89,G5III
HIP 42010,8.562513,13.257311,6.26,K0III
HIP 42028,8.567116,-2.151555,5.8,A1V
HIP 42049,8.570375,8.452339,6.04,F3IV
HIP 42070,8.574793,-37.611169,6.28,M0III
HIP 42071,8.574918,-27.098161,6.4,K3III
HIP 42075,8.57554,-32.598744,6.41,G5V
2    UMa,8.576711,65.14517,5.47,A2m
HIP 42088,8.578778,-49.944203,5.01,K1/K2II
33    Lyn,8.578858,36.419619,5.76,A2Vnn
HIP 42123,8.586812,-39.970452,6.44,G1V
HIP 42129,8.587658,-58.224735,5.27,B3V+...
HIP 42134,8.5888,-58.009228,4.84,K0III
HIP 42142,8.590266,2.743449,6.35,G9III
3    Hya,8.591166,-7.982292,5.72,A1spe...
HIP 42147,8.591307,-26.843487,5.95,A1V+...
HIP 42172,8.597493,6.62022,5.91,F8V
HIP 42177,8.597787,-50.969651,5.79,B8 Si
HIP 42187,8.602142,15.313632,6.33,F0IV
HIP 42249,8.613547,74.723677,6.31,A2m
36    Cnc,8.61827,9.65558,5.92,A3V
HIP 42286,8.6219,-62.853465,5.45,K0III
HIP 42299,8.624215,-4.933999,6.18,K0
HIP 42312,8.627399,-42.989081,4.11,A6II
4Del Hya,8.627602,5.703782,4.14,A1Vnn
Eta Pyx,8.631154,-26.255,5.24,A0V
HIP 42365,8.638607,32.802021,5.96,K2III:
HIP 42372,8.639504,53.401539,5.66,G8IV
HIP 42394,8.644526,-19.736904,6.32,M1III
HIP 42400,8.645782,-53.090381,6.45,B8Vn
Minchir,8.645955,3.341435,4.45,K2III
HIP 42415,8.649972,52.925079,6.34,K0
The Vol,8.651428,-70.386745,5.19,A0V
HIP 42430,8.652198,-22.661875,5.05,G3/G5V
HIP 42434,8.652802,59.939126,6.47,A2Vn
3Pi 1UMa,8.653257,65.020907,5.63,G1.5Vb
HIP 42440,8.653672,-60.317289,6.35,A0V
HIP 42452,8.654898,52.711623,5.91,K1III:
HIP 42455,8.656144,-36.606685,6.12,F3/F5V
HIP 42459,8.656626,-53.439767,5.45,B5V
HIP 42462,8.656821,8.0176,6.46,K1III
Zet Pyx,8.661799,-29.561084,4.86,G5III
HIP 42484,8.661841,73.629678,6.16,G7III
HIP 42504,8.666002,-53.054729,5.18,B4IV
6    Hya,8.667076,-12.475372,4.98,K3III
Bet Pyx,8.668373,-35.308352,3.97,G5II/III
39    Cnc,8.66845,20.007788,6.39,K0III
4Pi 2UMa,8.67024,64.327936,4.59,K2III
HIP 42535,8.671521,-53.015398,5.56,B7Vn
HIP 42536,8.671554,-52.921887,3.6,B3IV
HIP 42538,8.671748,31.941898,6.21,F5III
HIP 42540,8.671996,-40.263875,5.2,Ap (SiCr)
HIP 42549,8.672802,19.669938,6.42,K0III
Meleph,8.67417,19.544808,6.29,Am
HIP 42564,8.676461,-45.191103,5.67,M0III
HIP 42568,8.676953,-59.761003,4.31,B1.5III
HIP 42570,8.677103,-46.648744,3.77,F3Ia
HIP 42579,8.678761,-57.54549,6.34,A3V
34    Lyn,8.683629,45.83401,5.35,G0IV
HIP 42614,8.684812,-48.92268,5.9,B1.5V
HIP 42624,8.686982,-47.317125,4.74,A5II
Eta Cha,8.688773,-78.963359,5.46,B9IV
9    Hya,8.695371,-15.943384,4.87,K0IIICN...
HIP 42679,8.699142,-45.410714,5.2,B5Iab
HIP 42701,8.702726,-11.966008,6.46,A5m
HIP 42712,8.704498,-48.09909,5.48,B1.5Vn
HIP 42715,8.705278,-53.100056,5.49,B8...
HIP 42717,8.705793,-55.774557,6.26,K2III
HIP 42726,8.707054,-53.113984,4.83,B3IV
HIP 42775,8.715833,-35.943301,6.42,A0V
HIP 42777,8.716713,46.900845,6.21,G8III
HIP 42794,8.720081,-79.070082,6.05,A7V
45    Cnc,8.720091,12.680876,5.62,A3V+...
7Eta Hya,8.72041,3.398662,4.3,B3V...
Asellus Borealis,8.721431,21.468501,4.66,A1IV
Alp Pyx,8.726539,-33.186385,3.68,B1.5III
HIP 42834,8.727854,-49.822802,5.15,B0IIIn
HIP 42835,8.727882,-7.23373,4.63,G2Ib
HIP 42850,8.731758,-68.21158,6.33,K3III:
HIP 42854,8.733272,4.334558,6.37,B9.5III-IV
HIP 42884,8.739987,-42.649276,4.05,G5III
HIP 42895,8.74167,-65.825429,6.03,A9V
Asellus Australis,8.74475,18.154309,3.94,K0III
Alsephina,8.745059,-54.708821,1.93,A1V
49    Cnc,8.745844,10.08167,5.63,A1p...
HIP 42923,8.747758,-37.147249,5.74,B2III
HIP 42928,8.748653,-21.167826,6.1,A5V
10    Hya,8.750356,5.680588,6.13,A6V
HIP 42936,8.751541,-58.724319,6.2,B7III
HIP 42951,8.755769,-2.601062,6.41,F2+...
46    Cnc,8.755951,30.697752,6.12,G5III
HIP 42981,8.759685,4.664376,6.45,K0
HIP 43002,8.76369,-25.388088,6.07,A3IV/V
HIP 43012,8.765339,-79.504373,5.79,K5III
HIP 43023,8.767124,-46.041527,3.87,A1III
HIP 43026,8.767354,-2.048655,5.7,K0III:
HIP 43035,8.768576,-11.006768,6.22,K5III
12    Hya,8.772927,-13.54772,4.32,G8III
HIP 43073,8.773267,-41.125389,6.21,B9V
HIP 43082,8.775152,-45.912504,5.43,B3Ia
48Iot Cnc,8.778284,28.759898,4.03,G8Iab:
HIP 43105,8.778487,-56.769776,4.5,B3Vne
Ashlesha,8.779587,6.418809,3.38,G0III-IV
HIP 43114,8.780345,-34.622945,6.33,B3V
50    Cnc,8.782227,12.109952,5.89,A1V
HIP 43142,8.787496,-1.897033,5.28,A3V
HIP 43148,8.788568,-46.155415,5.71,F0Ib
HIP 43152,8.789297,-17.052878,6.48,A2V
HIP 43177,8.794554,-41.736792,6.35,G0Ia0:
HIP 43195,8.800064,-52.850151,6.29,B8V
HIP 43204,8.801355,-6.558839,6.09,K0
HIP 43209,8.802438,-42.463446,6.43,B2IV
HIP 43215,8.804063,-28.6388,6.42,M5III
13Rho Hya,8.807214,5.837812,4.35,A0Vn
HIP 43246,8.810403,-1.044836,6.42,K0
HIP 43266,8.813686,66.708083,6.2,B8V
14    Hya,8.822702,-3.443023,5.3,B9MNp...
HIP 43325,8.827545,-40.320158,5.47,A2/A3IV
HIP 43338,8.829151,-21.04844,6.48,A6IV
HIP 43347,8.8299,-45.307875,4.94,A2III
HIP 43351,8.830593,-72.55124,6.1,A3m...
HIP 43352,8.830972,-32.780525,5.19,G8III
HIP 43354,8.831212,-39.141603,6.38,A2/A3II/III
HIP 43370,8.833953,-29.462997,5.86,G8III
HIP 43392,8.839172,-42.089791,6.0,O9V
HIP 43394,8.839344,-28.617619,6.17,B9V
Gam Pyx,8.842204,-27.709844,4.02,K3III
HIP 43410,8.842286,33.285052,6.22,F7Vn
HIP 43413,8.842628,-46.529187,5.09,B0III
HIP 43414,8.842982,-66.792981,5.34,F5IV
HIP 43427,8.845868,18.832183,6.41,A2Vs
54    Cnc,8.850407,15.350651,6.36,G2IV
15    Hya,8.859559,-7.177226,5.55,A4m
HIP 43499,8.860145,-57.633577,5.59,B8III
HIP 43520,8.863899,-44.150931,6.38,B3V
HIP 43528,8.865443,-40.986584,6.49,Ap...
35    Lyn,8.865787,43.726603,5.15,K0III
HIP 43550,8.869453,42.002735,5.98,K0III
HIP 43553,8.869936,45.312819,5.96,K0III
HIP 43570,8.873384,5.340311,6.34,A5V
HIP 43573,8.873927,-32.509322,6.49,K2/K3III
53    Cnc,8.874608,28.259159,6.25,M3III
HIP 43580,8.875212,-13.232942,6.12,K1III
51Sig1Cnc,8.876284,32.474157,5.67,A8Vms
Copernicus,8.876625,28.330819,5.96,G8V
HIP 43589,8.877391,-48.359097,5.92,B3Vn
HIP 43590,8.877416,-36.545342,6.41,G8III+...
HIP 43593,8.878005,-52.128906,6.39,A0V
HIP 43603,8.880005,-38.724086,5.79,K5/M0III
HIP 43620,8.884386,-56.649485,6.02,A0V
HIP 43623,8.88481,-16.952471,6.43,K1III
HIP 43624,8.884983,59.05614,6.35,F5IV-V
5    UMa,8.889601,61.962268,5.72,F2III
HIP 43669,8.896851,-60.353909,5.78,B5III
HIP 43671,8.897388,-47.520778,5.31,Am
HIP 43673,8.897433,-40.447542,6.42,K0II/III+..
HIP 43685,8.898801,35.538294,6.14,A4III
57    Cnc,8.904091,30.579115,5.4,G7III
HIP 43726,8.904986,-5.434459,6.01,G3V
HIP 43763,8.915011,-58.239658,6.36,B5V
HIP 43783,8.917457,-60.644609,3.84,B8III
HIP 43797,8.919936,-54.965768,5.7,F6V
HIP 43798,8.920119,-18.241189,5.75,K2/K3III
HIP 43807,8.922002,-45.04167,6.26,B3IV
HIP 43811,8.923022,17.231276,6.28,C6II
16Zet Hya,8.92323,5.945563,3.11,G8III-IV
17    Hya,8.924891,-7.971153,6.07,A3
Del Pyx,8.925434,-27.681871,4.87,A3IV
58Rho2Cnc,8.927689,27.927481,5.23,G8II-III
HIP 43850,8.931802,-15.439536,6.47,K2III
60    Cnc,8.932097,11.626023,5.44,K5III
HIP 43853,8.932196,-23.818303,6.39,A4V
HIP 43878,8.938686,-52.723475,4.68,B5V
HIP 43894,8.941814,40.201474,5.9,F3III
HIP 43899,8.942813,-16.708748,5.95,K3III
HIP 43902,8.943622,4.236581,6.13,G8II-III
6    UMa,8.943741,64.603831,5.57,G6III
Zet Oct,8.944949,-85.663152,5.43,F0III
HIP 43923,8.947218,45.631646,5.72,K1IV
59Sig2Cnc,8.949056,32.91043,5.44,A7IV
HIP 43937,8.949562,-59.229338,4.93,B2IV-V
HIP 43957,8.9523,17.143751,6.17,K1III
62Omi1Cnc,8.954152,15.322762,5.22,A5III
63Omi2Cnc,8.959777,15.581281,5.68,F0IV
HIP 44010,8.961673,9.387764,6.19,G8III
HIP 44024,8.965434,-48.57291,5.88,G8/K0II
61    Cnc,8.966295,30.233826,6.25,F6V
Acubens,8.974784,11.857701,4.26,A5m
HIP 44075,8.978869,-16.132727,5.8,F7/F8IV/V
HIP 44093,8.981216,-47.234688,5.17,Am
HIP 44126,8.986314,18.134867,6.3,M4IIIvar
Talitha,8.986828,48.041826,3.12,A7IV
HIP 44130,8.987729,-28.806017,6.24,G8III
HIP 44143,8.990078,-59.083712,5.17,F3V
HIP 44148,8.990801,13.074391,6.49,K5III
64Sig3Cnc,8.992405,32.418559,5.23,G9III
HIP 44162,8.994421,-19.208036,6.19,F5IV/V
HIP 44191,9.001505,-41.253605,4.45,Fp
HIP 44213,9.006183,-43.173991,6.04,B3Vne
HIP 44231,9.008556,37.604353,6.21,K5
HIP 44248,9.010685,41.782911,3.96,F5V
HIP 44256,9.012707,-60.963828,5.8,G8II
HIP 44283,9.019027,-68.683916,5.89,M1III
HIP 44290,9.019838,-26.663716,6.2,K1IIICN...
HIP 44299,9.022462,-41.864254,5.56,B5V
66    Cnc,9.023369,32.252296,5.89,A2V
HIP 44315,9.025385,5.640986,6.08,F3IV+...
HIP 44331,9.027991,39.713518,6.39,A9Vn
HIP 44337,9.029046,-52.188685,5.23,Ap Si
67    Cnc,9.030234,27.902593,6.07,A8Vn
HIP 44356,9.032774,-0.482673,5.64,K0III
HIP 44367,9.03511,-39.402164,6.25,K1IIICN...
Alp Vol,9.040777,-66.396076,4.0,Am
8Rho UMa,9.04242,67.629619,4.74,M3III
69Nu  Cnc,9.045629,24.452915,5.45,A0III
HIP 44406,9.045783,7.298267,5.85,K3III:
HIP 44423,9.051483,-53.550372,6.39,B6V
Alkaphrah,9.060427,47.156525,3.57,A1Vn
HIP 44504,9.066778,54.283887,5.74,A2V
HIP 44509,9.068273,-47.44145,6.46,B4V
HIP 44511,9.069248,-47.097737,3.75,K2III
HIP 44565,9.079995,-57.852573,6.43,A8III
HIP 44574,9.081968,32.376833,6.46,A8V
HIP 44599,9.085785,-72.602705,4.47,F6II-III
HIP 44613,9.090028,48.530314,5.48,F6II-III
HIP 44626,9.093994,-70.538497,4.66,B2IVe
18Ome Hya,9.099546,5.092316,4.99,K2II-III
HIP 44665,9.102117,-64.499849,6.37,K3III
HIP 44700,9.108825,38.452215,4.56,G8Ib-II
HIP 44708,9.109454,-55.802411,6.1,B2IV-V
HIP 44717,9.111986,59.34452,6.44,A2V
HIP 44738,9.11665,1.462694,6.16,M1III
HIP 44768,9.124143,22.980872,6.39,F5V
76Kap Cnc,9.129115,10.668191,5.23,B8IIIMNp
Suhail,9.133268,-43.432589,2.23,K4Ib-II
72Tau Cnc,9.133348,29.654235,5.42,G8III
Kap Pyx,9.134133,-25.858536,4.62,K4/K5III
HIP 44825,9.13449,32.540399,6.47,F2V
11Sig1UMa,9.139867,66.873235,5.15,K5III
19    Hya,9.14505,-8.589524,5.6,B9.5III
HIP 44887,9.145426,-26.767598,6.15,A4IV
HIP 44888,9.145701,-16.277321,6.48,K0IIICN...
75    Cnc,9.146483,26.629112,5.95,G5IV
HIP 44897,9.147526,33.882217,5.95,F9V
15    UMa,9.147863,51.604648,4.46,Am
HIP 44923,9.15117,-18.328548,5.73,A0/A1V
HIP 44936,9.153198,-12.357706,5.76,G6III
Nahn,9.155982,22.045446,5.16,K0III
20    Hya,9.15988,-8.787648,5.47,G8II
HIP 44979,9.162499,-49.424383,6.48,A9Vn
HIP 44984,9.162896,11.564377,6.48,F2p
Eps Pyx,9.16567,-30.365401,5.59,A4IV
HIP 45002,9.165861,-52.082861,6.19,K1III
79    Cnc,9.172461,21.996415,6.04,G8III
13Sig2UMa,9.173204,67.134018,4.8,F7IV-V
HIP 45058,9.177444,30.963139,6.04,M6S
14Tau UMa,9.181941,63.513633,4.67,Am
HIP 45080,9.182804,-58.966896,3.43,B2IV
HIP 45085,9.184556,-44.867902,4.99,B5Ia
HIP 45097,9.186865,80.828909,6.37,F2
HIP 45101,9.187985,-62.316977,3.96,B3IV
HIP 45122,9.192607,-46.583911,5.78,B2IV-V
HIP 45127,9.194704,-39.258845,6.05,B5III
HIP 45150,9.198787,5.468629,6.34,A9IVe...
HIP 45158,9.19965,-19.747628,5.72,G8III
HIP 45166,9.203414,-76.663028,6.13,K1III
HIP 45167,9.203578,3.866978,6.14,A0V
81Pi 1Cnc,9.204878,14.996037,6.49,G9V
21    Hya,9.207234,-7.109827,6.1,A3m
HIP 45189,9.20848,-43.613262,5.56,B8V
HIP 45214,9.214061,-60.916769,6.36,B9V
HIP 45219,9.215452,-59.413928,5.54,G6II
Miaplacidus,9.220041,-69.717208,1.67,A2IV
HIP 45242,9.221852,-42.27329,6.27,K2III
HIP 45249,9.222652,-29.664369,6.38,K5III
HIP 45259,9.223839,-38.616471,6.31,A0V
HIP 45270,9.226239,-47.338407,5.92,B9V
HIP 45272,9.227017,21.283206,6.48,A2V
36    Lyn,9.230059,43.217825,5.3,B8IIIMNp
HIP 45305,9.234192,-14.694842,6.46,G6/G8III/IV
HIP 45314,9.235615,-44.145822,5.85,B6IV
HIP 45328,9.238335,-55.569629,5.26,G8II/III
16    UMa,9.239041,61.423318,5.18,F9V
22The Hya,9.239405,2.31428,3.89,B9.5V
HIP 45344,9.240136,-43.227493,5.24,B4V+...
HIP 45386,9.249213,-37.602396,5.85,K0/K1III+..
82Pi 2Cnc,9.253848,14.941507,5.36,K1III
HIP 45412,9.253963,34.633516,5.98,G6III
HIP 45413,9.254066,-45.555498,6.25,B8V
HIP 45418,9.254902,-58.388377,6.02,B7IV
HIP 45421,9.255905,84.181013,6.3,F2III
HIP 45424,9.25693,-15.024908,6.32,A0V
HIP 45437,9.259645,-57.577742,6.32,G8II
HIP 45439,9.2602,-38.569942,4.92,K1III
HIP 45448,9.262522,-37.413144,4.63,F3/F5V
17    UMa,9.263832,56.741406,5.28,K5III
HIP 45461,9.264639,72.946326,5.93,F0III
HIP 45481,9.267786,-44.898723,6.02,A1Ib+...
18    UMa,9.269808,54.021857,4.8,A5V
HIP 45496,9.270024,-57.541473,4.34,M1III
HIP 45505,9.273066,-44.265735,5.12,K3Ib
24    Hya,9.278158,-8.744759,5.49,B9III
23    Hya,9.27826,-6.353144,5.24,K2III
HIP 45543,9.282514,-11.103111,6.45,K0
HIP 45544,9.282523,-39.401539,5.31,K2III
Aspidiske,9.284838,-59.275229,2.21,A8Ib
HIP 45559,9.285478,-14.574069,5.83,K0III
HIP 45571,9.288149,-68.689642,5.38,F4V
HIP 45581,9.290334,-74.894313,5.28,A1V
HIP 45585,9.291005,-74.734591,5.86,A0V
HIP 45590,9.291993,46.817228,5.96,A1V
HIP 45603,9.295082,-54.494829,6.33,K3III
HIP 45614,9.297599,11.501146,6.4,A2IV
HIP 45615,9.297684,-67.050868,6.14,K2III
HIP 45631,9.301633,-51.050859,5.26,B7/B8III
HIP 45661,9.307199,35.36408,5.94,A8V
HIP 45675,9.311766,-51.560651,5.83,B7Iab
38    Lyn,9.314069,36.802597,3.82,A1V
HIP 45742,9.325689,-55.186471,6.28,B5V
HIP 45743,9.32587,-15.834663,5.79,K1/K2III
26    Hya,9.329551,-11.974853,4.77,G8III
HIP 45754,9.329982,-34.103339,6.4,B8V
HIP 45764,9.332156,74.016601,6.42,G8III
27    Hya,9.341394,-9.555695,4.8,F5V+...
HIP 45814,9.341576,-37.581688,6.04,K3/K4III
HIP 45836,9.345493,51.266066,6.14,F3V
HIP 45854,9.348749,-15.617826,6.3,F6V
HIP 45856,9.349117,-62.404632,4.79,G6III
HIP 45858,9.349828,38.188262,6.12,F3V+...
40Alp Lyn,9.350925,34.392562,3.14,M0IIIvar
HIP 45888,9.356557,45.370101,6.4,K0
HIP 45896,9.35755,32.902151,6.16,K3III
The Pyx,9.35822,-25.965439,4.71,M0III
HIP 45915,9.362026,56.699219,5.79,M4IIIa
HIP 45920,9.363909,-55.514686,5.61,A3IVs...
HIP 45924,9.36416,-42.19486,5.56,M3Ib
Markeb,9.368562,-55.010668,2.47,B2IV
HIP 45962,9.373331,-46.047445,5.74,G6/G8III
Lam Pyx,9.386739,-28.833873,4.71,G8III
HIP 46045,9.390381,-48.286942,6.27,B5V
HIP 46049,9.390924,-60.302314,6.3,K1/K2II/III
HIP 46058,9.392162,25.18284,6.41,G5III-IV
HIP 46067,9.394378,-46.90875,6.21,B7III
HIP 46075,9.395799,-37.7569,6.47,A1m...
HIP 46093,9.399816,-51.73708,6.05,A7Iab
HIP 46101,9.401526,-61.648902,5.99,K0III
Iot Cha,9.40268,-80.786876,5.34,F3/F5IV
HIP 46114,9.404523,-39.425502,6.05,A6/A7III
HIP 46143,9.410315,-70.075779,6.45,K1III
1Kap Leo,9.410906,26.182324,4.47,K2III
HIP 46168,9.415463,51.573896,6.3,G2III
HIP 46194,9.418852,-43.976603,6.31,M5III
28    Hya,9.423343,-5.117394,5.6,K5III
HIP 46225,9.424253,-61.950476,5.77,A4V+...
HIP 46232,9.425695,16.585588,6.31,G9III:
HIP 46247,9.428939,63.940939,6.24,K2III
HIP 46283,9.438324,-53.378909,5.09,B6V
HIP 46288,9.43953,-1.464078,6.01,K3III
HIP 46297,9.441238,-40.501706,6.19,A7III
HIP 46328,9.445596,-64.929701,6.05,A3Vn
HIP 46329,9.445806,-28.787696,6.12,B5V
HIP 46358,9.451788,-71.601895,5.46,K2III
HIP 46371,9.45511,-22.343783,4.72,K1III
Alphard,9.45979,-8.658603,1.99,K3III
HIP 46404,9.462995,-6.071187,5.38,G2V
HIP 46407,9.463651,-71.781101,6.33,F3/F5V
HIP 46410,9.464338,75.098341,6.2,A5Vs
2Ome Leo,9.474278,9.056778,5.4,F9V
3    Leo,9.474771,8.188298,5.72,K0III
HIP 46460,9.47516,-66.701877,5.9,A0V
Intercrus,9.477775,45.601483,5.4,K0III-IV
HIP 46482,9.479763,-62.273134,5.91,K1III
HIP 46504,9.483972,-1.256913,6.27,F0Vn
31Tau1Hya,9.485805,-2.768964,4.59,F6V
HIP 46511,9.486845,-20.749127,5.66,K4/K5III
Eps Ant,9.487423,-35.951335,4.51,K3III
HIP 46517,9.487831,-38.403542,6.15,A6V
HIP 46529,9.490123,-2.205172,6.14,F0III
HIP 46543,9.492338,-4.246636,6.25,G6IV
HIP 46566,9.496609,55.745233,6.5,F3Vs
HIP 46569,9.497187,-23.345342,6.26,K2/K3III
HIP 46578,9.498474,-26.589616,5.49,K2IIICNII
HIP 46594,9.501421,-51.517164,5.45,B8V
HIP 46618,9.506246,-15.577352,5.86,K2III
HIP 46620,9.50651,-58.361839,5.88,M2III
Psi Vel,9.511674,-40.466769,3.6,F2IV
7    LMi,9.512006,33.655711,5.87,G8III:
Zet1Ant,9.512804,-31.889222,5.75,A0
HIP 46701,9.520371,-57.034377,3.16,K5III
23    UMa,9.525453,63.061861,3.65,F0IV
Zet2Ant,9.525601,-31.871831,5.91,A9IV
8    LMi,9.525671,35.103273,5.39,M1III
HIP 46736,9.52584,-35.71475,5.86,K3III
HIP 46737,9.525844,-66.719026,6.27,K1III
HIP 46741,9.526752,-73.080913,5.46,K4III
HIP 46744,9.527497,-10.552013,6.13,F0Vn
Alterf,9.528675,22.967971,4.32,K5IIIvar
HIP 46768,9.532142,-10.370341,6.12,K0
5Xi  Leo,9.532428,11.299827,4.99,K0IIIvar
6    Leo,9.53266,9.715767,5.07,K3III
32Tau2Hya,9.533036,-1.184664,4.54,A3V
HIP 46810,9.538443,-28.627769,6.43,F3V
HIP 46811,9.538688,-40.649335,5.35,G8III
HIP 46813,9.539003,-19.400303,5.74,A4III
HIP 46840,9.544832,1.864151,6.11,F7IV-V
25The UMa,9.547715,51.6773,3.17,F6IV
HIP 46859,9.548826,-13.516804,5.95,K4III
HIP 46869,9.550548,-8.505374,6.12,K0
HIP 46874,9.552135,-39.129073,6.43,F2IV/V
HIP 46879,9.553126,45.513758,6.49,K0
HIP 46880,9.553461,-21.115722,5.02,K0III
HIP 46891,9.555082,28.36794,6.5,A3Vnn
HIP 46893,9.555529,-7.190204,6.25,K0
HIP 46897,9.557237,-22.863883,5.92,B9.5V
9    LMi,9.558433,36.486949,6.19,K4III:
HIP 46914,9.562374,-49.005072,5.12,B4IV
Zet Cha,9.564857,-80.941258,5.07,B5V
HIP 46938,9.566429,23.453919,6.26,K7III
HIP 46950,9.56911,-51.255266,5.01,B1.5IV
10    LMi,9.570384,36.397558,4.54,G8III
HIP 46974,9.574071,-59.229753,4.08,B5II
24    UMa,9.574703,69.830343,4.54,G4III-IV
33    Hya,9.575736,-5.914948,5.56,K1III
26    UMa,9.580405,52.051477,4.47,A2V
22    UMa,9.581508,72.205679,5.77,F7V
HIP 47029,9.584399,39.621493,4.81,K0III
HIP 47039,9.58662,-35.82375,6.48,F5V
HIP 47070,9.592723,-19.583394,6.33,A0V
11    LMi,9.594334,35.810133,5.4,G8IV-V
7    Leo,9.598024,14.379588,6.32,A1V
HIP 47119,9.601884,74.318805,6.46,B9V
HIP 47145,9.607058,-48.751179,6.18,F0p
HIP 47168,9.611903,31.161734,5.57,M2III
HIP 47172,9.612872,-52.94367,6.18,K1III
HIP 47175,9.613772,-49.355026,4.34,A5V
HIP 47187,9.616725,-25.296759,5.68,K0III
8    Leo,9.617384,16.437952,5.73,K1III
HIP 47193,9.618151,81.326382,4.28,K3III
HIP 47199,9.619413,-32.178646,5.62,K1III
HIP 47204,9.620184,-53.668508,5.44,A2/A3V
10    Leo,9.620185,6.835802,5.0,K1IIIvar
HIP 47224,9.624557,-36.095994,5.96,K2III
HIP 47231,9.627088,60.213682,6.41,G5
HIP 47242,9.629427,-3.170642,6.45,K0
34    Hya,9.630974,-9.424446,6.4,A1V
HIP 47260,9.632295,73.080394,6.39,F2V+...
HIP 47267,9.633736,-43.190944,5.51,G8II
42    Lyn,9.639383,40.239793,5.28,F0V
HIP 47310,9.640913,4.649293,4.68,K3III
HIP 47391,9.655839,-61.32806,4.51,B9V
HIP 47401,9.65775,67.27223,5.96,K5
HIP 47422,9.662538,-62.942923,6.4,B8/B9III/IV
37    Hya,9.66317,-10.570271,6.31,A0Vn
Ukdah,9.664267,-1.14281,3.9,K3IIIvar
38Kap Hya,9.671768,-14.332292,5.07,B4IV/V
HIP 47454,9.672241,-10.769185,6.37,A2V
HIP 47479,9.678494,-57.983553,5.3,A3IV
HIP 47498,9.68393,-57.259542,5.8,K0/K1III
Subra,9.685843,9.892308,3.52,A5V+...
HIP 47521,9.687985,55.866491,6.5,K1III-IV
HIP 47522,9.688058,-23.591514,4.76,B5V
HIP 47544,9.693087,31.277817,5.9,K6III
13    Leo,9.694024,25.912876,6.26,K2III:
HIP 47559,9.696648,-55.213762,5.99,B4V
43    Lyn,9.700098,39.757851,5.61,G8III
HIP 47591,9.703605,-66.91482,6.33,A0V
HIP 47592,9.704011,-23.915569,4.93,G0V
HIP 47594,9.704137,69.237537,5.72,G9III:
HIP 47627,9.711487,-35.501709,6.39,Asp...
13    LMi,9.711873,35.093371,6.12,F3V
HIP 47633,9.711973,48.431,6.36,A1V
27    UMa,9.715895,72.252618,5.15,K0III
HIP 47664,9.718605,54.363703,6.5,A5m
HIP 47694,9.724331,-51.228136,6.15,B6V
15    Leo,9.725906,29.974473,5.64,A2IV
HIP 47717,9.728406,-53.891282,5.56,A0V
16Psi Leo,9.728862,14.021692,5.36,M2III
The Ant,9.736694,-27.769471,4.78,A7V+...
HIP 47779,9.741668,18.863492,6.49,K0
HIP 47791,9.743498,64.984112,6.18,F3Vn
HIP 47854,9.754117,-62.507903,3.69,G5Iab/Ib
HIP 47868,9.756113,-30.20275,6.45,B0IV
HIP 47884,9.758601,78.134709,6.25,K2III
HIP 47893,9.761286,-57.186041,6.47,B8III/IV
Ras Elased Australis,9.764188,23.774255,2.97,G0II
HIP 47913,9.76549,-58.793828,6.22,F5IV
HIP 47943,9.769457,6.708556,5.8,M1III
Nu  Cha,9.772352,-76.77612,5.43,G8III
18    Leo,9.773147,11.810043,5.67,K4III
HIP 47960,9.773225,1.785586,5.65,F4IV
HIP 47963,9.775104,-44.75506,5.58,B2.5IV
HIP 47965,9.775462,57.12807,5.09,M3III
Ups Car,9.785036,-65.072007,2.92,A9
HIP 48017,9.788366,79.13668,6.09,F0V:
HIP 48023,9.789499,23.647686,6.49,K0
19    Leo,9.790546,11.568165,6.44,A7Vn
HIP 48113,9.80981,46.021008,5.08,G2V
HIP 48119,9.811118,-56.41189,6.05,K0III
HIP 48191,9.824471,-37.186765,5.95,K2III
20    Leo,9.830582,21.179422,6.1,A8IV
HIP 48219,9.830931,-36.268463,6.36,K0III
HIP 48224,9.832541,-45.732736,5.09,B7III
HIP 48266,9.839898,65.593226,6.27,A9Vn
4    Sex,9.841689,4.34365,6.24,F6V...
HIP 48287,9.844985,-46.933923,5.72,K0IIICN...
HIP 48310,9.848775,-62.745116,5.56,K1IIICN...
29Ups UMa,9.849867,59.038735,3.78,F0IV
HIP 48320,9.850222,-80.061059,6.47,B8IV
23    Leo,9.850551,13.066239,6.45,M0III
HIP 48339,9.853347,-59.425774,5.79,K2IIICNp...
6    Sex,9.853898,-4.24335,6.01,A8III
HIP 48348,9.855481,-46.193871,5.62,K2III
HIP 48351,9.856005,-6.181928,6.42,F8V
Zhang,9.85797,-14.846603,4.11,G6/G8III
HIP 48374,9.861298,-46.54762,4.58,G5Ib
HIP 48375,9.861449,-11.340507,6.48,M2III:
22    Leo,9.864732,24.395369,5.29,A5IV
HIP 48396,9.866537,-16.534775,6.08,K0III
30Phi UMa,9.868433,54.064332,4.55,A3IV
HIP 48413,9.869996,0.07561,6.34,G9III
7    Sex,9.870045,2.454131,6.02,A0Vs
8Gam Sex,9.875121,-8.10503,5.07,A2V
Rasalas,9.879398,26.006951,3.88,K0III
HIP 48468,9.882791,-27.332172,6.28,G1V
HIP 48469,9.88336,-55.373208,6.5,B1V
HIP 48519,9.895257,5.958573,5.9,M2III
HIP 48527,9.897251,-51.146713,5.95,B2V
HIP 48559,9.903425,-25.932345,4.87,K2III
HIP 48561,9.904905,-45.283516,5.72,B+...
HIP 48584,9.908838,-22.487456,6.23,A2/A3III
HIP 48613,9.914234,-50.243959,5.71,A0V
Felis,9.914503,-19.00936,4.94,K5III
HIP 48638,9.917598,61.116123,6.29,K0
31    UMa,9.928612,49.819843,5.27,A3III
HIP 48706,9.934816,-40.824546,6.39,M1III
HIP 48715,9.936042,-71.3893,6.3,B1Ib
HIP 48730,9.939416,-51.336158,6.39,B2IV-V
HIP 48734,9.940549,8.933157,5.85,K2III:
HIP 48748,9.943192,-33.418496,5.83,K1III
HIP 48763,9.946347,-26.549672,6.27,A4V
Phi Vel,9.947708,-54.56779,3.52,B5Ib
HIP 48776,9.94836,-27.475154,6.32,A4V
HIP 48782,9.949952,-69.101804,6.18,B3V
HIP 48799,9.95304,-52.638783,6.13,B3IV
HIP 48802,9.953776,57.418196,5.97,G8III
19    LMi,9.96141,41.055633,5.11,F6Vs
HIP 48835,9.961833,-48.414075,6.06,B3V
HIP 48839,9.962195,-1.94175,6.43,G5
HIP 48861,9.96579,45.414298,6.34,K0III
HIP 48876,9.968786,8.313979,6.05,K3III
27Nu  Leo,9.970382,12.4448,5.26,B9IV
HIP 48893,9.973019,72.879509,5.86,K3III:
HIP 48895,9.973902,27.758999,6.48,F3V
Eta Ant,9.981191,-35.890973,5.23,A8IV
HIP 48943,9.985085,-23.95077,6.11,B5V
HIP 48982,9.993395,29.645233,5.75,G9III:
HIP 49005,9.997695,56.811807,5.5,K5III
29Pi  Leo,10.003557,8.044223,4.68,M2III
HIP 49052,10.009597,-56.946108,6.5,K0III
Mu 1Cha,10.012191,-82.21467,5.53,A0IV
20    LMi,10.016864,31.923672,5.37,G1V
HIP 49092,10.02,-56.096559,6.42,B8
HIP 49137,10.027977,-53.364115,6.2,B2.5V
HIP 49160,10.032797,-57.349789,6.2,K1II
HIP 49164,10.033361,-60.42089,5.93,A9IV
HIP 49220,10.046931,21.949258,5.68,B2.5IV
HIP 49223,10.04706,-62.156667,6.41,K3Ib
HIP 49233,10.049985,-60.178675,6.18,A6II/III
HIP 49259,10.055719,-46.636191,6.11,A0V
HIP 49281,10.05948,-61.88404,6.14,B4:Vne
HIP 49293,10.061385,-9.573792,6.09,K0
HIP 49321,10.067448,-18.101406,6.3,B8V
13    Sex,10.069009,3.201055,6.43,F4V
HIP 49339,10.072486,-24.285534,5.7,F0V
HIP 49343,10.073158,-39.975858,6.42,K1III
HIP 49363,10.076759,53.891716,5.71,F5V
HIP 49394,10.083846,-51.31362,6.23,B8/B9III
40Ups2Hya,10.085408,-13.064626,4.6,B8V
HIP 49408,10.086219,52.371302,6.31,A5IV
HIP 49418,10.087578,-36.384381,6.27,K1III
HIP 49445,10.0947,15.757506,6.36,F2Vn
HIP 49477,10.102009,-52.187939,6.5,K0III
HIP 49485,10.103115,-47.369995,5.06,K0IV
14    Sex,10.113174,5.611493,6.2,K1III
HIP 49569,10.119305,-17.141733,5.59,K4III
30Eta Leo,10.122209,16.762664,3.48,A0Ib
21    LMi,10.123821,35.244693,4.49,A7V
HIP 49619,10.126589,-48.26082,6.4,B3III
31    Leo,10.131742,9.997508,4.39,K4III
15Alp Sex,10.1323,-0.371637,4.48,A0III
HIP 49642,10.132398,-62.221416,6.45,Ap Si
HIP 49645,10.133793,-37.333445,6.34,K0III
HIP 49658,10.137749,31.604053,6.23,F4V
Regulus,10.139532,11.967207,1.36,B7V
HIP 49688,10.142888,83.918372,6.31,K0
HIP 49689,10.143174,-15.611939,6.25,A0V
HIP 49698,10.145223,-65.815438,5.26,K0III
HIP 49712,10.148957,-51.811261,4.85,B3IV
HIP 49764,10.158386,-68.682779,5.8,A0IV
HIP 49769,10.158841,-35.856771,6.14,G1V
HIP 49802,10.165691,-12.095305,6.24,A5m
HIP 49809,10.168302,-12.815923,5.3,F2/F3IV/V
17    Sex,10.168761,-8.40817,5.91,A1V
41Lam Hya,10.176467,-12.354083,3.61,K0III
HIP 49844,10.177142,-41.715247,5.98,K3III
18    Sex,10.182184,-8.418462,5.64,K2III
HIP 49870,10.183047,40.661608,6.34,K3III:
HIP 49893,10.186884,37.4019,5.86,K3III
HIP 49900,10.188268,-7.316626,6.23,A2Vn
HIP 49926,10.193187,-58.827762,6.07,M5III
34    Leo,10.193947,13.355114,6.43,F7V
HIP 49934,10.19624,-58.060544,5.7,B2IVnpe
HIP 49967,10.200793,-28.605956,6.28,A0V
HIP 49994,10.206373,-52.163242,6.16,K2IIICN...
HIP 50013,10.210547,-19.15304,6.45,F7V
19    Sex,10.213435,4.61468,5.77,K0III:
HIP 50044,10.216988,-59.918088,6.07,B4Ve
HIP 50066,10.222069,-27.028891,6.23,A9m...
HIP 50067,10.222553,-61.658829,6.42,B2V
HIP 50069,10.222861,-56.586697,6.48,K2III
HIP 50070,10.223016,-51.232971,5.27,A7V
HIP 50075,10.223548,-33.031722,6.38,G0V
HIP 50078,10.224448,-51.755788,5.78,A3IV/V
HIP 50083,10.225184,-66.372811,5.15,Am
Ome Car,10.228961,-70.037903,3.29,B8III
HIP 50103,10.229427,-40.346056,5.91,K1III
HIP 50109,10.230474,27.135819,6.05,G5III-IV
HIP 50122,10.232379,-40.310774,6.33,G8III
HIP 50142,10.235823,-23.813946,6.36,M1III
HIP 50174,10.241598,21.168058,6.02,F9V
HIP 50191,10.245607,-42.121942,3.85,A2V
22    LMi,10.251762,31.468066,6.47,G8III
HIP 50222,10.252127,59.985539,6.18,M0IIIvar
HIP 50232,10.254624,-54.974207,6.16,B2IV-V
HIP 50234,10.255799,-36.517717,6.17,K0III
HIP 50241,10.258767,-43.112369,5.59,K4III
HIP 50287,10.267565,-59.903411,6.22,A5V
HIP 50292,10.269166,-11.203419,6.08,K0
23    LMi,10.270677,29.310501,5.49,A0Vn
24    LMi,10.274469,28.682479,6.46,G0V
35    Leo,10.275639,23.503095,5.95,G2IV
HIP 50332,10.277819,-51.204636,6.2,M4/M5III
37    Leo,10.277983,13.728334,5.42,M1III
Adhafera,10.278171,23.417311,3.43,F0III
HIP 50336,10.278268,25.370705,5.84,K2III:
HIP 50371,10.28472,-61.332304,3.39,K3II
Tania Borealis,10.284952,42.914365,3.45,A2IV
39    Leo,10.287378,23.10622,5.81,F8Vw
HIP 50391,10.288941,-46.834942,6.48,A8V+...
22Eps Sex,10.293834,-8.068914,5.25,F2III
32    UMa,10.300583,65.108351,5.74,A8III
HIP 50456,10.302109,-28.992,5.52,B9.5Ib/II
HIP 50480,10.307847,-41.66849,5.97,B9V
HIP 50485,10.309123,43.048445,6.48,G5
HIP 50492,10.310516,-36.804572,6.31,K2/K3III
HIP 50493,10.310561,-56.110393,5.8,F6V
HIP 50509,10.316317,46.760778,6.42,K1III
HIP 50516,10.316864,24.712138,6.42,K0
HIP 50520,10.318083,-64.676258,5.66,A1V
HIP 50536,10.321353,-12.528132,6.01,A8III
HIP 50546,10.324117,48.396762,6.0,K0
HIP 50552,10.325651,-5.106148,6.38,K0
HIP 50555,10.326877,-55.029305,4.59,K3II
HIP 50562,10.328344,-65.137238,6.35,K2II
40    Leo,10.328938,19.470914,4.78,F6IV
Algieba,10.332873,19.841489,2.01,K0III
HIP 50584,10.333189,-9.059004,6.31,F1IV
HIP 50606,10.337452,53.779391,6.45,F9V
HIP 50609,10.337977,-47.69909,5.66,K5/M0III
HIP 50635,10.34199,54.216839,6.01,K3III:
HIP 50676,10.348557,-56.04322,4.5,B3III
HIP 50685,10.350943,68.747651,5.88,A7Vn
HIP 50693,10.352211,-17.984959,6.5,F3IV
HIP 50728,10.357963,-23.710834,6.47,A4IV/V
42    Leo,10.363973,14.975773,6.16,A1V
HIP 50785,10.369569,-58.265572,6.34,G6III
HIP 50786,10.369607,41.22953,5.73,F7V
HIP 50790,10.370261,-19.866571,6.12,A0V
HIP 50799,10.372108,-41.64996,4.82,K1IIIvar
Tania Australis,10.372155,41.499516,3.06,M0III SB
HIP 50847,10.382824,-66.901498,4.97,B8V
43    Leo,10.383458,6.542643,6.06,K3III
27    LMi,10.385091,33.908145,5.89,A6V
HIP 50868,10.386983,-30.162263,6.25,A9IV
25    Sex,10.390688,-4.074035,5.93,B9p Si(CrSr)
HIP 50887,10.391214,-0.902244,6.45,G5
HIP 50888,10.391478,-38.009839,5.34,A8V
HIP 50893,10.392405,-3.642854,6.39,K5
HIP 50903,10.394624,-41.953189,6.24,K0IV
HIP 50904,10.394933,29.615856,6.36,G8III
HIP 50916,10.397401,-57.953933,6.34,K5Ib-II
HIP 50933,10.402182,65.566423,4.94,A0sp...
28    LMi,10.40239,33.718531,5.52,K1III
HIP 50939,10.40366,2.368018,6.33,G9V
HIP 50954,10.406592,-74.031612,3.99,F2IV
HIP 50976,10.412375,-73.971732,6.18,A2/A3V
HIP 50993,10.416516,-58.576303,5.93,F2III
44    Leo,10.420887,8.784845,5.61,M2IIIs
HIP 51014,10.421449,-42.467404,6.18,G8III
HIP 51046,10.428964,-7.059829,5.6,M0.5III
HIP 51047,10.429149,35.42543,6.49,K1III
30    LMi,10.431895,33.79612,4.72,F0V
42Mu  Hya,10.434842,-16.83629,3.83,K4III
HIP 51077,10.43607,-42.738494,6.13,K1III
HIP 51117,10.443587,-0.988055,6.33,K0
HIP 51140,10.446924,-54.877302,5.58,K3II/III
HIP 51161,10.450135,19.364538,6.15,K0
Alp Ant,10.45253,-31.067779,4.28,K4III
HIP 51192,10.456798,-57.638805,4.65,A6Ia
HIP 51194,10.457042,-65.704664,6.0,A2V
HIP 51200,10.457792,41.601035,6.0,A2V
45    Leo,10.460831,9.762396,6.01,A0sp...
HIP 51232,10.464649,-58.739403,3.81,F2II
31Bet LMi,10.464727,36.707212,4.2,G8III-IV
HIP 51245,10.467247,-49.405801,6.1,K4III
HIP 51248,10.467738,48.784901,6.42,G1V
HIP 51265,10.471742,-63.164565,6.42,B2/B3III:ne
HIP 51290,10.476812,45.212211,6.37,K0
HIP 51302,10.478878,-3.742385,6.05,A1sp...
HIP 51313,10.481274,-64.172278,5.27,K3Ib
HIP 51327,10.484362,-65.176244,6.42,M1III
29Del Sex,10.491306,-2.739078,5.19,B9.5V
HIP 51364,10.491383,-29.663832,5.58,K3III
Del Ant,10.493161,-30.607065,5.57,B9/B9.5V
HIP 51384,10.495037,84.252009,5.52,F0IV
35    UMa,10.498453,65.626233,6.32,K2III:
32    LMi,10.501792,38.925132,5.79,A4V
HIP 51425,10.502445,-66.984654,6.19,B4IV
30Bet Sex,10.504855,-0.637026,5.08,B6V
HIP 51438,10.505581,-71.992793,4.72,A2III
HIP 51448,10.507396,64.257689,6.07,A7III
36    UMa,10.510461,55.980536,4.82,F8V
HIP 51461,10.510901,-61.356474,6.41,M2III
HIP 51490,10.516323,-7.63755,6.2,K5III+...
HIP 51491,10.516622,-13.58847,5.59,B8/B9IV/V
HIP 51495,10.517242,-73.22149,4.94,K4/K5III
HIP 51502,10.518048,82.558587,5.25,F2V
HIP 51523,10.522775,-53.715484,4.89,F6V
HIP 51551,10.53019,-28.237103,6.04,F6/F7V
33    LMi,10.530937,32.379554,5.9,A0IV
HIP 51560,10.532401,-45.06966,6.04,B4
HIP 51561,10.532622,-45.06671,5.76,B9
HIP 51576,10.533743,-61.685332,3.3,B4Vne
46    Leo,10.536604,14.13727,5.43,M2III
HIP 51610,10.54267,-44.618508,5.91,G6/G8III
HIP 51623,10.546615,-58.666745,5.98,A2Iab
47Rho Leo,10.546853,9.306586,3.84,B1Ib SB
HIP 51635,10.54913,-47.003353,5.02,K4III
HIP 51658,10.553865,40.42556,4.72,A7IV
HIP 51676,10.557054,-58.190149,6.09,B7Ia
34    LMi,10.558587,34.988695,5.57,A2Vn
44    Hya,10.566912,-23.745165,5.08,K5III
HIP 51732,10.570199,-60.987629,6.25,K2/K3III
48    Leo,10.580004,6.953749,5.07,G8II-III
HIP 51795,10.582696,-23.176248,6.1,F6V
49    Leo,10.583933,8.650425,5.67,A2V
HIP 51808,10.584878,75.712948,4.86,K0III
37    UMa,10.586017,57.082637,5.16,F1V
HIP 51816,10.586229,-43.664587,6.09,G8/K0II/III
HIP 51821,10.586905,-39.562589,5.5,C
HIP 51835,10.59022,-76.308986,6.29,K2III
Gam Cha,10.591166,-78.607786,4.11,M0III
HIP 51849,10.59314,-57.557636,4.45,K3/K4II
HIP 51852,10.594129,-18.568978,6.49,A5IV/V
HIP 51883,10.600558,80.494629,6.48,G4III:
HIP 51885,10.601252,-26.675479,6.29,F5V
Phi2Hya,10.604628,-16.344326,6.01,M1III
HIP 51912,10.605706,-59.564392,5.08,K1III
35    LMi,10.605949,36.326927,6.29,F3V
HIP 51933,10.608994,-12.230121,5.71,F7V
HIP 51979,10.620481,-27.412634,4.87,M1III
HIP 51984,10.621144,-53.85526,6.43,B3Vn
HIP 51986,10.621717,-48.22562,3.84,A3m+...
HIP 52004,10.624187,-58.733339,5.47,A0Ia
HIP 52009,10.625909,-13.384543,4.89,C
HIP 52032,10.631185,34.078623,6.42,K0
HIP 52043,10.63407,-57.256309,5.89,B3IV
Phi3Hya,10.643043,-16.876572,4.91,G8III
37    LMi,10.645337,31.976237,4.68,G0II
HIP 52102,10.645834,-59.182997,4.69,K4/K5III:
HIP 52103,10.645941,-59.26242,6.5,B4/B5III/IV
HIP 52112,10.64731,-42.753443,6.1,Am+...
HIP 52113,10.647337,-12.443618,6.04,A0Vn
HIP 52127,10.649906,-58.816854,5.96,M1III
HIP 52136,10.651581,53.6683,5.55,K3III
38    LMi,10.65213,37.91,5.84,F9V
HIP 52150,10.654424,-74.493384,6.08,K3II
HIP 52154,10.655112,-55.603268,4.29,G2II
HIP 52160,10.656346,-64.111788,6.33,B8V
HIP 52221,10.669848,-65.100209,5.51,B9p Si
HIP 52273,10.680984,-35.741718,6.36,G8/K0III+..
HIP 52308,10.6882,-59.676916,6.35,WN7 + A(SB1)
33    Sex,10.690052,-1.741491,6.25,K1IV
HIP 52338,10.696747,68.443499,5.74,K3III
HIP 52340,10.697657,-79.783288,5.97,B5IV
38    UMa,10.69908,65.71628,5.12,K2IIIvar
HIP 52366,10.70313,31.696998,6.02,M2III
HIP 52370,10.703926,-64.466426,4.76,B3V
HIP 52391,10.708715,-13.974514,6.24,K3/K4III:
HIP 52405,10.711269,-59.215759,5.36,B2.5Ia
HIP 52407,10.711997,-32.715673,5.63,A0V
The Car,10.715949,-64.39445,2.74,B0Vp
40    LMi,10.717191,26.325577,5.51,A4Vn
HIP 52425,10.717789,69.076214,5.01,K3III
35    Sex,10.722478,4.747669,5.77,K3III+...
41    LMi,10.7236,23.188404,5.08,A3Vn
HIP 52468,10.725639,-60.566619,4.58,K3Ib
HIP 52469,10.725822,46.203877,5.18,F5III
39    UMa,10.728702,57.199203,5.79,A0Vs
HIP 52487,10.73089,-64.249042,5.74,B3:V
HIP 52488,10.731184,-60.117783,6.45,WN7 + A
HIP 52502,10.735258,-63.961072,4.8,B5Vn
HIP 52513,10.737375,19.758834,6.27,A5V
HIP 52520,10.73891,-70.859721,6.25,A5IV/V
HIP 52526,10.739699,-59.99332,6.32,B0Ib:
HIP 52535,10.74088,-72.443498,6.26,F6V
HIP 52537,10.742331,-70.855255,6.43,A6IV
HIP 52577,10.751118,67.411384,5.95,C5II
36    Sex,10.752627,2.48797,6.27,K4III
Del1Cha,10.754546,-80.469597,5.46,K0III
Del2Cha,10.763087,-80.540188,4.45,B2.5IV
42    LMi,10.764416,30.682313,5.36,A1Vn
HIP 52660,10.768245,6.373183,6.38,K1III:
HIP 52678,10.771269,-64.514559,5.33,B7:V
HIP 52679,10.771414,-60.602872,6.26,A0IV
41    UMa,10.772919,57.365914,6.34,M1III
51    Leo,10.773484,18.891523,5.5,K3III
52    Leo,10.773689,14.194645,5.49,G4III:
HIP 52701,10.774889,-64.263242,5.23,B7IV
HIP 52709,10.776984,-43.192673,6.29,A4IV
Mu  Vel,10.779488,-49.420255,2.69,G5III SB
HIP 52730,10.780024,-69.209786,6.34,A2IV
HIP 52736,10.780898,-64.383474,4.87,B3IV
HIP 52737,10.781127,-17.296874,5.44,A3V
HIP 52742,10.782634,-56.757192,5.14,B8/B9III
HIP 52785,10.791836,-69.437733,6.35,B2IV
HIP 52797,10.794001,-57.467411,6.29,M1II
HIP 52806,10.795646,-59.875257,6.47,B5Vvar
HIP 52815,10.798206,-64.262842,6.46,B9.5V
HIP 52827,10.801503,-59.919163,5.98,A0Ia
HIP 52841,10.803921,-31.68785,5.87,A1V
HIP 52863,10.811266,-1.958896,5.92,M2III
HIP 52877,10.813852,65.132491,6.4,A1V
43    LMi,10.815899,29.416057,6.15,K0
53    Leo,10.820953,10.545202,5.32,A2V
HIP 52922,10.823457,-59.323793,5.85,B9.5IV/V
HIP 52929,10.824669,63.810029,6.42,K0
Nu  Hya,10.827079,-16.193648,3.11,K0/K1III
HIP 52948,10.828747,-9.852695,5.85,G8III:
44    LMi,10.831591,27.973948,6.05,F5V
HIP 52965,10.832506,-34.058183,5.61,A1V
41    Sex,10.838349,-8.897763,5.8,A3m
HIP 53035,10.851502,-3.092667,5.95,K2
43    UMa,10.853067,56.58225,5.66,K2III
42    UMa,10.856594,59.320119,5.57,K2III
HIP 53100,10.863028,-57.272315,6.29,A6III
HIP 53141,10.87047,1.024973,6.37,A3V
HIP 53151,10.874628,-79.559437,6.36,K2II/III
HIP 53154,10.875236,-57.240405,5.26,B9Ia
HIP 53157,10.875578,52.503605,6.44,K2III
HIP 53167,10.876692,-0.201657,6.31,K5III
Praecipua,10.888526,34.214871,3.79,K0III-IV
HIP 53231,10.889215,-58.893453,6.26,B5V
HIP 53240,10.890267,-2.255209,6.12,K0III+...
HIP 53252,10.891536,-20.138731,5.23,F6V
HIP 53253,10.891559,-58.853171,3.78,K0III-IV...
HIP 53257,10.891986,69.853881,5.91,G9IV
HIP 53259,10.892473,-15.445825,6.34,K2III
HIP 53260,10.892615,-56.420501,6.45,K2III
44    UMa,10.892911,54.585128,5.12,K3III
HIP 53272,10.895031,-70.720337,5.99,B6V
HIP 53273,10.895476,-2.129205,5.45,G8III
45Ome UMa,10.899648,43.189956,4.66,A1Vs
HIP 53316,10.904938,-13.758036,5.65,K0III + (G)
HIP 53334,10.908222,-61.826622,5.95,K4III
48    LMi,10.911714,25.490722,6.19,A8V
HIP 53377,10.916163,34.034798,5.73,G7III:
HIP 53379,10.916948,-42.251098,6.08,A0p...
HIP 53387,10.919881,-20.664963,6.45,K1III
HIP 53394,10.921456,-60.517003,5.93,K0III
HIP 53411,10.924228,-43.020528,6.4,A0V
54    Leo,10.92689,24.749718,4.3,A1
55    Leo,10.928444,0.736922,5.91,F2III
46    UMa,10.928999,33.506929,5.02,K1III
56    Leo,10.933742,6.185371,5.91,M5IIIvar
HIP 53465,10.937365,42.008155,6.03,K2III
HIP 53472,10.938015,22.351682,6.17,K2
50    LMi,10.942897,25.500244,6.36,K0
Iot Ant,10.945289,-37.137765,4.6,K0III
HIP 53530,10.952183,-50.765018,5.9,A7Vni
HIP 53546,10.954389,-75.099761,6.16,K1II
HIP 53556,10.955613,-69.038055,6.48,B7V
HIP 53589,10.963386,-59.73219,6.36,G3Ia
HIP 53699,10.98715,-33.737595,5.7,F2V
HIP 53701,10.98723,-61.320739,6.16,B8IV
Eta Oct,10.987258,-84.593893,6.19,A1V
HIP 53706,10.9883,51.882359,6.22,K0
Chalawan,10.99112,40.430257,5.03,G0V
HIP 53723,10.991925,-16.353701,5.88,M1III
HIP 53726,10.992438,36.0931,5.99,M2III
Alkes,10.996244,-18.298783,4.08,K1III
HIP 53761,10.99916,77.770174,6.18,G9III
HIP 53762,10.999831,-43.80711,5.81,B8/B9V
HIP 53771,11.002306,-51.8178,6.15,A3III/IV
HIP 53773,11.002572,-42.225859,4.37,A3IV
HIP 53778,11.003248,-14.083368,5.86,K5III
HIP 53781,11.004084,45.526276,5.47,K5III
HIP 53791,11.00575,42.911724,6.03,F9V
HIP 53798,11.007101,51.502101,6.41,G9III
58    Leo,11.009347,3.617494,4.84,K1III
HIP 53811,11.010078,-53.111831,6.44,K3III
HIP 53818,11.011331,-31.839368,6.06,F8V
59    Leo,11.012445,6.101449,4.98,A5III
49    UMa,11.014009,39.212092,5.06,Am
HIP 53849,11.015941,-15.792682,6.35,K0III
HIP 53860,11.018249,63.42111,6.38,A2m
61    Leo,11.030465,-2.484585,4.73,K5III
Merak,11.030677,56.382427,2.34,A1V
HIP 53940,11.03718,-41.114145,6.48,M4III
60    Leo,11.038827,20.179842,4.42,A1m
HIP 53963,11.040125,-26.831505,6.21,A9III/IV
HIP 54027,11.054039,-0.752344,6.12,F0V
HIP 54029,11.054133,-11.30347,5.51,G7III...
HIP 54030,11.054461,-31.960849,6.44,M2/M3III
HIP 54038,11.057604,70.03074,6.44,K0
HIP 54048,11.060149,-13.43492,6.34,G8III
62    Leo,11.060164,-0.000833,5.95,K3III
Dubhe,11.062155,61.751033,1.81,F7V comp
HIP 54082,11.066733,-57.955331,6.16,B3III
51    UMa,11.075344,38.241365,6.01,A3III-IV
HIP 54137,11.075343,-47.679103,5.67,A8III/IV
HIP 54173,11.081721,-35.804678,5.43,A0V
63Chi Leo,11.083619,7.336007,4.62,F2III-IVvar
HIP 54185,11.084478,-49.392299,6.11,B9V
Chi1Hya,11.088867,-27.293612,4.92,F3IV/V
HIP 54214,11.092776,-11.088901,6.09,F0Vn
Chi2Hya,11.099324,-27.287853,5.69,B8V
HIP 54264,11.101595,-51.21292,6.28,G6IV
HIP 54289,11.106747,-64.839972,6.39,A3V
HIP 54291,11.107648,-50.956725,6.31,K2II
HIP 54294,11.108137,-58.675021,6.07,K2II/III
HIP 54301,11.109015,-62.424113,4.62,G8III
HIP 54319,11.11223,17.737364,6.4,K5
HIP 54327,11.113866,-70.87793,5.58,B2V
65    Leo,11.115058,1.955525,5.52,G9IIICN...
HIP 54360,11.121308,-42.638681,5.15,Ap SrCrEu
HIP 54380,11.126149,-48.639982,6.44,K3III
64    Leo,11.127696,23.323762,6.48,A5m
HIP 54430,11.137715,-29.972486,6.47,A1V
HIP 54461,11.142778,-61.947175,5.11,B9Ia
HIP 54463,11.143165,-58.975037,3.93,G0Ia0
HIP 54477,11.145557,-28.08067,5.43,A1V
67    Leo,11.146969,24.658464,5.7,A3IV
HIP 54522,11.155302,36.309379,5.71,M3.5III
HIP 54537,11.160699,43.207736,5.89,M2III
52Psi UMa,11.161062,44.498487,3.0,K1III
HIP 54540,11.161074,67.210208,6.07,F0sp...
HIP 54561,11.164831,-32.367529,5.79,A1V
HIP 54673,11.191545,-71.436189,6.34,K2/K3III
11Bet Crt,11.194302,-22.825847,4.46,A1V
HIP 54688,11.195488,14.400153,6.3,A5V
HIP 54703,11.199401,-26.806114,6.43,K0III
HIP 54708,11.200991,-58.423355,6.24,M4III
HIP 54718,11.202837,-46.266761,6.27,A1V
HIP 54721,11.203031,68.27187,6.4,A3V
HIP 54725,11.204108,-32.433793,6.35,M2/M3III
Psi Crt,11.208437,-18.499862,6.11,A0V
HIP 54745,11.208996,35.81408,6.41,G0V
HIP 54746,11.209191,-49.100996,5.37,A2III
HIP 54749,11.209667,-21.749339,6.39,K3III
HIP 54751,11.210005,-60.317625,4.59,A6Ia
HIP 54767,11.212568,-64.16977,5.22,B9V
HIP 54783,11.215757,-49.73609,6.12,G8II/III
HIP 54811,11.220746,-44.372216,5.77,K5/M0III
HIP 54829,11.225219,-59.619318,5.74,B1.5V
HIP 54840,11.227611,-53.231813,5.75,K2III
HIP 54842,11.227804,41.088837,6.33,K2III
69    Leo,11.22932,-0.069502,5.4,A0V
HIP 54863,11.233843,8.060695,5.79,K3III
Zosma,11.235138,20.523717,2.56,A4V
Chertan,11.237335,15.42957,3.33,A2V
HIP 54929,11.248368,-43.733703,6.22,K4III
72    Leo,11.253397,23.095502,4.56,M3III
HIP 55003,11.261877,-57.355882,6.42,A3V
73    Leo,11.264417,13.307578,5.31,K3III
HIP 55068,11.274405,-45.880012,6.3,F3V
74Phi Leo,11.277695,-3.651601,4.45,A7IVn
HIP 55086,11.278299,49.47625,5.88,K0III:
HIP 55106,11.282827,-7.134689,6.11,A2p...
HIP 55130,11.286672,-38.014367,6.24,A1V
HIP 55133,11.287315,-41.934326,6.46,A0V
75    Leo,11.288167,2.010556,5.18,M0III comp
HIP 55140,11.288619,-67.823515,6.06,M2III
HIP 55164,11.29413,-34.737348,6.44,F3V
Alula Borealis,11.307983,33.094306,3.49,K3III SB
HIP 55225,11.309511,-79.668651,6.35,A8IIIm...
76    Leo,11.315266,1.650395,5.9,K0III:
55    UMa,11.318864,38.185557,4.76,A2V
HIP 55280,11.321297,-64.582491,5.99,F6IV
12Del Crt,11.322347,-14.778541,3.56,K0III
HIP 55308,11.326824,-75.142452,6.26,B9.5/A0V
HIP 55332,11.330781,-72.958291,6.46,A0V
HIP 55350,11.334486,-71.994337,6.41,B4V
HIP 55412,11.348259,67.100734,6.2,G8
Pi  Cen,11.350117,-54.491019,3.9,B5Vn
77Sig Leo,11.352276,6.029322,4.05,B9.5Vs
HIP 55485,11.363699,57.074857,6.43,A7Vn
HIP 55497,11.365851,-77.608369,6.43,A5III/IV
HIP 55528,11.373089,-44.645924,6.1,G8III
56    UMa,11.380442,43.482703,4.99,G8II
HIP 55564,11.380902,64.330513,6.02,A3V
HIP 55581,11.385596,-56.779355,5.82,A4:p
HIP 55588,11.386857,-36.164769,5.0,K4III
HIP 55595,11.38832,0.13205,6.05,K3
HIP 55597,11.389283,-64.954714,5.09,B5
13Lam Crt,11.389415,-18.779973,5.08,F3IV
78Iot Leo,11.398736,10.529509,4.0,F2IV SB
HIP 55645,11.399042,-57.880437,6.5,M0III
79    Leo,11.400646,1.407765,5.39,G8IIICN...
HIP 55657,11.4031,-72.256608,5.55,B2IV-V
HIP 55667,11.406127,-42.669102,6.13,B2IV-V
14Eps Crt,11.410164,-10.859323,4.81,K5III
15Gam Crt,11.414702,-17.68401,4.06,A9V
HIP 55716,11.416369,11.430292,5.8,K4III
HIP 55756,11.424852,-36.063062,5.21,K0III
HIP 55763,11.425862,-37.747575,5.87,M3III
81    Leo,11.426771,16.456539,5.58,F2V
HIP 55779,11.428717,-63.972475,5.18,F7V
80    Leo,11.430571,3.86011,6.35,F3IV
HIP 55797,11.43254,55.850459,5.73,K0III
HIP 55821,11.440434,33.450608,6.33,F6IV
HIP 55831,11.443174,-61.115167,5.22,B3IV
83    Leo,11.445923,3.013102,6.49,K0IV
HIP 55849,11.446467,-53.159915,5.8,K0III+...
16Kap Crt,11.452644,-12.356749,5.93,F4III-IV
HIP 55941,11.464919,-1.699946,6.23,K2III:
84Tau Leo,11.465622,2.856265,4.95,G8II-III
HIP 55953,11.466297,-35.328849,6.44,K4/K5III
HIP 55979,11.471791,-72.473977,6.09,B3V
HIP 56000,11.476413,-42.674203,5.14,B9V
57    UMa,11.484481,39.336974,5.3,A2V
HIP 56035,11.484621,61.778368,5.83,F5Vawvar
HIP 56050,11.487539,-63.553937,6.45,B2Ia
HIP 56078,11.494061,-24.464011,5.77,A0V
85    Leo,11.494957,15.413269,5.74,K4III
HIP 56083,11.495446,56.737573,6.29,A4m
87    Leo,11.505248,-3.003501,4.77,K4III
HIP 56135,11.506896,46.657533,6.3,K2IIICN-1
86    Leo,11.508065,18.409801,5.54,K0III
58    UMa,11.508651,43.173242,5.94,F4V
HIP 56170,11.514726,47.928918,6.4,G9IV
HIP 56201,11.520847,-61.278463,6.28,A3Iae
Giausar,11.523407,69.331076,3.82,M0IIIvar
88    Leo,11.529153,14.364505,6.27,G0V
Omi1Cen,11.529464,-59.442061,5.07,G0Ia
HIP 56245,11.529877,-20.776472,6.24,F7V
Omi2Cen,11.530223,-59.515648,5.12,A3Ia
HIP 56253,11.530832,81.127257,6.12,A2m
HIP 56280,11.53789,-29.261022,4.93,F8V
HIP 56287,11.538888,-66.961823,5.89,K1IIICN...
HIP 56290,11.539097,61.08252,5.46,F6V
HIP 56293,11.539802,-26.746805,6.15,M2III
HIP 56318,11.546538,-7.827523,5.94,K4III
HIP 56319,11.546693,-40.436194,5.64,M1III
HIP 56332,11.54837,-31.087226,5.13,M1/M2III
Xi  Hya,11.550038,-31.857625,3.54,G8III
HIP 56364,11.554117,-16.280381,6.05,F8/G0Ib/II
HIP 56388,11.560096,2.499034,6.49,K5
HIP 56391,11.560337,-40.586637,5.39,A2IV/V
HIP 56410,11.565639,36.815614,6.38,K0III
89    Leo,11.572764,3.060165,5.76,F5V
HIP 56452,11.574878,-32.83134,5.96,K0V
90    Leo,11.57847,16.796915,5.95,B4V
HIP 56480,11.579355,-54.264091,4.62,B9V
HIP 56497,11.582473,-49.13649,5.5,K1III/IV
HIP 56500,11.583029,-4.361291,6.43,K0
Formosa,11.584377,20.441545,6.45,G9III
HIP 56510,11.584695,54.785419,5.63,K0III
HIP 56518,11.58703,-47.37258,5.64,M3III
HIP 56550,11.595094,-61.28787,6.23,A0Ib
Lam Cen,11.596363,-63.019841,3.11,B9II:
HIP 56573,11.598771,-47.641643,5.26,A7m
2    Dra,11.600744,69.322952,5.19,K0III
HIP 56601,11.604987,27.781351,5.8,F0V
HIP 56606,11.606215,-61.052433,5.84,B2.5IV
HIP 56620,11.609706,-33.570057,5.71,K0III
HIP 56632,11.611313,-37.237187,6.3,A1V
21The Crt,11.611365,-9.802247,4.7,B9.5Vn
91Ups Leo,11.615814,-0.823749,4.3,G9III
HIP 56656,11.616852,-61.283442,5.14,K1III
HIP 56657,11.617005,-32.988184,6.32,F5V
Pi  Cha,11.621074,-75.896544,5.64,F1III
HIP 56700,11.626114,-47.747309,5.46,K2III
HIP 56716,11.62842,77.595699,6.49,K5
HIP 56727,11.630127,-67.620379,5.94,K0III
HIP 56731,11.631395,50.618211,6.14,K0p...
HIP 56754,11.635371,-61.826563,5.15,B9IV
HIP 56756,11.636064,8.883792,6.18,K1III
HIP 56769,11.638991,-63.372747,6.46,O8var
59    UMa,11.639056,43.625429,5.56,F2II-III
HIP 56775,11.640019,-2.435901,6.22,G9III
1Ome Vir,11.641002,8.134298,5.24,M4III
HIP 56784,11.642312,33.625829,6.29,K2III
60    UMa,11.642645,46.834209,6.09,F5IIIs
24Iot Crt,11.644449,-13.201943,5.48,F7V
HIP 56809,11.645846,45.108416,6.29,G0V
HIP 56816,11.64698,64.346965,6.49,A5IV
HIP 56830,11.650122,-24.721093,6.4,G6/G8V
HIP 56862,11.658227,-65.397766,5.01,G2III + A
HIP 56899,11.663982,-16.620229,6.17,M3II/III
HIP 56901,11.664201,-14.468529,6.21,A0V
Omi Hya,11.670221,-34.74466,4.7,B9V
HIP 56944,11.674287,57.970404,6.35,B9p...
HIP 56961,11.676946,-62.568102,6.32,O9.5Ib
HIP 56970,11.678468,-53.968607,5.95,M1III
92    Leo,11.679742,21.35273,5.26,K1III
HIP 56986,11.681568,-62.090101,4.93,G3Ib
HIP 56996,11.683767,-83.099937,6.32,K0III
61    UMa,11.684171,34.201635,5.31,G8Vvar
HIP 57001,11.685674,-29.196274,6.44,G2III/IV
HIP 57013,11.688836,-43.095667,5.54,A0V
62    UMa,11.69286,31.746058,5.73,F4V
HIP 57045,11.695418,55.172011,6.28,K5
HIP 57047,11.695541,-32.499404,5.2,K5III
HIP 57079,11.70098,-20.294167,6.21,G8IV
HIP 57092,11.704124,-75.227317,6.48,G1V
3    Dra,11.707889,66.744906,5.32,K3III
HIP 57137,11.715169,-79.306389,6.38,K0III/IV
HIP 57165,11.724219,-37.190155,5.98,K3III
HIP 57175,11.725332,-62.489396,5.0,F9Ia
HIP 57211,11.731342,-62.87828,6.1,A2III/IV
HIP 57214,11.731978,-6.677162,6.05,G8III:
HIP 57240,11.73699,25.218327,6.02,K5III
27Zet Crt,11.746049,-18.350674,4.71,G8III
HIP 57322,11.753512,-49.069843,6.26,K1III
2Xi  Vir,11.754733,8.258119,4.84,A4V
Lam Mus,11.760141,-66.728763,3.63,A7III
HIP 57371,11.762216,-45.690134,5.28,B6III
3Nu  Vir,11.764322,6.529376,4.04,M0III
Taiyangshou,11.767515,47.779406,3.69,K0III
HIP 57439,11.775232,-61.178398,4.11,G0II
HIP 57443,11.775376,-40.500354,4.89,G3/G5V
HIP 57477,11.782116,55.62819,5.27,K3III
HIP 57497,11.78529,-35.906862,6.16,G8III
HIP 57507,11.787731,-30.28651,6.48,G5V
HIP 57512,11.788654,-57.696498,5.42,K5III
4    Vir,11.798584,8.245895,5.31,A1
93    Leo,11.799762,20.218931,4.5,A comp SB
Mu  Mus,11.80403,-66.81491,4.75,K4III
HIP 57587,11.806524,-10.313105,6.24,F7V
HIP 57606,11.810753,14.28421,5.9,F0V
HIP 57613,11.812524,-26.749777,5.1,M4III
HIP 57629,11.817023,-0.31867,6.15,F7V
Denebola,11.817663,14.57206,2.14,A3Vvar
HIP 57646,11.820774,16.242882,6.05,A3m
HIP 57669,11.828077,-63.788478,4.3,B3V
HIP 57670,11.828258,34.931758,5.73,F5IV
HIP 57696,11.832395,-70.22579,4.98,G5Ib
HIP 57732,11.838779,-15.863667,6.13,G8II/III
HIP 57741,11.840911,-62.649381,5.68,A3Iab
HIP 57749,11.843663,-27.277936,6.48,G8III
Zavijava,11.844922,1.764718,3.59,F8V
HIP 57779,11.848706,12.279037,6.37,A5m
HIP 57791,11.85062,-5.333332,5.62,K0IV
HIP 57803,11.852419,-45.17347,4.47,K4III
HIP 57805,11.852642,33.375013,6.25,Am
HIP 57819,11.856084,-12.187811,6.34,F1III-IV
HIP 57841,11.861559,-30.834809,5.85,F8V
HIP 57851,11.864237,-65.20591,4.89,B4V
HIP 57870,11.869537,-56.987741,5.56,B4III
Bet Hya,11.881813,-33.908124,4.29,Ap Si
Groombridge 1830,11.88282,37.718679,6.42,G8Vp
HIP 57971,11.890783,-35.066645,6.17,A2V
Phecda,11.897168,53.69476,2.41,A0V SB
HIP 58002,11.897299,0.552114,6.31,F0V
HIP 58041,11.903196,-57.410198,6.05,A0/A1III
HIP 58057,11.907185,-37.748935,6.46,F7V
HIP 58082,11.911816,-25.713887,5.26,G8III
HIP 58085,11.912396,-66.376198,6.38,F2IV
HIP 58103,11.916672,-63.27918,5.89,A3Ib
6    Vir,11.917537,8.443943,5.58,K0III:
HIP 58119,11.920574,36.756378,6.47,M3III
HIP 58158,11.927814,-28.477103,5.93,K4III
95    Leo,11.927926,15.646818,5.53,A3V
HIP 58177,11.931878,-39.689517,6.13,K0III
66    UMa,11.932892,56.59856,5.83,K1III
30Eta Crt,11.933599,-17.150829,5.17,A0V
HIP 58242,11.945542,-47.072379,6.26,F3IV-V
HIP 58259,11.948126,61.549213,6.22,G8III
HIP 58272,11.951042,-33.315461,6.2,B9.5V
HIP 58326,11.961118,-62.448748,5.59,B3V
HIP 58369,11.968663,32.273907,6.42,A9V
HIP 58379,11.970898,-56.31731,5.44,B8III
HIP 58427,11.979907,-64.33956,5.59,A3Ib
HIP 58436,11.981771,-25.908857,6.42,A1IV/V
HIP 58445,11.98426,0.53068,6.18,K2IV
HIP 58450,11.985936,-10.475896,6.49,K2
HIP 58452,11.986302,-45.83222,6.36,B8/B9V
HIP 58453,11.986352,-51.696761,6.04,K1/K2II
HIP 58460,11.988205,33.167004,5.95,K1III
HIP 58469,11.990451,-62.830948,6.34,A9Ib-II
Eps Cha,11.993796,-78.221839,4.88,B9Vn
7    Vir,11.999142,3.655197,5.36,A1V
HIP 58512,11.999273,34.034748,6.49,A9III
HIP 58545,12.005224,80.853186,6.21,M2III
HIP 58574,12.011729,-21.837501,6.28,K2III
HIP 58576,12.012347,-10.446014,5.54,K0IV
HIP 58587,12.014211,-19.658982,5.28,B2IV
8Pi  Vir,12.014553,6.614322,4.65,A5V
HIP 58603,12.017149,-1.768166,6.32,G8III:
HIP 58642,12.024784,-57.503777,6.16,A1V
HIP 58654,12.027635,36.042086,5.59,K0III
67    UMa,12.035239,43.0456,5.22,A7m
HIP 58697,12.039068,-85.631757,6.05,K3III
HIP 58706,12.041264,-71.488981,6.41,K1III
HIP 58720,12.043815,-69.192288,5.89,B9V
HIP 58741,12.047684,-7.683623,6.24,K5
The1Cru,12.050447,-63.31293,4.32,Am
HIP 58803,12.060973,-42.434056,5.15,F6V
HIP 58809,12.062345,5.55775,6.39,F5
HIP 58810,12.062369,-74.214096,6.44,G6III
2    Com,12.071277,21.459153,5.89,F0IV-V
HIP 58859,12.07131,-51.472518,6.48,B9V
The2Cru,12.072008,-63.165711,4.72,B2IV
HIP 58874,12.074583,85.587132,6.27,F6V
HIP 58884,12.077479,-68.328912,5.34,A0V
HIP 58901,12.079242,-59.253287,6.3,B9Vn
Kap Cha,12.079616,-76.519061,5.04,K4III
HIP 58921,12.082564,-60.968252,5.95,M2III
9Omi Vir,12.086817,8.732985,4.12,G8III
Tonatiuh,12.087451,76.905734,5.78,G9III
HIP 58989,12.094371,62.93312,6.14,K2III
HIP 59003,12.098229,-65.546879,6.3,B8Ia-Iab
HIP 59008,12.099075,-35.693926,6.23,B7V
HIP 59010,12.099948,-3.131591,6.37,G8III:
HIP 59021,12.101446,-32.961231,6.49,G0V
HIP 59046,12.105536,-68.651405,6.23,G3Ib
HIP 59050,12.106404,-65.709453,5.95,G8/K0III
Eta Cru,12.114687,-64.61373,4.14,F2III
HIP 59151,12.130565,-75.367019,5.17,K2II/III
HIP 59173,12.134788,-50.661278,4.46,B2IIIne
HIP 59184,12.137422,-48.692487,5.34,A1V
Del Cen,12.13931,-50.722425,2.58,B2IVne
HIP 59200,12.140204,-60.847128,6.22,K3/K4II
Alchiba,12.140225,-24.728875,4.02,F0IV/V
HIP 59229,12.148281,-44.325989,5.75,A3III
HIP 59232,12.148497,-41.231605,5.51,B3IV
10    Vir,12.161475,1.897889,5.95,K3III
HIP 59291,12.163078,74.661368,6.34,F6IV
HIP 59307,12.167376,-34.704742,6.16,A0V
11    Vir,12.167616,5.807008,5.72,Am
2Eps Crv,12.168746,-22.619766,3.02,K2III
3    Com,12.175453,16.809271,6.4,A4V
HIP 59353,12.176058,-37.870349,6.07,A5V
HIP 59364,12.179471,27.281505,6.01,A4Vn
HIP 59384,12.183354,81.709832,6.0,K5III:
HIP 59389,12.183672,-68.260966,6.48,K0/K1III
3    Crv,12.184401,-23.602423,5.45,A1V
HIP 59396,12.184772,-61.277425,6.08,F0III
HIP 59439,12.192098,-51.359333,6.23,G6III+...
Rho Cen,12.194202,-52.36846,3.97,B3V
68    UMa,12.195806,57.054408,6.34,K5III
4    Com,12.19755,25.87028,5.66,K4III
HIP 59489,12.200281,28.536313,6.47,F5V
5    Com,12.202581,20.542064,5.6,K0II-III
HIP 59504,12.203311,77.616241,5.14,A5m
HIP 59517,12.206106,-62.950773,5.91,B9Ia
HIP 59551,12.213063,-70.151787,6.05,F6Ib
HIP 59588,12.220263,-34.125272,6.34,M4/M5Ib/II:
HIP 59607,12.223623,-38.929188,5.77,B4III
12    Vir,12.223872,10.262341,5.85,A2m
HIP 59622,12.22689,-33.792919,6.34,A0V
HIP 59647,12.232354,-78.573934,6.34,K2/K3IIICN.
HIP 59654,12.234085,-45.723919,5.31,K3III
HIP 59678,12.238036,-64.408519,6.2,B1.5Ia
HIP 59708,12.245394,53.434626,6.18,K0III:
HIP 59728,12.249884,-20.84422,5.82,K0IIICN...
HIP 59742,12.251778,-29.237256,6.5,K0III
HIP 59746,12.252366,70.200008,5.72,K2III
Imai,12.252427,-58.748928,2.79,B2IV
HIP 59750,12.252933,-10.3124,6.11,F5V
HIP 59767,12.255737,87.700115,6.27,F2V
Megrez,12.257086,57.032617,3.32,A3Vvar
HIP 59785,12.258477,-41.913278,6.24,K0III
HIP 59796,12.261529,72.551196,6.29,K0III +K0III
Gienah,12.263437,-17.541929,2.58,B8III
6    Com,12.266719,14.899071,5.09,A3V
2    CVn,12.268763,40.66018,5.69,M1III
7    Com,12.272372,23.945409,4.93,K0III
HIP 59851,12.273293,-72.614499,6.21,A0V
HIP 59856,12.27504,33.061527,4.99,K1III
HIP 59879,12.280409,86.435819,6.33,F4V
HIP 59895,12.284259,-16.693736,6.05,A2V
HIP 59898,12.285095,-65.692958,6.06,A0V
HIP 59920,12.291551,53.191331,5.8,K6III
HIP 59923,12.291827,28.937189,5.71,A4m
Eps Mus,12.292917,-67.960736,4.06,M5III
HIP 59941,12.295628,15.1447,6.36,K4III
HIP 59950,12.296464,-36.093979,6.15,A0V
Bet Cha,12.305812,-79.31224,4.24,B5Vn
Zet Cru,12.307298,-64.003071,4.06,B2.5V
HIP 60018,12.308781,30.249047,6.23,A9.5III
13    Vir,12.311199,-0.787184,5.9,A5Vn
HIP 60044,12.313901,75.160561,5.47,A1V
HIP 60059,12.316608,-55.143002,5.01,M1III
HIP 60066,12.317229,26.008349,6.44,Am
8    Com,12.321998,23.034673,6.26,A8m
9    Com,12.324873,28.156916,6.38,F8Vs
3    CVn,12.330199,48.984148,5.28,M0III
Zaniah,12.331766,-0.666803,3.89,A2IV
HIP 60157,12.336326,-22.1757,5.94,K0III+...
HIP 60168,12.338267,26.001875,6.16,F0IV
HIP 60170,12.3388,26.619482,5.52,K2III-IV
16    Vir,12.339161,3.312574,4.97,K1III
HIP 60183,12.341183,-65.842656,6.2,B9V
5Zet Crv,12.34268,-22.215901,5.2,B8V
HIP 60197,12.344827,27.054545,6.32,F3V + F3V
11    Com,12.345286,17.792868,4.72,G8III
HIP 60210,12.346866,15.540988,6.47,K0
70    UMa,12.347461,57.864118,5.54,K5III
HIP 60221,12.348809,-13.565724,5.14,K0III
Ginan,12.356031,-60.401147,3.59,K3/K4III
HIP 60305,12.365629,47.182202,6.33,K2III
HIP 60308,12.365953,-56.374385,5.91,K4III + (F)
Zet2Mus,12.368713,-67.522105,5.15,Am
HIP 60327,12.369675,24.773866,6.21,A0V
Zet1Mus,12.370009,-68.307316,5.73,K0III
12    Com,12.375087,25.84616,4.78,F8:p...
17    Vir,12.375566,5.305444,6.46,F8V
HIP 60379,12.380403,-57.676132,5.38,B9V
HIP 60417,12.387389,-67.631546,6.36,K0IV-V
HIP 60418,12.387602,-4.974503,6.47,K0
HIP 60421,12.388574,-11.812117,6.48,M3III
6    Crv,12.38933,-24.840669,5.66,K1III
HIP 60449,12.393174,-35.412677,5.32,B8/B9V
HIP 60454,12.393541,-39.30236,6.39,F2V
HIP 60463,12.395765,-38.911381,5.79,B8/B9V
4    CVn,12.396397,42.542743,6.03,F3IV
HIP 60468,12.396619,-30.335415,6.39,K5III
5    CVn,12.400414,51.562257,4.76,G7III
13    Com,12.405146,26.098606,5.17,A3V
HIP 60525,12.407446,25.582404,6.41,F0V
HIP 60549,12.412425,-41.384289,6.24,K2/K3III
71    UMa,12.41756,56.777828,5.82,M3III
HIP 60589,12.418437,63.802781,6.31,G8III
HIP 60591,12.419041,-42.514312,6.1,G4IV
HIP 60595,12.419935,-11.61059,5.95,A1V
HIP 60599,12.420863,23.926202,6.03,K0III
HIP 60601,12.421551,-65.769853,6.29,G8/K0IV
HIP 60603,12.421781,-27.749002,6.09,K3III
HIP 60610,12.422706,-35.186417,5.71,B9IV/V
HIP 60638,12.427299,-86.150613,6.32,K0III
6    CVn,12.43082,39.018616,5.01,G8III-IV
14    Com,12.440018,27.268237,4.92,F0p
HIP 60699,12.440107,71.929827,6.33,G8III:
HIP 60710,12.442158,-51.450635,4.82,B3Vn
Acrux,12.443311,-63.099092,0.77,B0.5IV
HIP 60729,12.44676,-48.913191,6.25,G5IV-V
HIP 60735,12.447692,-32.830121,5.56,B9V
15Gam Com,12.448966,28.268423,4.35,K2IIICN+...
16    Com,12.449805,26.825699,4.98,A4V
HIP 60771,12.456899,-63.788986,6.02,B8IV
HIP 60780,12.45801,-58.316445,6.35,K4III
HIP 60781,12.458019,-58.991756,5.38,M4/M5III
73    UMa,12.459754,55.712724,5.68,M2III
HIP 60804,12.461689,8.610344,6.36,G8III
HIP 60809,12.463735,-16.631844,6.3,G5II
HIP 60813,12.464319,-4.615277,6.23,F2III
Sig Cen,12.467331,-50.230635,3.91,B3V
HIP 60851,12.472025,-64.340989,6.05,A0Vn
HIP 60855,12.472908,-39.041172,5.45,B8/B9V
HIP 60861,12.473805,-61.794842,6.21,K2III
HIP 60870,12.476029,-56.407816,6.15,K0/K1III
17    Com,12.481863,25.912852,5.29,A0p
18    Com,12.490845,24.108925,5.47,F5III
20    Com,12.495344,20.896109,5.68,A3V
Algorab,12.497739,-16.515432,2.94,B9.5V
HIP 60969,12.498388,-56.52494,5.78,M1III
74    UMa,12.499267,58.405742,5.37,A5e...
HIP 60979,12.499413,-41.735901,6.0,M2II/III
7    CVn,12.500815,51.535631,6.21,F7V
75    UMa,12.501178,58.767773,6.07,G8III-IV
HIP 60994,12.501327,-13.393184,6.37,G1/G2V
4    Dra,12.501868,69.201123,5.01,M3IIIa
HIP 61015,12.504846,-23.696419,5.63,M0III
HIP 61053,12.513925,53.076608,6.2,F9V
21    Com,12.516823,24.567168,5.47,A2pvar
Gacrux,12.519429,-57.113212,1.59,M4III
HIP 61103,12.522616,7.604309,6.05,K5
HIP 61134,12.527423,-5.052592,6.19,G9III:
HIP 61136,12.527871,-59.423922,5.49,F5III
HIP 61158,12.53226,-63.505838,5.96,A8III
HIP 61172,12.534553,-32.533761,6.46,A3V
8Eta Crv,12.53451,-16.196007,4.3,F2V
HIP 61181,12.536089,-73.001056,5.88,K1III
Gam Mus,12.541134,-72.132988,3.84,B5V
HIP 61208,12.542448,-21.212116,6.41,K0III
HIP 61212,12.543334,-13.859105,5.74,F3IV/V
20    Vir,12.5508,10.295671,6.29,G8III
HIP 61270,12.556181,-19.792549,6.26,F0IV/V
5Kap Dra,12.558058,69.788238,3.85,B6IIIp
22    Com,12.559506,24.282984,6.28,A4V
HIP 61296,12.559516,-12.830203,5.58,G8III/IV
HIP 61309,12.56081,33.247584,5.42,K0IIICN...
Chara,12.562411,41.35748,4.24,G0V
21    Vir,12.562986,-9.452077,5.48,A0V
HIP 61320,12.56317,33.384668,6.24,K0III
HIP 61328,12.566433,-49.90981,6.38,F5IV-V
Kraz,12.573121,-23.396759,2.65,G5II
HIP 61379,12.578448,-44.673018,5.76,G4IV
6    Dra,12.578902,70.02177,4.95,K2III
23    Com,12.580857,22.629259,4.8,A0IV
HIP 61404,12.581794,-67.756894,6.11,M6II/III
24    Com,12.585489,18.377058,5.03,K2III
HIP 61420,12.585602,21.881384,5.86,K1III
HIP 61443,12.591563,-61.841576,6.22,G4IV
HIP 61468,12.595987,-41.021945,5.12,A7III
HIP 61496,12.599665,-20.527476,6.2,F0V
HIP 61498,12.600289,-39.869505,5.78,A0V
HIP 61557,12.61295,-50.335394,6.4,A0V
25    Vir,12.613154,-5.831898,5.88,A3V
25    Com,12.616204,17.089536,5.7,K5III
Alp Mus,12.619739,-69.135564,2.69,B2IV-V
HIP 61621,12.628409,-27.138888,5.41,F0V
Tau Cen,12.628394,-48.541304,3.85,A2V
HIP 61637,12.63456,3.282444,6.33,A1V
HIP 61658,12.639557,1.854662,5.68,M3III
HIP 61688,12.645726,-18.2501,6.0,F0V
9    CVn,12.646189,40.874662,6.35,A7Vn
HIP 61703,12.647879,-67.193048,6.22,B1Ia
HIP 61719,12.650606,22.659497,6.39,K1III
HIP 61720,12.650962,-30.422387,5.86,K2/K3III
26    Com,12.652031,21.062559,5.49,G9III
HIP 61738,12.654061,-75.370594,6.46,B8Vn
26Chi Vir,12.654102,-7.995564,4.66,K2III
HIP 61748,12.654683,35.951959,6.39,A0p SrCrEu
HIP 61789,12.664594,-39.987302,4.63,B8II/III
HIP 61796,12.665523,-66.511138,6.26,B8V
HIP 61910,12.687765,-13.013901,5.17,F3IV
HIP 61916,12.689723,-46.145581,5.84,K3II
Gam Cen,12.691971,-48.959888,2.2,A1IV
76    UMa,12.692759,62.713039,6.02,A2III
27    Vir,12.692887,10.42627,6.22,A7Vn
Porrima,12.694345,-1.449375,2.74,F0V+...
HIP 61951,12.697056,-19.759092,6.02,F2V
30Rho Vir,12.698071,10.235625,4.88,A0V
HIP 61966,12.699051,-59.685819,4.91,B6IV
31    Vir,12.699199,6.806617,5.57,A2V
HIP 61981,12.701398,-69.407554,6.31,F7Ib
HIP 62012,12.709858,-48.813109,4.66,K0III
HIP 62026,12.713827,-55.947001,6.06,B9V
HIP 62027,12.713965,-63.058624,5.27,B2pe
HIP 62046,12.717822,61.155421,6.39,K0
HIP 62058,12.719221,-56.176224,5.99,B9Vn
HIP 62081,12.723961,-40.177849,6.43,A7III
HIP 62084,12.724544,-58.902742,6.41,K0/K1III
HIP 62103,12.727236,-1.576996,5.91,G8IIIp
HIP 62128,12.732963,-36.349153,6.38,B8/B9V
HIP 62131,12.733481,-28.323957,5.46,K3III
HIP 62170,12.740533,80.621024,6.33,A5m
HIP 62172,12.740863,44.103004,6.34,F6IV
10    CVn,12.749852,39.278916,5.95,G0V
HIP 62212,12.750573,-68.830751,6.16,F6Ia
La Superba,12.752174,45.440256,5.42,C7Iab
32    Vir,12.760294,7.673326,5.22,A8m
Iot Cru,12.76055,-60.981318,4.69,K1III
Bet Mus,12.771346,-68.108119,3.04,B2V
33    Vir,12.772928,9.539684,5.65,K1III-IV
HIP 62327,12.772981,-56.488815,4.62,B3V
27    Com,12.777433,16.577691,5.12,K3III
HIP 62360,12.779508,-33.315483,5.87,K3III
HIP 62376,12.783974,5.950373,6.31,A0spe...
34    Vir,12.787123,11.958088,6.11,A3V
HIP 62402,12.788594,62.781155,5.88,A9V
HIP 62421,12.792618,-6.301752,6.27,F7V
Tianyi,12.792873,66.790304,5.43,K5III
Mimosa,12.795359,-59.688764,1.25,B0.5III
35    Vir,12.797614,3.572716,6.42,M4III
HIP 62448,12.798236,-24.851659,6.43,B8V
28    Com,12.803982,13.553018,6.47,A1V
HIP 62500,12.807297,-27.597384,5.65,G8III
HIP 62512,12.810944,60.319822,5.83,F5V
11    CVn,12.811617,48.466838,6.25,A6m
HIP 62523,12.813075,24.840226,6.29,G7V
29    Com,12.815059,14.122584,5.71,A1V
HIP 62561,12.81855,83.417832,5.92,A0V
HIP 62572,12.820496,83.412901,5.38,A1IIIsh
30    Com,12.821516,27.552379,5.76,A2V
HIP 62600,12.827234,48.74003,6.5,K1III
HIP 62608,12.829154,-71.98626,5.55,G8Ib/II
HIP 62641,12.836321,37.516937,5.87,A3V
HIP 62653,12.838136,22.863408,6.43,K0III
HIP 62655,12.83875,-48.459543,6.26,A0V
HIP 62683,12.844769,-33.999302,4.9,B9V
HIP 62703,12.849413,-52.787424,5.7,A5V
HIP 62732,12.854994,-60.329789,5.71,A2Iab
HIP 62743,12.856369,-10.338219,6.48,G8III
37    Vir,12.860247,3.056788,6.02,K4III:
31    Com,12.861645,27.540712,4.93,G0III
HIP 62786,12.865815,-39.680431,5.99,B7/B8V
HIP 62788,12.866084,-26.738275,6.14,A0III
HIP 62799,12.868179,-48.094286,6.31,A0IV
32    Com,12.870071,17.073943,6.32,M0III
HIP 62821,12.873499,-53.829931,6.26,G8Ib/II
HIP 62825,12.874305,16.122495,6.29,A7V
HIP 62861,12.884502,-54.952473,5.91,K3III
HIP 62867,12.885258,-48.943315,4.33,K3/K4III
38    Vir,12.886433,-3.553098,6.11,F5V
35    Com,12.888263,21.244943,4.89,G8III
HIP 62894,12.889416,-60.328489,5.75,B9Ia
HIP 62896,12.890607,-40.178872,4.25,A4IV
HIP 62904,12.892254,19.481061,6.42,G5IV
HIP 62915,12.893923,-4.224662,6.45,K0
Kap Cru,12.896923,-60.376244,5.89,B5Ia
41    Vir,12.897142,12.418416,6.25,A7III
Alioth,12.900472,55.959821,1.76,A0p
HIP 62972,12.903638,33.53448,6.25,A7IV
HIP 62983,12.905184,-11.64857,6.0,A2V
40Psi Vir,12.905879,-9.538994,4.77,M3IIIvar
Mu 1Cru,12.9099,-57.177924,4.03,B2IV-V
Mu 2Cru,12.910251,-57.16867,5.08,B5Vne
Lam Cru,12.910889,-59.146701,4.62,B4Vn
HIP 63024,12.915702,47.196722,5.75,M5III
Iot Oct,12.916219,-85.123369,5.45,K0III
HIP 63033,12.916269,-44.151968,5.89,G2IV
HIP 63066,12.922067,-42.915732,5.46,M0III
Taiyi,12.924598,65.438474,5.23,A5n
Minelauva,12.926725,3.39747,3.39,M3III
HIP 63109,12.931457,-15.327025,6.18,A0V
HIP 63117,12.932538,-56.835806,5.34,O9Ib
12Alp1CVn,12.933468,38.314912,5.61,F0V
Cor Caroli,12.933807,38.31838,2.89,A0spe...
HIP 63143,12.938221,54.099489,5.84,A5m
HIP 63165,12.942142,-72.185212,5.93,G8III
HIP 63204,12.94951,-54.587348,6.48,A0p
HIP 63210,12.951212,-51.198752,5.17,B8V
HIP 63211,12.952166,46.176789,6.11,K0III-IV
HIP 63220,12.95352,-12.066947,6.33,K5
HIP 63243,12.959203,-22.753499,6.31,K0III
HIP 63297,12.971907,64.925533,6.44,K0
HIP 63340,12.979809,75.472508,6.0,K0III
36    Com,12.982068,17.409446,4.76,M0III
44    Vir,12.99431,-3.811926,5.79,A3V
9    Dra,12.998665,66.597272,5.37,K2III
37    Com,13.004576,30.785021,4.88,K1IIIp
HIP 63490,13.009074,-33.505267,6.01,F3V
46    Vir,13.009985,-3.368488,5.99,K2III
HIP 63497,13.010755,18.373009,6.2,F6Vs
78    UMa,13.012125,56.366338,4.93,F2V
38    Com,13.019337,17.123147,5.97,K0III
HIP 63584,13.029737,63.610225,6.01,F6V
Vindemiatrix,13.036278,10.95915,2.85,G8IIIvar
Del Mus,13.037759,-71.548855,3.61,K2III
HIP 63647,13.044566,59.716306,6.5,A3Vn
HIP 63688,13.051487,-71.475729,5.93,B1.5IIIne
Xi 1Cen,13.059256,-49.527264,4.83,A0V
HIP 63738,13.062808,-20.583497,5.58,F7V
HIP 63820,13.080066,-41.196322,6.24,M3/M4III
HIP 63822,13.080492,73.024976,6.43,F0V
HIP 63849,13.085186,-47.11691,6.44,F5III
HIP 63883,13.091888,-52.11566,6.43,M1III
14    CVn,13.095678,35.798899,5.2,B9V
HIP 63916,13.097853,45.26855,5.64,K1III
HIP 63945,13.104642,-48.463289,4.71,B5V
39    Com,13.105901,21.153397,6.0,F4V
40    Com,13.106278,22.616187,5.53,M5III
HIP 63952,13.106353,62.041868,6.15,G7III
HIP 63972,13.109743,-41.588443,5.59,K0II/III
HIP 64003,13.115069,-35.862033,5.63,A0V
Xi 2Cen,13.11518,-49.906246,4.27,B1.5V
41    Com,13.119646,27.624741,4.8,K5III
HIP 64033,13.123418,-59.86051,5.98,B9IV+...
HIP 64053,13.127305,-53.459764,5.7,B8V
HIP 64077,13.131566,27.555958,6.2,K4III
49    Vir,13.131614,-10.740408,5.15,K2III
The Mus,13.135321,-65.306023,5.44,WC6 + O9.5I
HIP 64108,13.139027,-78.44603,6.43,A0V
HIP 64117,13.141065,-67.796762,6.34,M1III
HIP 64122,13.142352,-8.984385,5.57,K3III
45Psi Hya,13.150909,-23.11807,4.94,K0III
HIP 64179,13.153454,10.022468,5.79,K0III
HIP 64181,13.153955,-9.538098,6.32,K0
HIP 64212,13.160739,37.423146,6.01,K3III
15    CVn,13.161676,38.533885,6.25,B7III
50    Vir,13.162578,-10.329327,5.95,K5III
HIP 64226,13.163291,16.848611,5.91,K5III
51The Vir,13.165831,-5.53901,4.38,A1V
Diadem,13.166469,17.529431,4.32,F5V
17    CVn,13.167563,38.498981,5.91,A9III-IV
HIP 64320,13.182901,-52.566897,6.05,Ap
HIP 64332,13.185805,-42.232891,5.78,F7IV
HIP 64348,13.189789,-43.368553,5.24,K1/K2III
HIP 64375,13.194223,-26.551722,6.49,A5V
HIP 64390,13.197612,-69.942017,5.92,F3IV/V
43Bet Com,13.197904,27.878183,4.23,G0V
HIP 64395,13.198076,-63.302992,6.32,F0II
HIP 64408,13.200901,-37.803022,4.85,G3V
53    Vir,13.200984,-16.198601,5.04,F6V
HIP 64417,13.202336,24.258027,6.31,K1III
HIP 64425,13.204892,-59.920579,4.58,B8V
HIP 64437,13.20707,80.471309,6.25,K0Ib
HIP 64445,13.209145,11.556096,5.76,M0III
HIP 64466,13.21355,-66.226747,5.91,A0V(n)
HIP 64472,13.214123,-42.69972,6.19,K0III
HIP 64478,13.215475,-59.816605,6.18,G0V
HIP 64496,13.220114,18.727008,6.1,G8III
HIP 64515,13.223156,-50.699829,5.9,B9V
54    Vir,13.224121,-18.826406,6.26,A0V
HIP 64530,13.226651,36.887582,6.5,M0
HIP 64540,13.228597,40.152885,4.94,K0III
HIP 64557,13.232698,-43.139107,6.16,K5II
55    Vir,13.236361,-19.930947,5.31,G8III/IV
HIP 64580,13.236699,-58.683937,5.91,K0/K1III
HIP 64583,13.237578,-59.103235,4.9,F7IV
HIP 64587,13.238153,-78.447454,5.84,F8Ib
HIP 64607,13.242023,11.331656,5.64,M0III
HIP 64623,13.245361,-48.957022,5.84,K0IV
HIP 64651,13.252629,-36.37141,6.17,K1III
Eta Mus,13.25416,-67.894589,4.79,B8V
HIP 64682,13.257141,-69.679284,6.37,K2/K3III
19    CVn,13.258882,40.855199,5.77,A7V
57    Vir,13.266322,-19.943103,5.21,K1III
HIP 64751,13.270636,19.051734,6.46,G8III
HIP 64774,13.274624,68.408001,6.2,B9.5V
HIP 64779,13.275629,19.785289,6.43,F0V
HIP 64790,13.279163,-65.138259,6.06,F5V
59    Vir,13.279588,9.424156,5.19,G0Vs
HIP 64797,13.280843,17.017182,6.49,K2V
HIP 64803,13.281425,-31.506196,5.1,K0III
HIP 64820,13.286952,-66.783438,4.86,K2Ib/II
HIP 64822,13.2872,-43.979479,5.82,Am
HIP 64823,13.287674,13.675751,5.33,K3III
HIP 64838,13.291626,-0.676065,6.36,F0V
20    CVn,13.292379,40.572608,4.72,F3III
60Sig Vir,13.293412,5.469869,4.78,M2III
21    CVn,13.304034,49.682062,5.14,A0V
61    Vir,13.306763,-18.311196,4.74,G5V
HIP 64927,13.307701,34.098304,5.81,K4.5III
HIP 64933,13.309688,-51.285776,6.18,A0V
HIP 64951,13.313424,-79.976017,6.34,B9.5/A0V
46Gam Hya,13.315359,-23.171512,2.99,G8III
HIP 64979,13.317849,35.127978,6.01,F0IV
HIP 64994,13.321942,-72.035603,6.04,K3III
23    CVn,13.3386,40.150548,5.6,K1III
HIP 65108,13.343068,-59.77278,6.2,F3/F5II
Iot Cen,13.343296,-36.712295,2.75,A2V
HIP 65112,13.343843,-52.747825,5.47,B6V
HIP 65119,13.34488,2.94229,6.26,A3V
HIP 65129,13.346761,-55.800688,6.0,B0.5Ia
HIP 65144,13.349367,-46.880008,5.76,K1III
HIP 65183,13.35827,-19.489294,6.21,A2/A3V
HIP 65198,13.361567,2.087243,5.69,A2V
HIP 65230,13.36776,43.903379,6.34,A7m
64    Vir,13.369358,5.154764,5.89,A2m
HIP 65247,13.371191,-52.182956,5.81,B2.5Ib
HIP 65271,13.377211,-60.988393,4.52,B3V
HIP 65288,13.381252,-47.943221,6.18,A4V
HIP 65289,13.381281,-72.146712,6.06,B6V
63    Vir,13.383643,-17.735274,5.36,K0III
HIP 65303,13.384056,-48.562791,6.37,B6IV
HIP 65311,13.385731,-33.189878,6.17,M2III
65    Vir,13.388582,-4.924427,5.88,K3III
HIP 65372,13.397817,-49.822811,6.48,G8III
HIP 65376,13.398313,37.03392,6.1,M3III
Mizar,13.398747,54.925362,2.23,A2V
HIP 65381,13.39919,-20.924587,6.44,K1/K2III/IV
HIP 65387,13.400128,-64.535668,4.52,G5III-IV
HIP 65417,13.408481,12.431832,6.44,K0III
66    Vir,13.40923,-5.16401,5.76,F3V
HIP 65466,13.418522,23.854419,5.75,A3IV
Iot1Mus,13.418694,-74.887818,5.04,K0III
Spica,13.419883,-11.161322,0.98,B1V
Alcor,13.420413,54.987958,3.99,A5V SB
HIP 65479,13.420568,-64.485144,5.32,F2III
HIP 65522,13.430657,-70.627248,5.65,Ap
HIP 65530,13.433372,63.261275,6.5,G6V
HIP 65535,13.435483,-39.755107,5.11,Kp...
HIP 65536,13.435566,72.391476,5.82,M1III
HIP 65545,13.436504,-1.192471,5.97,A7III
HIP 65550,13.437943,46.028055,5.88,K0III:
68    Vir,13.445325,-12.707664,5.27,K5III
HIP 65593,13.448922,-41.497562,5.69,K3III
HIP 65595,13.449205,78.643869,5.74,G2.5IIIb
HIP 65606,13.451775,-49.143709,6.31,A0III/IV
HIP 65621,13.454073,-40.162665,6.4,G8/K0III
HIP 65630,13.455738,-49.381291,6.27,B3IV
69    Vir,13.457546,-15.973578,4.76,K1IIICN...
HIP 65678,13.466575,52.745588,6.34,F0
HIP 65682,13.467189,-26.402235,6.49,K5III
70    Vir,13.473837,13.778787,4.97,G5V
HIP 65723,13.473955,40.729646,6.49,G8III
HIP 65728,13.474203,59.945787,5.4,A1Vn
HIP 65754,13.479394,50.718569,6.42,F0IV
HIP 65755,13.47967,-69.627152,6.17,B8V
HIP 65783,13.485541,-64.675794,6.09,A2m
71    Vir,13.486945,10.81831,5.65,K0III
HIP 65796,13.487477,-1.364428,6.42,K0III
HIP 65810,13.490348,-51.165134,5.04,A0V
HIP 65835,13.495218,-23.281331,6.4,M6/M7e
HIP 65862,13.500022,7.178853,6.18,K5
72    Vir,13.507146,-6.470265,6.1,F2V
HIP 65936,13.517405,-39.407307,3.9,G8II/III
HIP 65951,13.521052,42.106153,6.07,K2III
HIP 65969,13.525882,-28.11274,6.48,A1V
74    Vir,13.532746,-6.255816,4.68,M3III
73    Vir,13.534114,-18.72888,6.01,A7IV/V
HIP 66019,13.534836,-38.398844,6.14,K1III
HIP 66060,13.542909,-29.565263,6.45,F5IV
HIP 66065,13.543307,-28.692768,5.69,A0/A1V
HIP 66086,13.546725,24.346743,6.11,G8III
75    Vir,13.547679,-15.363012,5.52,K1III
76    Vir,13.549465,-10.165,5.21,K0III
HIP 66152,13.559972,-65.63269,6.36,A0V
81    UMa,13.568698,55.348434,5.6,A0V
78    Vir,13.56887,3.658967,4.92,A1p SrCrEu
HIP 66223,13.57274,38.789265,6.37,F0IV
24    CVn,13.57425,49.015973,4.68,A5V
HIP 66236,13.574714,-48.272162,6.32,B8III
HIP 66247,13.577903,-13.214324,5.92,A0V
Heze,13.57822,-0.59582,3.38,A3V
HIP 66251,13.578555,76.54671,6.46,K5III:
HIP 66254,13.578773,-33.310854,6.46,K2III
HIP 66257,13.579943,37.182415,4.91,F2IV SB
80    Vir,13.592027,-5.396191,5.7,G6III
HIP 66326,13.592618,10.204962,6.48,K1III+...
HIP 66385,13.611082,49.486648,6.48,K1III
HIP 66400,13.61346,-26.495198,5.73,A7V+...
HIP 66405,13.614048,-34.467839,6.48,K0III
HIP 66417,13.616412,24.613297,5.72,M2III
HIP 66427,13.618339,-44.143203,5.96,G8/K0III
HIP 66435,13.619731,71.242252,5.5,K2III
HIP 66438,13.62008,-61.691856,5.63,F6V
HIP 66454,13.623189,-46.427879,5.91,B8V
25    CVn,13.624345,36.294898,4.82,A7III
HIP 66521,13.635452,-58.414646,6.41,K1III
HIP 66522,13.635524,14.301926,6.49,A9Vs
HIP 66563,13.645021,-29.560867,5.81,F3V
HIP 66574,13.646054,-70.444829,6.11,K3III
HIP 66575,13.646933,-57.622717,6.0,G5Ib
HIP 66594,13.650635,18.265323,6.46,K3III
HIP 66607,13.653341,-75.683788,6.32,B8IV
HIP 66613,13.654143,51.804213,6.49,K2
82    UMa,13.658472,52.921208,5.46,A3Vn
HIP 66640,13.659616,10.746269,5.57,F0V
HIP 66645,13.661346,-39.747587,6.29,M3/M4III
HIP 66656,13.663488,-40.051708,5.61,K2/K3III
Eps Cen,13.664796,-53.466394,2.29,B1III
HIP 66666,13.666622,-49.949956,5.74,M8III
HIP 66681,13.669656,-64.576553,5.79,F3III-IV
HIP 66690,13.670996,31.012036,6.21,G5II:
HIP 66700,13.672614,57.207606,6.28,A4p SrCrEu
HIP 66704,13.673132,50.519413,6.31,F7.7V
HIP 66725,13.677523,28.065165,6.22,K3III
1    Boo,13.677909,19.955719,5.73,A1V
83    UMa,13.678967,54.681634,4.63,M2IIIvar
Kap Oct,13.682257,-85.786043,5.56,A2m...
2    Boo,13.683986,22.495768,5.63,G9III
HIP 66798,13.691625,64.822411,5.85,A2V
82    Vir,13.693549,-8.702984,5.03,M2III
HIP 66821,13.695775,-54.559425,4.99,B8Vn+...
HIP 66849,13.700307,-58.787078,5.38,B9IV
HIP 66860,13.703545,8.388394,6.16,F3Vp
HIP 66878,13.706379,82.752408,5.92,G9III
HIP 66892,13.708006,41.674282,6.3,G6III
HIP 66903,13.71093,78.064437,5.91,G7III:
HIP 66907,13.712063,34.989021,5.98,G5III
HIP 66923,13.715177,-50.790236,6.43,M0III
HIP 66924,13.715287,-41.401043,5.96,K0III
HIP 66925,13.715587,-56.767971,6.0,B0.5III
84    Vir,13.717698,3.537903,5.35,K1III
HIP 66984,13.727802,-42.067521,5.96,B8III
HIP 66992,13.729212,22.700423,6.12,K4III
HIP 67005,13.731884,52.064413,6.02,A1V
HIP 67036,13.737781,-51.012454,6.44,A0p
83    Vir,13.741618,-16.179072,5.55,G1IV/V
HIP 67071,13.746019,-25.500933,6.21,K3III
HIP 67103,13.753657,55.879349,6.47,F7IV-V
HIP 67104,13.753732,10.325305,6.42,K2
85    Vir,13.759741,-15.767467,6.18,A0V
HIP 67143,13.760249,-26.116009,5.81,A0V
1    Cen,13.761471,-33.043721,4.23,F3V
86    Vir,13.765644,-12.426528,5.5,G8III
HIP 67194,13.770435,41.088746,5.88,A5V
HIP 67199,13.770701,-54.683368,6.42,A1V
HIP 67210,13.771964,38.503626,5.92,G9III
84    UMa,13.776573,54.432679,5.68,B9p EuCr
HIP 67234,13.777604,-51.432766,4.64,G8/K0III
3    Boo,13.778701,25.702236,5.97,F6IV-V
HIP 67244,13.78232,-36.251933,5.15,A0V
HIP 67246,13.782534,6.350375,6.33,G0V
HIP 67250,13.783277,38.542697,5.51,K0III+...
HIP 67261,13.786352,-62.589714,6.4,A7V
HIP 67271,13.787057,-9.709455,6.04,K5III
4Tau Boo,13.78771,17.456906,4.5,F7V
87    Vir,13.790386,-17.859839,5.41,M2III
HIP 67292,13.791005,-50.249291,5.92,A3m...
Alkaid,13.792354,49.313265,1.85,B3V SB
HIP 67304,13.794052,-50.320682,5.46,K2III
HIP 67384,13.81076,31.190206,5.61,K0III
2    Cen,13.824091,-34.450776,4.19,M5III
5Ups Boo,13.824623,15.797905,4.05,K5IIIvar
Nu  Cen,13.825078,-41.687709,3.41,B2IV
Mu  Cen,13.826943,-42.473732,3.47,B2IV-Ve
6    Boo,13.828564,21.264105,4.92,K4III
HIP 67483,13.829149,36.632823,6.43,A7IV-V
HIP 67485,13.829296,61.489313,5.97,G3V
89    Vir,13.831191,-18.134168,4.96,K0III
HIP 67523,13.835142,-29.081321,6.19,A0V
HIP 67537,13.838721,-39.900855,6.43,K1III
HIP 67545,13.840189,5.497224,6.0,K0
HIP 67548,13.841043,58.539458,6.45,A3V
HIP 67589,13.849804,68.3153,6.39,K2IV
HIP 67605,13.85256,34.664399,5.89,M2III
HIP 67620,13.855656,-24.390368,6.43,G5V
10    Dra,13.857205,64.723272,4.58,M3III
HIP 67648,13.860142,-36.433279,6.34,F6V
HIP 67663,13.863117,-46.898666,5.77,B2Vp
HIP 67664,13.863174,-69.401258,5.73,K5/M0III
HIP 67665,13.863188,34.44424,4.76,K5III
3    Cen,13.863779,-32.994089,4.32,B5
HIP 67696,13.866939,-31.619207,6.11,F5/F6V
HIP 67703,13.868021,-52.81153,5.26,B9Vn
HIP 67714,13.871779,12.165135,6.1,A1V
HIP 67778,13.885677,40.337977,6.48,K5
HIP 67782,13.886192,28.648131,5.91,A7V
4    Cen,13.886817,-31.927612,4.75,B4IV
7    Boo,13.886925,17.932868,5.71,G5III
HIP 67819,13.892437,-35.664248,5.53,F3V
HIP 67836,13.895306,-53.373323,5.87,B5III
86    UMa,13.897507,53.728677,5.7,A0V
HIP 67851,13.897806,-35.314361,6.17,K0III
HIP 67861,13.899234,-47.128164,5.83,B2IIIe
HIP 67890,13.904626,-28.56959,6.05,K2III
Muphrid,13.911411,18.397717,2.68,G0IV
90    Vir,13.911707,-1.503125,5.16,K2III
HIP 67942,13.913646,-67.6521,5.74,K2III
HIP 67953,13.916167,-8.058852,6.19,F8V+...
HIP 67973,13.920042,-52.160822,5.66,B8V
Zet Cen,13.925667,-47.288375,2.55,B2.5IV
HIP 68009,13.927493,-82.66619,5.95,K2/K3III:p
HIP 68030,13.930555,14.056503,6.16,F6V
HIP 68065,13.936242,32.032598,6.31,F4IV-V
HIP 68079,13.938837,-46.592948,5.82,K0IV
HIP 68080,13.938882,-54.13242,6.14,A1V
92    Vir,13.941077,1.050581,5.9,A8V
HIP 68101,13.942489,-54.704665,6.0,G8V
9    Boo,13.942827,27.492082,5.02,K3IIIvar
HIP 68177,13.957702,-23.02263,6.14,K2/K3III
HIP 68184,13.958911,61.492861,6.49,K3V
HIP 68191,13.960809,-63.686696,4.71,K4III
HIP 68224,13.966354,-25.998079,6.42,K1III
Phi Cen,13.971186,-42.100753,3.83,B2IV
47    Hya,13.975319,-24.972249,5.2,B8V
HIP 68270,13.975352,-65.800665,6.2,K0III
10    Boo,13.977479,21.696219,5.76,A0Vs
HIP 68279,13.977752,14.649275,6.01,K5III
Ups1Cen,13.977987,-44.803584,3.87,B2IV-V
HIP 68333,13.988187,-50.369647,5.92,G8/K0III
HIP 68380,13.997022,-3.549788,6.36,F8V
48    Hya,14.000037,-25.010403,5.77,F6V
HIP 68413,14.004842,-61.481028,6.49,F1III-IV
HIP 68431,14.009124,-78.589981,6.09,B9III
HIP 68455,14.014596,-66.26891,5.96,F0V
11    Boo,14.01958,27.386594,6.23,A7III
HIP 68493,14.021962,-40.221943,6.12,K1III
HIP 68498,14.022341,8.894906,5.98,A2V
HIP 68516,14.026892,17.668391,6.36,G5
93Tau Vir,14.027443,1.544532,4.23,A3V
Ups2Cen,14.028748,-45.603421,4.34,F6II
HIP 68537,14.030746,68.678675,6.34,K5
HIP 68567,14.036717,45.753457,6.28,K2III
HIP 68581,14.039662,-27.429773,5.47,K2/K3III
HIP 68594,14.04218,9.686096,6.18,F8IV
HIP 68637,14.049935,50.971809,6.16,A2V
HIP 68641,14.050478,-31.684035,6.18,F6V
HIP 68643,14.051132,-17.367012,6.32,K2/K3III
HIP 68670,14.057371,-56.213434,5.93,K2III
HIP 68673,14.057632,-41.423345,6.08,B8 Si
HIP 68682,14.058986,10.786779,6.27,G8V
HIP 68687,14.060213,7.54617,6.25,G9III
Hadar,14.063729,-60.373039,0.61,B1III
HIP 68705,14.064747,-22.421602,6.3,F3IV
HIP 68707,14.065488,4.900973,6.24,F4V
HIP 68739,14.070711,-5.381416,6.39,K0
Thuban,14.073165,64.37585,3.67,A0III SB
HIP 68763,14.074161,-14.971708,6.35,K1III+...
HIP 68776,14.077063,2.297531,6.28,K0
The Aps,14.088903,-76.796752,5.69,M6.5III
HIP 68842,14.09625,-54.669362,6.2,A5III/IV
Chi Cen,14.10077,-41.179633,4.36,B2V
HIP 68872,14.10303,-43.091702,6.18,G8III
49Pi  Hya,14.106193,-26.682361,3.25,K2III
HIP 68902,14.106989,-59.715905,6.39,B0Ia
Menkent,14.111395,-36.369954,2.06,K0IIIb
95    Vir,14.111896,-9.313515,5.46,F2IV
3    UMi,14.115681,74.593781,6.43,A7V
HIP 69011,14.128005,-48.704026,6.43,B9V
HIP 69012,14.128205,-49.867607,6.45,G3V
HIP 69038,14.132154,43.854452,5.13,M4.2III
HIP 69065,14.137301,-63.20795,6.39,G8/K0III
13    Boo,14.138145,49.458167,5.26,M2III
HIP 69090,14.14099,-74.850285,6.02,G1V
HIP 69107,14.146143,59.337649,6.47,K0III
4    UMi,14.147498,77.547514,4.8,K3III
HIP 69113,14.147748,-43.470779,6.19,B9V
HIP 69122,14.148961,-59.276712,6.34,B5IV
96    Vir,14.150165,-10.334546,6.45,G8III
HIP 69174,14.159734,-51.504672,5.96,B9IV
HIP 69191,14.165242,-53.438946,4.74,G8III
12    Boo,14.173315,25.091677,4.82,F9IVw
HIP 69241,14.175252,-70.305464,6.07,K4II
HIP 69269,14.18069,-16.30203,4.93,M1III
HIP 69298,14.183865,-69.719318,6.07,A6IV
HIP 69316,14.187534,32.295892,6.14,K4III
HIP 69340,14.192001,1.362399,6.42,F7V
HIP 69373,14.201122,69.432548,5.18,M2III
HIP 69389,14.20439,2.409433,4.99,B9p Si
HIP 69398,14.206824,-24.363352,6.35,K2III
50    Hya,14.212785,-27.261186,5.07,K2III
Kang,14.214929,-10.273702,4.18,K3III
HIP 69458,14.220349,-26.612309,6.23,K0III
HIP 69462,14.221226,-53.665674,5.53,K5III+...
17Kap2Boo,14.224718,51.789965,4.53,A8IV
HIP 69491,14.227731,-54.625627,6.09,B5V
HIP 69493,14.227997,-0.845463,5.89,F7Vw
14    Boo,14.234773,12.959444,5.53,F6IV
HIP 69564,14.239253,-5.947717,6.36,F9V
HIP 69569,14.239876,41.518757,6.23,K3III:
HIP 69585,14.243224,13.975451,6.45,K2
HIP 69592,14.244711,21.873392,6.38,A7V
HIP 69598,14.245191,-41.837495,5.61,G8III
15    Boo,14.247458,10.10061,5.29,K1III
HIP 69614,14.248061,3.335878,6.41,M4III
HIP 69618,14.249208,-57.086126,5.03,B4Vne
HIP 69623,14.250349,-29.281904,6.1,A1V
HIP 69655,14.255921,-53.509941,6.4,K3III
HIP 69658,14.256691,-18.20069,5.53,A0V
HIP 69671,14.260737,-45.000756,6.31,F9V
Arcturus,14.26103,19.18241,-0.05,K2IIIp
Syrma,14.266908,-6.000547,4.07,F7V
HIP 69704,14.267333,45.566268,6.5,K0
21Iot Boo,14.269439,51.367231,4.75,A9V
HIP 69727,14.272606,-6.621544,6.44,A9III
Xuange,14.273074,46.088305,4.18,A0sh
HIP 69735,14.273416,39.744711,6.38,F2IV
HIP 69747,14.275046,-3.196305,6.15,A1V
HIP 69751,14.275791,20.121848,6.25,F8V
HIP 69763,14.277423,-66.587894,5.72,B1.5III
HIP 69773,14.280204,-8.884473,6.47,K0
HIP 69778,14.281989,-77.664221,6.48,K2IIp
HIP 69792,14.284386,-18.5857,6.22,K0III
HIP 69818,14.289208,51.307373,6.19,A2IV
HIP 69829,14.291237,15.26338,5.84,M3III
HIP 69862,14.297001,48.002004,6.32,F5
HIP 69879,14.29995,35.509505,4.8,K1III
HIP 69881,14.300201,-7.542388,6.47,F9V
Eta Aps,14.303877,-81.00776,4.89,A2m...
HIP 69929,14.310627,-18.715968,5.86,Ap Si(Cr)
HIP 69958,14.315532,54.863753,6.47,A5Vn
HIP 69965,14.316922,-25.815426,5.87,F7Vw
Khambalia,14.318498,-13.371095,4.52,A1V
HIP 69977,14.318655,-27.141147,6.35,K5III
18    Boo,14.321188,13.004299,5.41,F5IV
HIP 69995,14.323302,-37.002907,5.93,A1V
Iot Lup,14.323396,-46.058093,3.55,B2.5IV
102Ups Vir,14.325689,-2.265518,5.14,G9III
HIP 70022,14.328042,0.384333,6.18,A7V
20    Boo,14.329233,16.306948,4.84,K3III
HIP 70029,14.329926,38.794052,6.33,A2V
HIP 70035,14.331002,-61.272972,5.22,Am
HIP 70038,14.331445,-6.746167,6.42,G5
HIP 70051,14.335741,30.429128,6.45,A5III
HIP 70054,14.336029,-43.058843,5.55,G8III
HIP 70069,14.338763,-56.386497,4.3,B6Ib
Psi Cen,14.342623,-37.885295,4.05,A0IV
HIP 70104,14.345159,-45.18706,4.78,F0IV
HIP 70236,14.370557,29.36992,6.5,MIII
HIP 70243,14.372145,-34.786792,5.57,B8V
Eps Aps,14.373108,-80.108945,5.06,B4V
HIP 70264,14.376971,-58.459117,4.76,G8/K1 + F/G
HIP 70270,14.377421,-48.319857,6.1,B1III
HIP 70300,14.383956,-39.511819,4.41,B2V
51    Hya,14.384942,-27.754017,4.78,K3III
HIP 70310,14.385231,25.338173,6.22,F5V
HIP 70319,14.387579,1.241569,6.25,G1V
HIP 70320,14.387599,-47.41696,6.41,G5Ib
HIP 70325,14.38896,-50.772252,6.03,K2III
HIP 70327,14.389638,8.446617,4.86,A0V
2    Lib,14.390452,-11.714043,6.22,G7III
HIP 70363,14.396834,-53.176233,5.99,K1III
HIP 70384,14.400243,8.243969,5.94,A3V
HIP 70385,14.40055,27.413177,6.39,K4III
HIP 70400,14.403151,5.820131,5.1,A5V
HIP 70414,14.405075,8.084595,6.19,K4III
HIP 70418,14.406157,-82.84825,6.42,B8V
HIP 70451,14.411339,-44.311134,6.43,K0/K1III
HIP 70452,14.411348,-11.669703,6.49,F4III
HIP 70469,14.413508,-24.80631,5.34,K0III
HIP 70492,14.418426,-68.195333,5.56,A3Ib
23The Boo,14.419967,51.850744,4.04,F7V
HIP 70501,14.421554,-13.353163,6.49,K2III
HIP 70517,14.424764,38.393053,6.28,K2III:
HIP 70528,14.427716,-66.172922,6.36,A1V
HIP 70538,14.429936,-26.852241,6.48,K0III
Tau1Lup,14.435619,-45.221424,4.56,B2IV
Tau2Lup,14.436336,-45.379276,4.33,A7:+...
HIP 70580,14.437074,-42.318597,6.33,K3III
22    Boo,14.440935,19.2269,5.4,F0m
HIP 70626,14.447188,-39.873989,6.36,B9V
Del Oct,14.448801,-83.667884,4.31,K2III
HIP 70657,14.451973,-65.821646,5.87,K3III
HIP 70663,14.453392,-46.134254,5.83,Am
104    Vir,14.456774,-6.120332,6.18,A2IV
5    UMi,14.458758,75.695993,4.25,K4III
52    Hya,14.469564,-29.491638,4.97,B7/B8V
Elgafar,14.470038,-2.227957,4.81,G2III
HIP 70762,14.471234,36.197028,6.22,K0III
24    Boo,14.477197,49.844851,5.58,G3IV
106    Vir,14.478256,-6.900536,5.42,K5III
HIP 70798,14.47875,-59.197548,6.46,A0II/III
HIP 70809,14.481087,-47.992086,6.4,Ap...
HIP 70873,14.493549,41.795911,6.36,G5V
HIP 70874,14.493627,-76.729083,6.06,K0/K1III
HIP 70892,14.497131,31.791188,6.06,A0Vs
HIP 70894,14.497366,0.828929,5.96,A5IV
HIP 70915,14.502399,-45.321355,5.51,B8Vn
HIP 70931,14.505823,-49.519018,5.38,A1V
HIP 70949,14.512608,4.772286,6.01,K4III
HIP 70952,14.512832,63.185788,6.1,F4IV
HIP 70966,14.515728,-40.845122,6.39,K3III
HIP 70987,14.519678,-38.869708,5.99,K1III
HIP 71002,14.521224,-67.717197,5.84,K1III
HIP 71040,14.528567,60.225636,6.26,F0III
25Rho Boo,14.5305,30.371437,3.57,K3III
Seginus,14.534636,38.308253,3.04,A7IIIvar
HIP 71094,14.538953,26.677284,6.0,A7Vn
HIP 71111,14.541926,55.39801,5.74,K5III
26    Boo,14.542374,22.260059,5.91,F2IV
Sig Lup,14.543629,-50.457157,4.44,B2III
HIP 71154,14.55268,-30.715068,6.07,K0III
HIP 71168,14.55563,36.959023,6.39,F8IVw
HIP 71182,14.558325,-52.679522,5.86,K0III
HIP 71184,14.559004,-54.998628,5.86,F6IV-V
HIP 71196,14.560711,79.660427,6.27,K3III
HIP 71243,14.569915,32.534477,6.32,F5V
HIP 71251,14.571063,57.065258,6.46,F7V
HIP 71277,14.577362,36.626064,6.02,K5III
HIP 71280,14.577676,49.368354,5.74,M1III
28Sig Boo,14.578,29.74513,4.47,F3Vwvar
HIP 71295,14.580758,-20.439381,6.49,A3V
HIP 71333,14.588072,-60.015644,6.39,K2III
Eta Cen,14.591786,-42.157824,2.33,B1Vn + A
HIP 71353,14.592079,-41.517436,5.88,B6V
HIP 71406,14.601909,23.250359,6.39,K0
HIP 71419,14.605288,-46.245451,5.55,K3III
HIP 71429,14.606698,-39.597407,6.13,K1III
HIP 71453,14.61226,-40.21158,5.74,B8V
HIP 71469,14.616608,-12.305349,6.2,F5V
HIP 71494,14.620117,-53.060788,6.49,K2/K3III
HIP 71500,14.622266,-46.133439,5.39,K0III
HIP 71510,14.624574,2.277238,6.45,F8
HIP 71530,14.629609,-67.932012,6.03,F7V
Rho Lup,14.631454,-49.425828,4.05,B5V
HIP 71568,14.636837,43.64213,5.74,K2III
HIP 71571,14.637219,18.298379,5.9,K2III:
HIP 71573,14.63756,54.023339,5.83,A1V
HIP 71581,14.638711,-38.794184,6.04,K3III
33    Boo,14.647289,44.4045,5.39,A1V
HIP 71639,14.653027,-46.58448,6.06,F7V
HIP 71658,14.656814,-49.055319,6.37,F3IV
Toliman,14.660346,-60.8383,1.35,K1V
Rigil Kentaurus,14.660765,-60.833976,-0.01,G2V
HIP 71729,14.672743,21.975868,6.13,G0V
HIP 71746,14.675768,-56.440761,6.3,K0/K1II
HIP 71759,14.678442,13.534325,5.93,F0V
29Pi 1Boo,14.678768,16.418324,4.49,B9p MnHg
HIP 71783,14.683721,-36.134858,5.67,Ap Si
30Zet Boo,14.68582,13.7283,3.78,A3IVn
31    Boo,14.694097,8.161764,4.86,G8IIIvar
32    Boo,14.695423,11.660662,5.55,G8III
HIP 71853,14.697566,-30.933156,6.38,Asp...
HIP 71857,14.698398,21.123551,6.4,G8III
Alp Lup,14.698823,-47.3882,2.3,B1.5III
HIP 71861,14.698877,-58.615829,6.21,F4V
HIP 71865,14.699332,-37.793498,4.01,B2.5V
HIP 71870,14.69993,-77.011452,6.34,B9III
HIP 71876,14.700889,61.261916,6.24,F2V
Alp Cir,14.708492,-64.975138,3.18,F1Vp
107Mu  Vir,14.717673,-5.658207,3.87,F2III
4    Lib,14.720431,-24.997753,5.7,B9.5V
34    Boo,14.723712,26.52785,4.8,M3III
HIP 72000,14.724484,-62.966671,6.39,B3V:
HIP 72010,14.727624,-35.173655,4.06,K3III
HIP 72012,14.72901,40.459254,5.72,K4III
HIP 72097,14.748755,-58.477492,6.1,K0III
HIP 72104,14.749778,-35.191826,4.92,A0V
Izar,14.749784,27.074222,2.35,A0
HIP 72121,14.753045,-55.60164,6.1,B2III
HIP 72122,14.753252,-1.417529,6.06,M1III
HIP 72124,14.753808,32.788346,6.27,M1III
35Omi Boo,14.754017,16.96428,4.6,K0III
HIP 72131,14.754802,-62.875648,5.36,A7Vn
HIP 72135,14.755232,-51.314927,6.44,K4III
HIP 72139,14.755717,18.884956,6.15,K0
108    Vir,14.75839,0.717271,5.68,B9.5V
5    Lib,14.766044,-15.459541,6.33,K2III
54    Hya,14.766691,-25.443181,5.15,F0V + G/K
HIP 72208,14.768319,15.131788,5.78,M5III
HIP 72210,14.768547,-23.153018,5.8,K0III
HIP 72217,14.76969,-21.175966,6.43,G2V
109    Vir,14.770812,1.892885,3.73,A0V
HIP 72250,14.774724,-47.441116,5.74,A1V
HIP 72290,14.783694,-52.383518,5.22,G6III
HIP 72296,14.784747,-38.290639,5.9,K3III
HIP 72308,14.78683,-52.205256,6.07,A1III/IV
HIP 72310,14.787125,-21.324871,6.05,K4/K5III
55    Hya,14.789599,-25.624267,5.61,B9IV/V
HIP 72338,14.79225,-43.556806,6.3,K1III
56    Hya,14.795779,-26.0875,5.23,G8/K0III
Alp Aps,14.797701,-79.044751,3.83,K5III
HIP 72373,14.798597,-12.840007,6.34,K0III
57    Hya,14.799322,-26.646155,5.76,B9.5V
HIP 72412,14.806486,24.366876,6.15,F2V
HIP 72432,14.810569,-36.634697,5.89,M5III
HIP 72438,14.812377,-66.593563,5.91,B2.5V
HIP 72449,14.815026,-0.847655,6.15,B9Vsvar...
HIP 72469,14.818551,37.811179,6.15,F2V
HIP 72471,14.818641,-56.667829,6.21,K3III
Merga,14.821853,46.116205,5.76,F7IVw
HIP 72488,14.821874,-24.25147,5.68,K3III+...
7Mu  Lib,14.821959,-14.149022,5.32,Ap
HIP 72508,14.82566,51.374503,6.49,F5IV
HIP 72518,14.82696,-68.93619,6.5,B3III
39    Boo,14.828143,48.720804,5.68,F6V+...
HIP 72552,14.832888,28.615832,5.8,A4V
HIP 72567,14.837723,23.911844,5.86,G2V
58    Hya,14.838147,-27.960371,4.42,K3III
HIP 72573,14.838814,82.511944,5.63,F9V
HIP 72582,14.841577,37.272047,5.47,K0III-IV
8Alp1Lib,14.844773,-15.997237,5.15,F3V
Kochab,14.845105,74.155505,2.07,K4IIIvar
Zubenelgenubi,14.847977,-16.041778,2.75,A3IV
HIP 72629,14.850026,-0.257491,6.18,K3III
11    Lib,14.850298,-2.29915,4.93,G8...
37Xi  Boo,14.856493,19.10046,4.54,G8V + K4V
HIP 72664,14.857362,59.293985,5.48,K4III
HIP 72670,14.858351,-77.17597,6.44,Ap...
Omi Lup,14.860641,-43.575359,4.32,B5IV
HIP 72702,14.864252,-18.355325,6.27,K0II/III
HIP 72772,14.87587,-30.577253,6.3,G0/G1V
HIP 72773,14.876462,-63.809827,5.91,F8II + A/F
HIP 72800,14.880855,-37.80316,5.02,B7II/III
HIP 72833,14.887097,-73.190071,5.59,G5III
HIP 72846,14.889819,15.705167,6.41,F6III
HIP 72848,14.889939,19.152798,6.0,K2V
12    Lib,14.905592,-24.642202,5.27,K2/K3III
13Xi 1Lib,14.906354,-11.898348,5.78,G7III
HIP 72959,14.910532,-33.300575,5.85,K2III
Zet Cir,14.91183,-65.991095,6.09,B3Vn
HIP 72983,14.915013,-69.860956,6.38,B5V
HIP 73036,14.926287,-60.114164,5.18,K1III
HIP 73049,14.929085,-33.855785,5.32,A0V
HIP 73068,14.932944,32.300063,6.12,A2V
HIP 73087,14.937008,14.446266,5.9,A0V
HIP 73095,14.938123,-52.809548,5.38,A2III
HIP 73100,14.939724,49.628449,5.63,F7V
HIP 73107,14.941907,-32.636784,6.06,K3III
HIP 73111,14.942239,-47.879198,5.62,B+...
HIP 73116,14.943265,-39.416023,6.36,A0/A1V
HIP 73118,14.943984,-62.364417,6.39,B5V
The Cir,14.945554,-62.781016,5.08,B4Vnp
15Xi 2Lib,14.946142,-11.409701,5.48,K4III
HIP 73156,14.950999,21.555419,6.5,A1V
16    Lib,14.953055,-4.346462,4.47,F0V
HIP 73166,14.953244,16.388128,5.72,G5III:
HIP 73171,14.953808,-29.157678,6.28,B8/B9V
HIP 73184,14.957765,-21.415475,5.72,K4V
HIP 73193,14.959236,-0.167612,5.51,K1III
HIP 73199,14.959743,65.93246,4.63,M5III
HIP 73223,14.964755,-76.662655,5.37,K4III
HIP 73241,14.969112,-48.863011,6.34,G5V
Bet Lup,14.975537,-43.13396,2.68,B2III
HIP 73279,14.976817,-39.907172,6.17,K1III
59    Hya,14.977572,-27.657314,5.65,A6IV
HIP 73309,14.981329,-4.989256,6.08,F8V
18    Lib,14.98155,-11.144014,5.88,K3III-IV
Kap Cen,14.986025,-42.104194,3.13,B2IV
HIP 73341,14.987202,-37.881234,6.45,B8V
HIP 73350,14.989754,4.567761,5.91,M1III
HIP 73354,14.990888,-43.159833,6.1,F5III
40    Boo,14.993598,39.265333,5.64,F1III-IV
HIP 73394,14.998825,-75.032669,6.2,B9V
HIP 73415,15.003147,-77.16055,5.92,G8II
HIP 73454,15.010756,47.277441,6.35,B9p SiSrCr
HIP 73464,15.014521,22.045589,6.29,K0
19Del Lib,15.016208,-8.518943,4.91,B9.5V
HIP 73493,15.020303,-38.058398,5.88,K2/K3III
HIP 73497,15.022174,-2.754927,5.52,M0III
HIP 73507,15.024195,60.204453,5.91,A4V
HIP 73536,15.030255,-0.140295,5.71,M2III
Pi 1Oct,15.030754,-83.227646,5.65,G8/K0III
Nekkar,15.032436,40.390566,3.49,G8III
HIP 73559,15.032801,-34.358875,6.21,A8/A9III/IV
60    Hya,15.035119,-28.060611,5.83,A4IV
41Ome Boo,15.035141,25.008138,4.8,K4III
HIP 73571,15.035715,-7.575299,6.38,A3
110    Vir,15.048344,2.091303,4.39,K0III
HIP 73624,15.049799,-32.643294,5.45,B3V
HIP 73634,15.051683,35.205795,5.52,G8III:
44    Boo,15.063174,47.65406,4.83,G2V + G2V
HIP 73706,15.066041,65.919714,6.22,A2Vs
Brachium,15.067839,-25.281965,3.25,M3/M4III
43Psi Boo,15.074098,26.947649,4.52,K2III
HIP 73764,15.078583,-40.86133,6.29,M6III
Pi 2Oct,15.079711,-83.038311,5.65,G8Ib
Eta Cir,15.08003,-64.03135,5.16,G8III
Pi  Lup,15.085303,-47.051245,3.91,B5
HIP 73826,15.088656,-41.067236,5.13,G8III
47    Boo,15.090515,48.150972,5.59,A1V
HIP 73850,15.092751,-30.550864,6.48,F6V
HIP 73881,15.100671,-48.883391,6.48,B3V
HIP 73901,15.103871,-36.264599,6.27,K5III
HIP 73909,15.104638,54.556318,5.24,G8III
HIP 73927,15.107539,-22.03183,6.13,K0III
HIP 73937,15.109222,-30.918483,5.97,Ap Si
HIP 73941,15.109765,36.456063,6.35,F8V
21Nu  Lib,15.110444,-16.256818,5.19,K5III
HIP 73953,15.113628,-16.484361,6.41,A1V
HIP 73966,15.115548,-52.029779,6.4,B3III
45    Boo,15.121682,24.869195,4.93,F5V
HIP 74000,15.122324,18.441825,6.03,A3V
HIP 74006,15.123874,-49.088612,5.77,G8III
HIP 74026,15.127868,5.498035,6.16,K0III
HIP 74044,15.132264,-61.128673,6.49,F2III
HIP 74047,15.132432,-65.275449,6.18,K3III
HIP 74066,15.136703,-40.58393,5.75,B8IV Si
HIP 74083,15.138761,50.054955,6.33,K0III
46    Boo,15.139939,26.301152,5.67,K2III
HIP 74096,15.143212,25.108635,5.82,K1III
HIP 74100,15.144223,-42.867921,5.85,B7V
Lam Lup,15.147394,-45.279857,4.07,B3V
HIP 74121,15.148198,13.235242,6.16,G6V:
HIP 74181,15.157091,-63.64293,6.25,A0p
HIP 74184,15.15831,-67.084133,5.76,F8Iab-Ib
HIP 74224,15.168702,-38.792511,5.98,G6III
HIP 74239,15.171843,-26.332621,5.75,K0III
HIP 74272,15.179002,67.781035,6.18,A8Vn
HIP 74273,15.179128,-61.42232,6.29,G3IV
Ome Oct,15.185777,-84.787812,5.88,B9.5V
HIP 74305,15.187773,-55.346032,5.45,G2Ib/II
HIP 74336,15.193002,-45.277459,6.44,K1III
Kap1Lup,15.198918,-48.737819,3.88,B9V
Kap2Lup,15.199363,-48.743687,5.7,A3IV
HIP 74386,15.201184,18.976031,5.9,M4III
HIP 74391,15.203337,-19.106482,6.49,K4III
24Iot1Lib,15.203692,-19.79171,4.54,Asp...
Zet Lup,15.20476,-52.099247,3.41,G8III
HIP 74418,15.20867,-48.218992,6.32,K2III
HIP 74421,15.209444,-72.770599,6.02,B8/B9III
HIP 74441,15.213103,10.702305,6.5,K2
HIP 74449,15.213776,-44.500414,4.83,B3IV
HIP 74470,15.216951,-61.74378,6.27,K4Ib
HIP 74479,15.218796,-36.091425,6.09,B8V
HIP 74490,15.221503,-24.008322,6.47,B8III
25Iot2Lib,15.221997,-19.647572,6.07,A2V
23    Lib,15.224637,-25.309347,6.47,G5V
HIP 74505,15.225519,22.983399,6.31,A2V
HIP 74514,15.226551,38.2647,6.19,K2III:
HIP 74539,15.231476,-26.193569,5.84,G8/K0II
HIP 74552,15.233108,-61.342977,6.36,B5V
HIP 74561,15.235011,31.787845,5.98,K5
HIP 74571,15.236196,42.171409,6.12,M2III
HIP 74582,15.238658,-70.079476,5.75,N0v
48Chi Boo,15.241435,29.164295,5.28,A2V
26    Lib,15.242711,-17.768572,6.18,B9III
1    Lup,15.2437,-31.519121,4.91,F3III
HIP 74605,15.243926,67.346722,5.15,F9IV
HIP 74623,15.247388,-5.502555,6.28,K2
3    Ser,15.253154,4.939362,5.32,K0III
49Del Boo,15.258376,33.314833,3.46,G8III
4    Ser,15.263633,0.372139,5.62,A4V
HIP 74690,15.264083,50.938456,6.47,G5
HIP 74695,15.264879,6.46484,6.47,K0
HIP 74696,15.264907,-48.073661,5.96,A3m
HIP 74707,15.267785,-41.491155,5.15,F:+...
HIP 74716,15.269573,-43.484997,6.05,B3IV
HIP 74732,15.273059,-22.399416,5.52,K2III
HIP 74750,15.276859,-60.903996,5.74,B0.5V
HIP 74769,15.281058,-47.864544,6.46,G8III
HIP 74775,15.281945,-46.202355,6.44,F6V
Del Cir,15.282471,-60.957255,5.04,O8.5V
Zubeneschamali,15.283449,-9.382917,2.61,B8V
11    UMi,15.284968,71.823901,5.02,K4III
Bet Cir,15.291917,-58.801208,4.07,A3V
Eps Cir,15.294136,-63.610465,4.85,K2.5III
2    Lup,15.297178,-30.148673,4.35,K1II/III
HIP 74875,15.302614,-41.061159,6.3,Am
HIP 74895,15.306288,0.939409,6.5,K0
HIP 74896,15.306807,20.572778,5.68,G5IV
HIP 74901,15.307257,-0.461234,5.88,K5III
Mu  Lup,15.308897,-47.875272,4.27,B8V
HIP 74929,15.311473,-31.209347,6.18,G6/G8III
HIP 74941,15.313651,-60.496334,5.43,O7Iab:
Gam TrA,15.315181,-68.679545,2.87,A1V
HIP 74950,15.315661,-40.788222,5.59,B9V
5    Ser,15.321888,1.765408,5.04,F8III-IV
HIP 75000,15.325014,32.514903,6.33,A2m
HIP 75003,15.325481,-37.097161,6.19,G8III/IV
HIP 75043,15.334763,51.958515,5.65,A4V
1Omi CrB,15.335714,29.616209,5.51,K0III
HIP 75091,15.344599,-67.481526,6.27,B3V
HIP 75093,15.344909,44.434376,6.14,F4IVs
Pherkad,15.345483,71.834016,3.0,A3II-III
HIP 75101,15.346394,-2.413331,6.34,K0V
28    Lib,15.348244,-18.158658,6.16,G8II/III
29Omi Lib,15.350382,-15.548342,6.14,F2V
6    Ser,15.350554,0.715337,5.35,K3III
HIP 75125,15.351911,24.95802,6.36,K0
HIP 75127,15.352114,-5.824853,5.54,K1III
Del Lup,15.356201,-40.647518,3.22,B1.5IV
HIP 75164,15.359807,-40.749482,6.21,A1V
Phi1Lup,15.36344,-36.261376,3.57,K5III
50    Boo,15.363495,32.933695,5.38,B9Vn
Nu 2Lup,15.363507,-48.317628,5.65,G2V
Nu 1Lup,15.368975,-47.927792,4.99,F8V
7    Ser,15.373122,12.567521,6.29,A0V
HIP 75256,15.377014,62.047076,5.99,A0sp...
HIP 75257,15.377048,39.581463,5.56,K4III
HIP 75260,15.377341,63.341439,5.72,K4III
Eps Lup,15.378021,-44.689622,3.37,B2IV-V
HIP 75272,15.379224,-29.341935,6.5,K0III
HIP 75294,15.383829,-15.134036,6.46,K4III
Phi2Lup,15.385931,-36.858489,4.54,B4V
HIP 75308,15.386265,-60.657176,5.65,F7V
2Eta CrB,15.38675,30.287812,4.99,G2V
Gam Cir,15.389625,-59.320787,4.48,B5III + F8
HIP 75324,15.390274,-46.140415,6.49,G8III
8    Ser,15.395475,-1.022384,6.11,F0V
HIP 75352,15.397844,-12.369501,5.72,G8III
HIP 75369,15.401422,45.271031,6.07,K2III
31Eps Lib,15.403303,-10.322266,4.92,F5IV
Alkalurops,15.408181,37.377167,4.31,F0V
Ups Lup,15.412504,-39.710268,5.36,Ap...
Edasich,15.415494,58.966065,3.29,K2III
HIP 75501,15.422285,-38.73362,4.6,A0V
9Tau1Ser,15.429832,15.428036,5.16,M1III
HIP 75535,15.431464,19.480707,6.26,G0V
HIP 75565,15.437389,-68.309167,5.89,K0III
HIP 75572,15.438166,34.335996,5.46,K4III
HIP 75587,15.442273,54.020294,6.44,A2IV
HIP 75647,15.455037,-36.76756,5.46,B5V
HIP 75665,15.459193,-64.531504,5.71,K5/M0III
HIP 75674,15.460798,25.101626,6.01,M1III
Nusakan,15.463818,29.105703,3.66,F0p
HIP 75696,15.464287,60.670217,5.9,K5III
32Zet1Lib,15.470947,-16.716484,5.64,K4III
HIP 75736,15.472398,-88.13301,6.49,Am
HIP 75742,15.474225,-51.597934,6.1,G2Ib
10    Ser,15.477288,1.842081,5.15,A8IV
HIP 75770,15.478999,47.201514,6.15,Amvar...
HIP 75788,15.482451,55.194937,6.45,A3m
HIP 75790,15.482962,-28.866891,6.43,G0V
HIP 75810,15.486699,16.395618,6.38,G8III-IV
HIP 75818,15.488688,-38.634999,6.44,F2V
HIP 75822,15.489198,62.099529,6.32,K5
HIP 75828,15.490075,-46.732704,5.26,K4III
HIP 75915,15.505915,-41.919027,6.23,B9V
HIP 75919,15.506325,31.285932,6.45,A4IV
HIP 75939,15.51007,-20.728553,6.2,A3V
34Zet3Lib,15.511223,-16.609464,5.82,K0III
HIP 75959,15.513664,-71.654136,6.39,B3V
52Nu 1Boo,15.515488,40.833047,5.04,K5III
HIP 75974,15.515514,64.208693,5.74,K0III-IV
HIP 76006,15.522863,36.616599,6.39,F6III
15The UMi,15.523619,77.349352,5.0,K5III
Kap1Aps,15.525228,-73.389591,5.4,B1npe
HIP 76033,15.528725,-20.164922,6.28,A5V
53Nu 2Boo,15.529718,40.899332,4.98,A5V
HIP 76048,15.53062,-32.881112,6.49,B6/B7V
HIP 76063,15.534498,-38.622543,6.23,A3III
12Tau2Ser,15.536021,16.056169,6.22,B9V
HIP 76106,15.543528,-19.67046,5.5,A2IV
35Zet4Lib,15.548673,-16.852844,5.53,B3V
4The CrB,15.548829,31.359133,4.14,B6Vnn
11    Ser,15.549427,-1.186399,5.5,K0III
HIP 76143,15.552644,-24.490433,6.26,A3/5V +A9/F2
HIP 76165,15.556755,-40.490852,6.4,K0III
HIP 76198,15.564641,17.137359,6.49,F3III
HIP 76207,15.567143,-40.066432,5.82,M2III
37    Lib,15.569638,-10.064529,4.61,K1IV
HIP 76234,15.57246,-39.34921,6.36,B9V
HIP 76243,15.574032,-9.183416,5.16,B6IV
36    Lib,15.577033,-28.046983,5.13,K2/K3III
Alphecca,15.578128,26.714693,2.22,A0V
13Del Ser,15.580041,10.538867,3.8,F0IV
Gam Lup,15.585681,-41.166757,2.8,B2IV
6Mu  CrB,15.587476,39.010067,5.14,M2III
HIP 76311,15.587835,53.922144,5.97,K4III:
Zubenelhakrabi,15.592105,-14.789537,3.91,K0III
15Tau3Ser,15.592565,17.655555,6.1,G8III:
HIP 76366,15.596998,38.373926,6.3,K2
HIP 76371,15.598126,-44.958389,4.55,B3IVp
HIP 76372,15.598158,11.265656,6.04,K0III:
HIP 76376,15.599182,54.630567,5.77,A2V
HIP 76395,15.603157,-33.092806,6.26,B8/B9V
HIP 76397,15.603364,-44.396823,5.44,M0III
18Tau5Ser,15.608121,16.119085,5.93,F3V
16    Ser,15.608216,10.010176,5.26,K0p
Eps TrA,15.612,-66.317037,4.11,K0III
HIP 76456,15.614839,29.991182,6.46,F5V:
39Ups Lib,15.61707,-28.135079,3.6,K3III
HIP 76503,15.624583,-26.279864,6.19,B9IV
HIP 76509,15.625562,54.508733,5.85,K1III:
HIP 76519,15.62755,69.283344,5.65,M0III
HIP 76532,15.630011,-23.141698,5.79,K0III
54Phi Boo,15.630441,40.353433,5.25,G8III-IV
Ome Lup,15.634232,-42.567348,4.34,K4.5III
HIP 76567,15.637725,-28.206666,6.32,K1III
HIP 76568,15.637833,46.797751,5.76,F2V
HIP 76569,15.637855,-21.016327,5.82,K0III
HIP 76594,15.642833,50.423283,5.84,G8III
40Tau Lib,15.64427,-29.777754,3.66,B2.5V
HIP 76603,15.644467,-8.79149,6.45,F6V
HIP 76608,15.645049,-39.127734,6.05,A4:m...
HIP 76617,15.646904,34.675039,6.12,K0
HIP 76618,15.647079,-52.372695,5.43,B9V
41    Lib,15.648488,-19.301892,5.36,G8III/IV
HIP 76651,15.652645,57.924426,6.45,K1III
HIP 76664,15.655159,-77.918004,6.19,K2II
HIP 76666,15.655937,-23.150224,6.33,B9.5V
7Zet1CrB,15.656299,36.635812,4.64,B7V+...
3Psi1Lup,15.662772,-34.411926,4.66,G8/K0III
HIP 76716,15.665726,-59.908338,5.95,F6V
HIP 76733,15.669541,12.052934,6.22,G8II
HIP 76736,15.669889,-70.227883,6.45,A5V
HIP 76739,15.670981,-31.213771,6.35,K3III
42    Lib,15.67136,-23.818078,4.97,K3III
Kap2Aps,15.672598,-73.446685,5.64,B8IV
HIP 76809,15.682844,-47.736091,6.21,K5/M0III
19Tau6Ser,15.683083,16.024588,6.0,G8III
HIP 76829,15.686505,-44.661205,4.64,F5IV-V
21Iot Ser,15.692516,19.670401,4.51,A1V
20Chi Ser,15.696504,12.847528,5.34,A0p Sr
HIP 76877,15.698527,-76.081959,5.95,B9V
22Tau7Ser,15.698532,18.464037,5.8,A2m
43Kap Lib,15.699111,-19.678828,4.75,K5III
HIP 76935,15.710341,-49.489553,6.02,K2III
HIP 76939,15.710645,-37.424935,5.23,G8/K0III
4Psi2Lup,15.711395,-34.710407,4.75,B5V
8Gam CrB,15.712381,26.295637,3.81,A1Vs
HIP 76957,15.714107,52.360903,5.48,B9p...
HIP 76985,15.719592,13.667666,6.48,G5III
Rho Oct,15.721161,-84.465273,5.57,A2V
HIP 77007,15.723572,-15.04323,6.3,K0III
HIP 77042,15.732022,-60.287217,6.46,G0Ib
9Pi  CrB,15.73314,32.515807,5.57,G9III:
23Psi Ser,15.733839,2.515173,5.86,G5V
16Zet UMi,15.734299,77.794493,4.29,A3Vn
44Eta Lib,15.734556,-15.672834,5.41,A6IV
Unukalhai,15.737798,6.425627,2.63,K2III
HIP 77086,15.739633,-41.819089,5.93,A0V + B
26Tau8Ser,15.745037,17.264226,6.15,A0V
HIP 77138,15.749884,-50.785463,6.41,A3V
HIP 77163,15.756523,5.447315,5.57,A1V
HIP 77186,15.760974,0.891039,6.32,K0III
25    Ser,15.768233,-1.804193,5.39,B8III
28Bet Ser,15.769793,15.421826,3.65,A3V
HIP 77235,15.770238,-28.061481,6.49,F0V
27Lam Ser,15.77406,7.353073,4.42,G0Vvar
HIP 77272,15.776337,55.474791,5.94,K3III
HIP 77277,15.777772,62.599557,5.19,A2IV
HIP 77286,15.77895,-34.682454,5.61,B8V
HIP 77287,15.779285,-6.120355,6.24,K0
31Ups Ser,15.788144,14.115348,5.71,A3V
HIP 77350,15.79043,-40.19421,6.41,G8III/IVp..
HIP 77358,15.791435,-37.916312,6.01,G6IV
HIP 77370,15.793867,55.376627,5.85,A3m
HIP 77390,15.798078,-65.442291,5.54,A5
HIP 77397,15.800498,31.735615,6.41,K5
HIP 77412,15.803696,13.789078,5.98,K2III
HIP 77442,15.80956,28.156749,5.89,C00 (F8pe)
Gudja,15.812327,18.141564,4.09,M1III
HIP 77454,15.814005,-52.438256,6.05,K2/K3III
HIP 77464,15.815777,-3.818513,5.53,A5IV
10Del CrB,15.82657,26.068394,4.59,G5III-IV
32Mu  Ser,15.827002,-3.430208,3.54,A0V
HIP 77541,15.83264,-48.912408,5.86,A2IV
HIP 77562,15.835304,-53.20977,5.78,B8V
HIP 77574,15.837862,-45.401714,6.11,F0V
34Ome Ser,15.838207,2.196509,5.21,G8III
37Eps Ser,15.846935,4.47773,3.71,A2m
5Chi Lup,15.849316,-33.627165,3.97,B9.5III-IV
1    Sco,15.849652,-25.751295,4.63,B1.5Vn
HIP 77645,15.851891,-55.055533,5.74,B2II
11Kap CrB,15.85387,35.657382,4.79,K0III-IV
36    Ser,15.854331,-3.090497,5.09,A3Vn
38Rho Ser,15.85442,20.977919,4.74,K5III
HIP 77678,15.858736,-47.0608,6.0,K1IV
HIP 77689,15.860666,-14.133584,6.2,G8III
HIP 77729,15.870225,-29.886552,6.39,K0III
HIP 77738,15.871269,55.826713,5.81,G8III:
1Chi Her,15.877903,42.451518,4.6,F9V
HIP 77782,15.882255,17.40315,6.29,K0
39    Ser,15.886694,13.196623,6.07,G0IV
45Lam Lib,15.888905,-20.16704,5.04,B3V
HIP 77817,15.889704,-62.606583,6.22,K3III
HIP 77835,15.893019,16.074933,6.21,F5II-III
2    Sco,15.893533,-25.327142,4.59,B2.5Vn
46The Lib,15.897093,-16.729293,4.13,K0III
HIP 77858,15.89831,-24.533157,5.38,B5V
HIP 77859,15.898851,-23.978094,5.41,B2V
HIP 77900,15.908364,-27.338639,6.15,B7V
HIP 77902,15.909615,20.310968,5.45,M0III
2    Her,15.910516,43.138567,5.35,M3III
3    Sco,15.910981,-25.243741,5.87,B8III/IV
40    Ser,15.911188,8.580337,6.28,A7Vn
HIP 77927,15.914621,-60.743651,6.14,B9II
47    Lib,15.916768,-19.382926,5.95,B2/B3V
Bet TrA,15.919083,-63.430727,2.83,F2III
Kap TrA,15.924891,-68.603001,5.11,G6VII
4    Sco,15.925023,-26.265993,5.63,A3V
HIP 77985,15.925148,-31.083644,6.21,K4III
4    Her,15.925166,42.566193,5.73,B9p
HIP 77990,15.925665,-60.177647,5.78,Amvar
HIP 77995,15.927737,18.620745,6.26,B8III
12Lam CrB,15.929884,37.946958,5.43,F0IV
HIP 78017,15.930455,58.911774,6.31,A0V
HIP 78045,15.934982,-60.482477,5.76,A3V
HIP 78046,15.935233,-39.864364,6.04,B9V
HIP 78058,15.937229,-31.785882,6.29,F3/F5V
HIP 78059,15.937342,-14.399402,6.32,F6V
41Gam Ser,15.940882,15.661617,3.85,F6V
HIP 78078,15.942604,-14.829438,6.11,A2Ib/II
Iklil,15.948077,-29.214073,3.87,B2IV/V
Xi 1Lup,15.948193,-33.966134,5.14,A3V
Xi 2Lup,15.948366,-33.964281,5.59,B9V
HIP 78117,15.95108,-48.162186,6.31,F1IV
Phi Ser,15.954048,14.41448,5.54,K1IV
HIP 78142,15.955924,-36.185344,5.78,K0/K1III+..
HIP 78153,15.958288,39.695086,6.3,K0
13Eps CrB,15.959794,26.87788,4.14,K3III
HIP 78168,15.96124,-20.98308,5.84,B3V
HIP 78180,15.963196,54.749762,4.96,F0IV
48    Lib,15.969825,-14.279358,4.95,B8Ia/Iab
HIP 78236,15.975222,-37.503878,6.31,K0III
HIP 78246,15.976352,-24.831488,5.43,B5V
Fang,15.980865,-26.114105,2.89,B1V + B2V
HIP 78276,15.982697,36.643773,5.61,K5III
HIP 78279,15.982821,-65.037585,5.74,B7III
HIP 78286,15.984552,49.881043,6.04,F0IV
HIP 78323,15.991743,-41.744436,4.99,G8III
HIP 78355,15.998374,-54.020911,6.1,B5IV
HIP 78360,15.998649,-78.027277,6.4,F3IV
Eta Lup,16.002036,-38.396706,3.42,B2.5IV
49    Lib,16.005447,-16.53335,5.47,F7V
Dschubba,16.005557,-22.62171,2.29,B0.2IV
50    Lib,16.013231,-8.411353,5.53,A0Vs
HIP 78442,16.014204,4.427363,5.82,K0III:
HIP 78445,16.014919,-40.43548,6.21,A0V
15Rho CrB,16.017412,33.303509,5.39,G2V
HIP 78469,16.018468,-54.577899,6.12,A7III
HIP 78476,16.019644,-63.776538,6.42,F8II
5    Her,16.020644,17.818397,5.1,G8III
HIP 78486,16.022098,-31.889137,6.33,K4III
14Iot CrB,16.024047,29.851061,4.98,A0p...
13The Dra,16.031532,58.565251,4.01,F8IV-V
HIP 78540,16.034578,-51.120771,6.38,B5V
HIP 78542,16.034877,52.915917,5.93,K5III
44Pi  Ser,16.038248,22.804454,4.82,A3V
HIP 78575,16.044283,-29.1358,6.07,K2/K3III
6Ups Her,16.046634,46.036705,4.72,B9III
HIP 78603,16.04792,-62.54159,6.25,B9.5V
HIP 78632,16.052599,59.410738,6.19,M1III
Eta Nor,16.053579,-49.229695,4.65,G8III
HIP 78649,16.055379,36.631787,5.79,A2V+...
HIP 78650,16.05573,-25.86524,4.96,K3III
HIP 78655,16.05672,-38.602541,4.9,B6III/IV
HIP 78661,16.058718,76.793939,5.73,A3V
Iot1Nor,16.058931,-57.775064,4.63,A7IV
HIP 78665,16.059545,-32.000538,6.0,F5IV/V
43    Ser,16.062692,4.986834,6.07,G9III
HIP 78699,16.065195,-24.726312,6.22,K2/K3III
HIP 78710,16.068389,-59.176182,6.4,K1II/III
HIP 78726,16.071617,-33.213718,6.1,F3III
HIP 78731,16.07259,-53.710375,6.46,B9II/IIIp..
HIP 78747,16.076899,-37.862951,5.91,F3V
Acrab,16.09062,-19.805453,2.56,B0.5V
8Bet2Sco,16.09071,-19.80186,4.9,B2V
HIP 78840,16.093872,8.096248,6.27,A3m
HIP 78849,16.09571,-6.291129,6.35,F2IV
HIP 78868,16.098851,-72.400898,5.7,K1IIICNII
HIP 78870,16.099948,-6.139754,6.39,K0
HIP 78877,16.101772,-23.606315,5.9,B8V
HIP 78893,16.105475,67.810134,5.44,A0Vn
Del Nor,16.108176,-45.173185,4.73,Am
The Lup,16.109874,-36.802288,4.22,B2.5Vn
9Ome1Sco,16.113452,-20.669192,3.93,B1V
HIP 78955,16.117604,-14.071292,6.32,G5V
HIP 78970,16.121168,-36.755676,5.72,F0/F2V
HIP 78985,16.122827,21.822615,6.15,K4III
HIP 78989,16.123357,-56.190956,6.16,F2II
10Ome2Sco,16.123424,-20.868764,4.31,G6/G8III
11    Sco,16.126782,-12.74541,5.75,B9V
45    Ser,16.127094,9.891743,5.63,A7V
HIP 79031,16.13108,-24.462349,6.32,B8IV/V
Marsic,16.134591,17.04698,5.0,G8III
7Kap Her,16.13471,17.054382,6.25,K1III
HIP 79050,16.135439,-26.326679,5.35,M2III
47    Ser,16.141132,8.53431,5.69,M3.5IIIa
HIP 79086,16.143476,8.613176,6.47,M4III
HIP 79098,16.145478,-23.685416,5.86,B9V
11Phi Her,16.146162,44.934906,4.23,B9MNp...
8    Her,16.146286,17.205638,6.13,A0Vnn
16Tau CrB,16.149529,36.490944,4.73,K0III-IV
HIP 79120,16.149689,3.454475,5.93,K5III
HIP 79125,16.150806,57.937883,6.33,A1V
HIP 79137,16.153115,6.378695,5.93,K1+...
Iot2Nor,16.155154,-57.934318,5.57,B9V
HIP 79164,16.157219,55.828975,6.43,K0
HIP 79173,16.158818,-32.649012,6.18,K1III
HIP 79195,16.164033,-3.466729,5.39,K4III
HIP 79199,16.164609,-33.545805,5.5,B8V
HIP 79203,16.165354,-18.34062,6.43,F3V
HIP 79208,16.166441,-62.967154,6.5,A3m...
19    UMi,16.180424,75.877563,5.48,B8V
HIP 79302,16.18391,-29.41622,5.09,K0III
HIP 79320,16.188256,-41.119803,5.86,F0IV
HIP 79332,16.191316,16.665692,6.09,A0V
10    Her,16.193899,23.494801,5.74,M4IIIa
HIP 79350,16.194333,33.342764,6.3,K2III
HIP 79357,16.196556,42.374569,5.89,K4II+...
HIP 79358,16.196682,36.425094,5.62,K3III SB
Jabbah,16.199926,-19.460708,4.0,B2IV
15Psi Sco,16.199997,-10.064253,4.93,A3IV
HIP 79385,16.201818,39.055524,6.39,K0
16    Sco,16.202032,-8.547576,5.43,A4V
12    Sco,16.204456,-28.417305,5.67,B9V
13    Sco,16.205057,-27.926372,4.58,B2V
HIP 79414,16.207047,67.144176,6.21,G8III
20    UMi,16.208936,75.210681,6.36,K2IV
HIP 79441,16.212629,26.670583,6.48,F3V
HIP 79463,16.215718,-4.220809,6.26,A1V
9    Her,16.220953,5.021086,5.46,K5III
HIP 79490,16.221381,-53.671171,6.03,M0III
Zet Nor,16.222984,-55.540947,5.78,F2III
Kap Nor,16.224648,-54.630467,4.95,G4III
HIP 79522,16.227388,-1.475133,6.45,K0
HIP 79530,16.229305,-24.422092,6.4,B6IV
17Chi Sco,16.230807,-11.837747,5.24,K3III
HIP 79581,16.237113,5.901846,6.3,K2III
Yed Prior,16.239094,-3.694323,2.73,M1III
HIP 79596,16.239546,-33.011088,5.91,K0III
HIP 79599,16.241357,-21.107636,6.41,B9V
HIP 79601,16.242628,73.394891,6.02,A3V
HIP 79605,16.244235,-18.535649,6.32,K1III
17Sig CrB,16.24469,33.858613,5.23,F8V
HIP 79622,16.248175,-25.476976,6.06,B8V
The Nor,16.254257,-47.372021,5.13,B8V
HIP 79661,16.256656,-42.899422,6.14,K2III
Del TrA,16.257297,-63.685682,3.86,G5II
16    Her,16.257955,18.808087,5.72,K3III
18    Sco,16.260352,-8.369442,5.49,G1V
HIP 79686,16.263146,27.422081,6.14,K2
HIP 79689,16.263834,-57.91235,5.61,A5III
HIP 79692,16.264304,-14.849115,6.09,A0III
HIP 79754,16.278687,-53.811109,5.45,M2IV
18Ups CrB,16.279107,29.150261,5.8,A3V
HIP 79781,16.282028,-3.953349,6.18,A9Vn
HIP 79787,16.283042,-53.696234,6.4,G5V
HIP 79788,16.283111,-20.104088,6.4,G8III
Gam1Nor,16.283593,-50.068122,4.97,F9Ia
HIP 79797,16.284849,-67.941285,5.95,A4V
HIP 79804,16.287595,59.755023,5.37,M4IIIa
HIP 79812,16.28915,-53.086385,6.3,A7V
21Eta UMi,16.291791,75.75533,4.95,F5V
HIP 79834,16.295377,1.496714,6.5,K0
HIP 79867,16.302721,68.554545,6.39,K0
HIP 79881,16.304973,-28.61402,4.8,A0V:
Yed Posterior,16.305358,-4.692511,3.23,G8III
HIP 79938,16.316783,-14.872825,5.97,K3IIICNpvar
HIP 79945,16.318811,-20.218072,6.29,K0III
HIP 79953,16.319783,49.038159,5.93,K6III
Lam Nor,16.321568,-42.673965,5.44,A3Vn
HIP 79980,16.325758,-30.906716,5.53,F5IV
22Tau Her,16.329011,46.313366,3.91,B5IV
Gam2Nor,16.330687,-50.155508,4.01,G8III
HIP 80008,16.33199,39.708584,5.48,F3IV-V
HIP 80021,16.334521,21.13261,6.04,G8II
Del1Aps,16.339119,-78.695745,4.68,M5III
HIP 80054,16.340345,-55.139706,5.76,G6III
Del2Aps,16.340795,-78.667496,5.27,K3III
HIP 80066,16.342394,-39.430344,6.11,B9V
19Omi Sco,16.343939,-24.16932,4.55,A4II/III
Alniyat,16.353143,-25.592796,2.9,B1III
HIP 80161,16.363536,69.109391,5.26,K2III
20Gam Her,16.365338,19.15313,3.74,A9III
50Sig Ser,16.367875,1.029039,4.82,F0V
19Xi  CrB,16.368287,30.891996,4.86,K0III
20Nu 1CrB,16.372618,33.799052,5.2,M2III
HIP 80208,16.374444,-49.572354,5.32,B6IV
HIP 80212,16.374741,-43.912051,5.89,G2Ib
21Nu 2CrB,16.374783,33.703478,5.4,K5III
HIP 80227,16.377474,-2.07987,6.24,B9V
HIP 80247,16.38236,32.333013,6.41,A4Vn
HIP 80309,16.396437,61.696461,5.67,G8III
HIP 80324,16.399089,-33.199396,6.45,A0V+...
Athebyne,16.39986,61.514213,2.73,G8III
HIP 80337,16.400355,-39.19298,5.37,G3/G5V
4Psi Oph,16.401718,-20.037327,4.48,K0III
21    Her,16.403008,6.948207,5.83,A2sp...
HIP 80375,16.407037,55.205096,5.75,A2svar...
HIP 80390,16.408821,-37.566044,5.42,B8V
HIP 80399,16.411046,-29.704663,5.4,G0
HIP 80421,16.415042,-45.349499,6.32,A2/A3V
HIP 80455,16.422817,-63.125217,6.14,A1V
25    Her,16.42338,37.394079,5.53,A5V
Cujam,16.423598,14.03327,4.57,B9p Cr
5Rho Oph,16.426422,-23.447178,4.57,B2V
HIP 80480,16.42874,78.963854,5.55,F0V
HIP 80514,16.436496,11.407493,6.11,G8III
HIP 80558,16.447243,2.347944,6.06,G8III
7Chi Oph,16.450399,-18.456251,4.22,B2Vne
Eps Nor,16.453067,-47.554786,4.46,B4V
HIP 80610,16.458964,2.870633,6.35,K5
HIP 80620,16.462071,-7.597929,5.24,M2 comp
3Ups Oph,16.463385,-8.371731,4.62,A3m
Iot TrA,16.465918,-64.057942,5.28,F4IV
15    Dra,16.4664,68.768137,4.94,A0III
HIP 80672,16.470685,-37.179881,5.79,K1IIICN...
HIP 80675,16.470881,-58.599795,5.67,B9III
HIP 80682,16.472543,67.044,6.45,M0
Zet TrA,16.474422,-70.084401,4.9,F9V
HIP 80693,16.476106,0.665002,5.41,K4IIIp
30    Her,16.477373,41.881677,4.83,M6III:var
HIP 80708,16.478421,0.054855,6.46,K5
HIP 80710,16.478731,51.407738,6.31,G9III
HIP 80719,16.480265,-8.128843,6.49,F2V
Antares,16.490128,-26.432002,1.06,M1Ib + B2.5V
HIP 80782,16.495091,-46.243229,5.35,B1.5Iap
HIP 80788,16.495895,-57.756323,6.09,G8Ib
HIP 80793,16.496367,-14.550879,5.66,G5III/IV
34    Her,16.501681,48.96109,6.44,A1V
22    Sco,16.503466,-25.115224,4.79,B3V
Kornephoros,16.503668,21.489613,2.78,G8III
HIP 80840,16.508338,-7.514451,6.46,A7Ib
HIP 80843,16.50932,20.479188,5.24,G8p
HIP 80850,16.510839,77.446514,6.35,K1III
HIP 80874,16.513713,-61.633503,5.19,K0II/IIICN.
Marfik,16.515229,1.983923,3.82,A2V
HIP 80888,16.51744,35.225066,6.25,K5
8Phi Oph,16.518991,-16.612733,4.29,G8/K0III
HIP 80898,16.520398,22.195458,5.76,K5III
HIP 80910,16.523015,-26.537643,6.07,K1III
HIP 80911,16.523037,-34.704366,4.24,B2III-IV
HIP 80920,16.524522,72.612338,6.27,K2III
HIP 80945,16.528269,-41.817145,5.31,B1Ia
HIP 80953,16.529786,45.598281,5.61,A4Vn
9Ome Oph,16.535611,-21.46639,4.45,Ap
HIP 80991,16.540463,60.823323,5.92,A2V
28    Her,16.543246,5.52122,5.63,B9.5III
29    Her,16.543415,11.488041,4.84,K4III
Gam Aps,16.557609,-78.897148,3.86,K0IV SB
Mu  Nor,16.568061,-44.045315,4.86,B0Ia
35Sig Her,16.568384,42.437041,4.2,B9Vvar
HIP 81141,16.572044,-70.988097,5.5,K1IIICN...
HIP 81198,16.585487,-45.244366,6.43,K2/K3III
HIP 81231,16.590636,17.057342,6.42,A2V
The TrA,16.595775,-65.495399,5.5,G8/K0III
Paikauhale,16.598043,-28.216016,2.82,B0V
HIP 81289,16.603113,46.613333,5.83,G8II
16    Dra,16.603174,52.900048,5.53,B9.5Vn
17    Dra,16.603812,52.924422,5.07,B9V
12    Oph,16.605958,-2.324584,5.77,K2V
HIP 81304,16.606242,-35.255326,4.18,K5III
HIP 81305,16.606268,-42.858861,5.46,O9Ia
HIP 81337,16.611928,15.497455,6.36,B9sp...
HIP 81358,16.615275,63.072824,6.17,K5
13Zet Oph,16.619316,-10.56709,2.54,O9.5V
HIP 81404,16.626044,5.277526,6.48,K0
HIP 81425,16.630003,13.687035,6.3,F5III-IV
HIP 81428,16.631332,78.918667,6.33,G9III
HIP 81437,16.633462,56.01554,5.28,K1III
HIP 81440,16.633765,-6.538014,6.05,A0pe...
HIP 81472,16.640637,-43.398426,5.83,B2.5IV
42    Her,16.645794,48.928342,4.86,M2.5III
HIP 81499,16.646591,-8.61861,6.44,K5
HIP 81507,16.647974,-60.990402,6.16,B8Vn
HIP 81523,16.651452,-37.21737,5.93,B9.5V+...
HIP 81580,16.660869,-9.554589,6.33,F3V
HIP 81632,16.676255,-20.408649,6.25,K0III
37    Her,16.677413,4.219789,5.77,A1V
HIP 81650,16.678999,-51.47826,6.3,A9V
HIP 81657,16.68068,-60.446442,6.17,F2III-IV
HIP 81659,16.680928,12.395043,6.08,A3Vn
18    Dra,16.681978,64.589046,4.84,K1p
HIP 81663,16.682336,-8.309628,6.47,K0
HIP 81670,16.683496,24.858705,6.07,K2
HIP 81687,16.68654,-1.000312,6.25,A7III
HIP 81691,16.687982,1.245444,6.4,K0
40Zet Her,16.688113,31.602726,2.81,F9IV
HIP 81702,16.689004,-48.762957,5.57,O5
Eta1TrA,16.689756,-68.296123,5.89,B7IV
HIP 81724,16.692884,-17.742167,4.91,G8II/III
HIP 81728,16.693384,-24.467962,6.07,A7III
39    Her,16.693527,26.91688,5.92,F2III
HIP 81733,16.694507,-49.651552,5.62,B1II
14    Oph,16.695134,1.181231,5.74,F2.7III-IV
HIP 81741,16.695961,-33.145759,5.84,G1II
HIP 81754,16.698247,-19.924377,5.55,F3V
HIP 81800,16.707714,49.936441,6.48,F8V
HIP 81803,16.708082,-37.079353,6.47,G3III
HIP 81823,16.71345,-62.553931,6.23,K3III
44Eta Her,16.714933,38.922254,3.48,G8III-IV
HIP 81840,16.716232,55.690119,6.18,A2p...
HIP 81847,16.717657,-46.070293,6.22,F5Iab
Bet Aps,16.718126,-77.517435,4.23,K0III
HIP 81854,16.71838,77.513973,5.99,F4V
HIP 81873,16.722812,-67.432386,6.02,A0Vn
HIP 81891,16.727423,-32.105945,6.46,B8V
HIP 81903,16.729357,-41.119204,6.21,A4V
HIP 81904,16.729888,-38.156346,6.05,B9II/III
HIP 81911,16.731027,34.038803,6.02,F2.5III-IV
HIP 81914,16.731689,-41.113344,6.14,B6/B7V
HIP 81966,16.744374,-53.152313,5.96,G8III
HIP 81972,16.745165,-40.839675,5.64,B3V
HIP 81992,16.750053,-28.509657,5.99,A3IV
HIP 82012,16.753277,43.217169,6.07,K4III
HIP 82020,16.754946,56.781857,4.84,F2V
HIP 82028,16.756255,15.745289,5.6,M3III
16    Oph,16.758243,1.020161,6.02,B9.5III
43    Her,16.763859,8.582616,5.15,K5III
22Eps UMi,16.766159,82.037262,4.21,G5IIIvar
HIP 82091,16.768437,-46.531996,6.47,A1V
HIP 82110,16.772563,-58.503595,5.74,B2IV-V
HIP 82129,16.777779,-67.109691,5.1,Ap
HIP 82135,16.779989,-39.376962,5.48,K0III
19    Oph,16.786043,2.064526,6.07,A3V
HIP 82171,16.788795,-58.341441,5.55,B0Iab
HIP 82172,16.788818,42.238918,5.86,M4IIIa
45    Her,16.796227,5.246746,5.22,B9p (Cr)
HIP 82241,16.802467,13.590296,6.38,G5III
HIP 82259,16.807493,-14.909421,6.03,A0IV/V
Atria,16.811077,-69.027715,1.91,K2IIb-IIIa
52    Her,16.820615,45.983323,4.82,A2p...
HIP 82339,16.824353,-15.66797,6.18,A3V
HIP 82350,16.826294,13.261141,5.91,A1V
HIP 82355,16.827936,43.430437,6.18,K0IV
Eta Ara,16.82976,-59.041378,3.77,K5III
20    Oph,16.830563,-10.783,4.64,F7IV
Larawag,16.83608,-34.293232,2.29,K2IIIb
47    Her,16.838717,7.247683,5.48,A3m
HIP 82405,16.839514,-2.654356,6.32,F1III-IV
HIP 82418,16.843356,-50.044946,6.45,A5+...
HIP 82419,16.843363,41.8965,6.29,K3III:
50    Her,16.844155,29.806538,5.73,M1III
HIP 82426,16.845319,32.553668,6.16,K0III
HIP 82453,16.85001,-37.514512,6.1,B8II/III
21    Oph,16.856925,1.215947,5.51,A2Vs
HIP 82493,16.859367,-41.230534,5.23,O9e
51    Her,16.862573,24.656433,5.03,K2II-III
Xamidimura,16.864509,-38.04738,3.0,B1.5IV + B
HIP 82517,16.864968,-65.375457,6.12,B8II/III
HIP 82539,16.871598,-67.681633,6.33,K2III
HIP 82543,16.872013,-41.854514,6.36,WN...
Pipirima,16.872263,-38.017536,3.56,B2IV
HIP 82554,16.874283,-40.723153,6.35,B9p Si
53    Her,16.882796,31.701674,5.34,F0V
HIP 82611,16.888213,47.416725,5.99,K2III
HIP 82621,16.89034,-20.415555,5.86,G5IV
HIP 82650,16.895119,-43.050968,5.95,M3II/III
HIP 82669,16.899682,-41.994327,6.28,B1Ia
Zet1Sco,16.899924,-42.362025,4.7,B1Iae
HIP 82672,16.900106,-57.909507,5.91,M0III
25Iot Oph,16.900131,10.165359,4.39,B8V
HIP 82676,16.90051,-41.806389,5.46,B0.5Ia
HIP 82691,16.902795,-41.82504,6.07,O7e
HIP 82693,16.902946,-1.612304,6.25,F0V
HIP 82716,16.907484,-42.478891,5.84,F5Ib-II
HIP 82723,16.908765,-49.7108,6.49,K1II
Zet2Sco,16.909731,-42.361313,3.62,K4III
23    Oph,16.909915,-6.153982,5.23,K2III
HIP 82731,16.909988,-30.58734,6.34,A5IIIm...
HIP 82764,16.915324,20.958488,5.39,G8III
HIP 82775,16.916251,-41.150858,5.78,O8Iab+...
56    Her,16.917267,25.730681,6.06,G5III
HIP 82783,16.917592,-42.090831,6.3,O9Ia
HIP 82798,16.921108,13.61991,6.35,F5II
54    Her,16.922825,18.433213,5.35,K4III
HIP 82806,16.923523,-63.269659,5.99,A0III
HIP 82855,16.932708,-33.506873,6.29,K5III
19    Dra,16.93375,65.134796,4.88,F6Vvar
HIP 82861,16.933845,-16.806263,6.33,K0/K1III/IV
HIP 82868,16.93579,-50.67479,6.3,B3Vnpe
HIP 82880,16.937982,73.127867,6.29,F0V
20    Dra,16.94036,65.039124,6.4,F1V
HIP 82902,16.941328,-52.283746,5.94,A0III
HIP 82911,16.943327,-40.823453,6.18,B0.5Ia
24    Oph,16.946677,-23.150346,5.57,A0V
HIP 82944,16.950294,-71.111644,6.46,A5IV/V
HIP 82951,16.951106,-19.539856,6.27,B7/8III
27    Sco,16.953104,-33.259492,5.48,K5III
HIP 82979,16.957222,-10.963373,6.15,G8III-IV
57    Her,16.958624,25.352841,6.27,G5III:
HIP 82989,16.9589,13.884113,6.38,K0V
27Kap Oph,16.961139,9.375033,3.19,K2IIIvar
HIP 83007,16.961752,24.38126,6.35,K0III
HIP 83013,16.963939,42.512451,6.36,K3III
HIP 83057,16.971651,-50.641185,5.53,B9IV
Zet Ara,16.977006,-55.990141,3.12,K5III
HIP 83090,16.978211,-14.869671,6.48,F3IV/V
HIP 83100,16.981183,-37.620508,6.05,A3III
HIP 83114,16.984048,69.186248,6.41,K0
HIP 83138,16.989316,56.688594,6.04,K1III:
HIP 83150,16.992771,-69.268164,5.79,Ap Si
Eps1Ara,16.993069,-53.160438,4.06,K4III
HIP 83176,16.999363,-25.092198,5.88,M1/M2III
HIP 83187,17.001745,-54.597179,5.64,A3V
26    Oph,17.002641,-24.98907,5.74,F3V
HIP 83202,17.003958,-44.988548,6.5,F3V
58Eps Her,17.004827,30.926405,3.92,A0V
HIP 83216,17.00749,-48.647759,5.98,G5IV
HIP 83235,17.010275,-35.934133,5.95,K2IIICN...
HIP 83254,17.016149,22.632095,5.69,K3III
HIP 83255,17.016235,-86.364297,6.05,A2V
30    Oph,17.017667,-4.222644,4.82,K4III
HIP 83269,17.018618,-56.555077,6.4,Ap...
HIP 83289,17.021375,60.648754,6.16,K1III
HIP 83308,17.025848,14.949717,6.27,B9p CrEu
59    Her,17.026767,33.56827,5.27,A3IV
HIP 83317,17.027802,75.297497,6.17,F0IVn
HIP 83321,17.029543,-51.131026,6.43,A7V
HIP 83323,17.02983,-58.958245,6.26,B2IVne
29    Oph,17.030904,-18.885538,6.28,K1III
HIP 83336,17.03129,-32.143519,5.03,B8V
HIP 83342,17.033049,8.450669,6.33,A4V
HIP 83359,17.037712,64.600739,6.11,G5V
HIP 83365,17.038085,31.88412,6.41,K0
HIP 83367,17.038526,25.50562,5.76,G7III:
HIP 83430,17.052186,14.091947,4.97,M3III
Eps2Ara,17.052419,-53.237028,5.27,F6V
61    Her,17.058392,35.414049,6.19,M4III
HIP 83478,17.060917,13.605346,5.91,A1V
HIP 83481,17.061579,-47.160571,6.07,A2/A3V
HIP 83491,17.064146,-38.152572,5.91,F3V
HIP 83493,17.064628,19.690513,6.35,A...
HIP 83494,17.064885,34.790222,6.08,A5V
HIP 83499,17.06577,-37.844143,6.48,O5f
HIP 83504,17.066123,13.56742,6.06,K1III
HIP 83535,17.073534,-57.712166,5.73,B5IV
HIP 83556,17.076028,-68.278694,6.47,M3/M4III
HIP 83565,17.078152,19.599105,6.19,B9.5V
HIP 83567,17.079257,-20.494703,6.29,B7IV/V
HIP 83574,17.080376,-34.12293,4.83,B2Iab
HIP 83575,17.080489,48.803958,6.11,K1III
HIP 83593,17.084706,43.812238,6.45,A3IV
HIP 83594,17.084826,-45.502127,6.28,A2V
HIP 83601,17.088005,0.702559,6.0,F9V
21Mu  Dra,17.088929,54.470042,4.91,F5
60    Her,17.089636,12.740828,4.89,A4IV
HIP 83635,17.092294,-0.89207,5.63,B1V
HIP 83650,17.096798,-44.105042,6.18,A4III
HIP 83677,17.102679,9.733868,6.38,K5
HIP 83684,17.103278,-21.564583,6.29,A1m...
HIP 83688,17.103625,10.453878,6.38,G8III-IV
HIP 83692,17.105014,22.084153,5.56,K4III
HIP 83693,17.105608,-37.22759,5.98,A2IV
HIP 83706,17.10788,-35.451046,6.15,O9.5Iab
HIP 83738,17.114711,-1.656186,6.34,A9V
HIP 83740,17.114785,-26.513022,6.26,B8/B9II
HIP 83816,17.129635,40.516054,6.34,A2IV
HIP 83834,17.133526,31.206189,6.44,K2
HIP 83838,17.133907,35.935174,5.41,A5m
HIP 83853,17.137125,-1.079476,6.06,A3V
HIP 83854,17.13746,-17.609052,5.98,K0III
HIP 83857,17.138077,50.842272,6.46,A1V
Aldhibah,17.146448,65.714683,3.17,B6III
HIP 83896,17.146539,-30.40373,5.93,Fm
HIP 83906,17.148478,-3.882991,6.35,G8IV-V
HIP 83947,17.159238,40.777033,5.07,K3III
HIP 83962,17.163319,-10.523301,5.43,F5IV
HIP 83984,17.16841,-61.675456,6.37,B8II/III
Sabik,17.172968,-15.72491,2.43,A2.5Va
HIP 84021,17.175177,52.408769,6.3,B9V
HIP 84033,17.178425,-44.557719,5.06,G8/K0III+..
63    Her,17.184212,24.237694,6.2,A8V
HIP 84105,17.194077,-48.873399,5.94,M1/M2III
HIP 84108,17.194519,49.746357,6.12,A5III
HIP 84113,17.1959,7.894762,6.34,K0III
Eta Sco,17.202552,-43.239189,3.32,F3p
HIP 84150,17.204502,-39.506949,5.66,A0/A1V
HIP 84151,17.204601,-38.822535,6.3,K1IIICN...
HIP 84158,17.205521,-70.721082,6.21,K1IVCN...
HIP 84175,17.206962,-27.762124,6.12,B9Vn...
37    Oph,17.207725,10.585168,5.32,M2III
HIP 84183,17.209047,62.874337,5.54,F0IV
HIP 84226,17.216266,-32.438332,5.95,B1Ib
HIP 84248,17.221673,-67.196591,5.87,K0III-IV
HIP 84311,17.237058,-56.888526,6.08,M1/2II/III+A
HIP 84332,17.241015,-39.76665,6.42,K0Ia
Rasalgethi,17.244127,14.390333,2.78,M5IIvar
Sarin,17.250531,24.839204,3.12,A3IVv SB
67Pi  Her,17.250788,36.809162,3.16,K3IIvar
HIP 84401,17.255346,-33.54842,5.6,O9
HIP 84402,17.255635,-14.58414,5.98,K1III
Guniibuu,17.255836,-26.602829,4.33,K2:III:
HIP 84425,17.259994,-38.593896,5.95,G0V
HIP 84431,17.26152,23.742761,5.99,K2III
HIP 84445,17.264264,-30.210731,6.2,B9/B9.5V
HIP 84478,17.270388,-26.546147,6.33,K5V
HIP 84479,17.270628,2.186202,6.17,A2V
HIP 84489,17.272671,-35.750297,6.09,F6V
HIP 84496,17.27484,60.670614,6.32,K1.5IIIb
HIP 84500,17.275477,1.210545,5.89,B5Vnn
HIP 84510,17.276579,-74.533008,6.24,A0V
41    Oph,17.276857,-0.445297,4.72,K2III
HIP 84524,17.278541,-6.244975,6.08,K0
Lam UMi,17.282569,89.037708,6.31,M1III
HIP 84551,17.284349,-32.66284,5.53,F6V
HIP 84556,17.284872,-44.778595,6.46,B0.5Iab:
68    Her,17.288769,33.1001,4.8,B1.5Vp
HIP 84599,17.293293,23.090627,6.25,K2
69    Her,17.294517,37.291498,4.64,A2V
39Omi Oph,17.300189,-24.286901,5.14,K:...
HIP 84631,17.301372,17.317886,6.0,A1V
HIP 84649,17.305353,-16.311877,6.28,M0/M1III
HIP 84650,17.305697,-32.553107,6.36,B5III
HIP 84656,17.306465,38.811395,5.97,G7III:
HIP 84671,17.310275,10.864475,5.03,K4II-III
HIP 84690,17.313287,-44.129746,5.76,B9V
HIP 84691,17.313479,28.822968,5.68,K0III
HIP 84700,17.314375,-62.874577,6.5,K1III
HIP 84709,17.315842,-34.989792,5.91,K4V
HIP 84720,17.317655,-46.636235,5.47,M0V
HIP 84731,17.320142,-59.694612,5.93,K2IIICN...
HIP 84759,17.325143,-50.063762,6.27,F2III
HIP 84769,17.326961,80.136399,5.74,K5III
HIP 84780,17.329584,2.139539,6.43,M5III
HIP 84792,17.331486,-17.756543,6.03,A0V
HIP 84801,17.333209,-5.917509,6.31,G9V
HIP 84821,17.336065,25.537603,5.36,A3III
HIP 84833,17.338575,18.057081,5.01,M2III
74    Her,17.339203,46.24078,5.51,M0III
HIP 84855,17.342699,48.188791,6.36,F6Vawvar
HIP 84856,17.342865,-19.333746,6.5,G1V
72    Her,17.34432,32.467743,5.38,G0V
53Nu  Ser,17.347128,-12.846875,4.32,A0/A1V
HIP 84883,17.347953,-10.69641,6.46,F1III+...
70    Her,17.348391,24.499435,5.13,A2V
40Xi  Oph,17.350101,-21.112933,4.39,F2/F3V
HIP 84934,17.358677,28.758101,6.37,G0III
HIP 84938,17.35929,16.731229,6.35,M2III
HIP 84947,17.361545,-24.906103,6.36,K3III
HIP 84949,17.362116,39.974649,5.55,F9Vn...
HIP 84950,17.3626,53.420428,5.69,K5III
Zet Aps,17.366531,-67.770668,4.76,K1III
42The Oph,17.366827,-24.999545,3.27,B2IV
Iot Aps,17.368299,-70.123208,5.39,B8/B9Vn...
HIP 85019,17.37721,-35.910699,6.42,F8V
HIP 85020,17.37756,-37.804637,6.33,B4Ia+...
HIP 85042,17.380913,-2.388176,6.28,G5IV
HIP 85048,17.381874,-37.220786,5.91,K1III
HIP 85049,17.382007,-58.010327,5.86,G8Ib/II
HIP 85068,17.38531,-56.525547,5.76,G8/K0III
Iot Ara,17.387799,-47.468197,5.21,B2IIIne
43    Oph,17.389331,-28.142831,5.3,K4/K5III
75Rho Her,17.394708,37.145946,4.15,B9.5III
HIP 85139,17.399338,8.852571,5.77,K1III
HIP 85147,17.400299,-62.864153,5.69,B2IV
HIP 85149,17.400627,38.582782,6.48,F8IV
73    Her,17.40183,22.960285,5.7,F0IV
HIP 85162,17.403636,-44.162576,5.1,B7III
HIP 85169,17.405221,-60.673799,5.76,B8Ib/II
HIP 85181,17.407533,36.951929,6.25,G5III+...
HIP 85185,17.40876,16.301006,5.75,A3V
HIP 85187,17.409389,15.606048,6.34,B9V
HIP 85195,17.410289,-18.445762,6.34,B8V
HIP 85207,17.411675,-21.441479,5.82,K0III
HIP 85235,17.416831,67.306705,6.44,K0V
HIP 85237,17.417408,-34.696055,6.14,Ap...
HIP 85242,17.4184,-24.243683,6.17,K0III
Bet Ara,17.421665,-55.529884,2.84,K3Ib-II
Gam Ara,17.423239,-56.377727,3.31,B1Ib
HIP 85268,17.423358,52.790684,6.46,G0
HIP 85290,17.428155,60.048398,5.65,A1Vn
HIP 85302,17.431768,16.917578,6.09,M4III
HIP 85307,17.432743,-1.651777,6.44,F3V
Kap Ara,17.433344,-50.63351,5.19,K1III
HIP 85313,17.433574,26.878734,6.38,A5IV
HIP 85317,17.434678,58.651895,6.49,A4V
HIP 85333,17.438614,7.59565,6.01,A0...
44    Oph,17.439504,-24.175309,4.16,A3IV:m
49Sig Oph,17.441911,4.14036,4.34,K3IIvar
HIP 85365,17.443856,-5.086596,4.53,F3V
77    Her,17.445623,48.260065,5.83,A4V
HIP 85382,17.446153,34.695802,5.94,A0V
HIP 85385,17.44698,20.080977,5.52,B5V
HIP 85389,17.447772,-45.84303,5.28,B8V
HIP 85391,17.448694,-25.943462,6.42,B9.5/A0V
HIP 85393,17.448987,-51.948819,6.17,B8/B9V
HIP 85397,17.450597,-12.512488,6.2,F7V
HIP 85405,17.452745,-15.85336,6.48,K0II/III
HIP 85409,17.453462,-50.63037,5.9,B9II
45    Oph,17.455909,-29.867033,4.28,F3III
HIP 85442,17.460431,-29.724567,5.98,B9.5IV
HIP 85450,17.462244,8.442039,6.42,M4III
HIP 85470,17.466002,-52.297168,5.72,K2III
HIP 85474,17.467316,-8.208374,6.37,F5IV
HIP 85480,17.468853,-63.03624,6.22,B7/B8V
HIP 85520,17.477476,-55.169686,5.93,G8II/III
HIP 85537,17.48046,0.330625,5.41,A8V
HIP 85543,17.482247,-36.77828,5.98,K0III
HIP 85549,17.483573,-43.973919,6.3,B5III
HIP 85589,17.490447,-38.51692,6.38,A1V
HIP 85622,17.496485,-5.919479,6.36,K0III
HIP 85666,17.506293,11.924015,6.47,A1V
HIP 85667,17.50661,-1.062922,5.31,G8IV-V
Rastaban,17.507213,52.301387,2.79,G2II
HIP 85688,17.511169,38.882202,6.43,F6III
HIP 85692,17.512102,57.876824,6.22,K2III
Maasym,17.512308,26.110645,4.41,K3IIIvar
Lesath,17.512732,-37.295811,2.7,B2IV
24    UMi,17.513056,86.968047,5.78,A2m
HIP 85715,17.515381,31.158139,5.63,G8III
Del Ara,17.518318,-60.683848,3.6,B8V
HIP 85749,17.522593,2.724507,5.57,G8III
HIP 85751,17.523134,-56.920964,5.99,B7II/III
51    Oph,17.523598,-23.962643,4.78,A0V
HIP 85760,17.524298,-80.859134,5.83,M3III
HIP 85783,17.528993,-26.269709,6.05,B9II/III
HIP 85786,17.529822,-33.703158,6.43,K2III
HIP 85788,17.530305,-46.036783,6.04,F8/G0Ib
78    Her,17.530439,28.407499,5.66,A1V
Alp Ara,17.530695,-49.876145,2.84,B2Vne
27    Dra,17.532745,68.135024,5.07,K0III
24Nu 1Dra,17.536251,55.184243,4.89,Am...
Yildun,17.536918,86.58646,4.35,A1Vn
HIP 85826,17.537467,11.930047,6.42,B9.5V
25Nu 2Dra,17.537767,55.172958,4.86,Am
HIP 85839,17.540175,-34.279405,6.16,F2IV
HIP 85888,17.55202,41.243449,5.72,K1III:
HIP 85889,17.552052,-41.173066,5.84,B9Ib/II
HIP 85912,17.55634,19.256677,5.65,F6V
HIP 85922,17.55829,-5.744803,5.61,A5V
HIP 85923,17.558779,57.558721,6.15,A5V+...
Shaula,17.560145,-37.103821,1.62,B1.5IV+...
HIP 85930,17.560941,16.317553,5.68,K0III:
HIP 85934,17.561883,14.841598,6.36,M4IIIa
HIP 85975,17.571353,-48.526787,6.32,G6/G8III
53    Oph,17.57686,9.5867,5.8,A2V
HIP 86011,17.57847,-32.581662,5.69,O5/6(e)
HIP 86019,17.579542,-11.241999,5.54,B8Vn
Rasalhague,17.582241,12.560035,2.08,A5III
26    Dra,17.58317,61.874554,5.23,G0V
52    Oph,17.588472,-22.043822,6.47,Ap Si
HIP 86064,17.588863,-53.352928,6.09,B9III
HIP 86088,17.593055,-59.846115,6.26,B5II/III
1Sig Ara,17.594332,-46.505684,4.56,A0V
HIP 86096,17.595102,37.301594,6.13,G9III
HIP 86098,17.595297,-37.439878,6.48,A0V
HIP 86118,17.59988,20.996242,6.11,A7IV
HIP 86130,17.60225,28.185091,6.4,K5
HIP 86153,17.60595,27.566639,6.37,M1II
HIP 86170,17.609121,-38.635308,4.26,G8/K0III/IV
HIP 86178,17.610206,30.785179,6.04,A5V
82    Her,17.610457,48.585634,5.35,K1III
HIP 86184,17.611111,69.57073,6.33,F9V
28Ome Dra,17.615859,68.75797,4.77,F5V
HIP 86219,17.619125,72.455794,5.87,G9III
Sargas,17.62198,-42.997824,1.86,F1II
HIP 86246,17.624144,-38.066364,6.26,G2Ib
HIP 86248,17.624253,-50.059702,5.89,K0III-IV
79    Her,17.625304,24.309991,5.76,A2Vn
55Xi  Ser,17.626445,-15.398557,3.54,F0IIIp
HIP 86266,17.626724,-15.571038,5.94,F0IV
57Mu  Oph,17.630754,-8.118771,4.58,B8II-IIIMNp
Pi  Ara,17.634871,-54.500434,5.25,A7V
HIP 86311,17.635678,-42.880274,6.09,B8V
HIP 86313,17.635973,-10.926268,5.74,K0III
HIP 86352,17.645792,-21.912658,6.19,G6III/IV
HIP 86373,17.649404,13.329262,6.12,F6III
HIP 86391,17.652362,2.02805,6.25,F4IV...
85Iot Her,17.657747,46.006332,3.82,B3V SB
HIP 86462,17.665978,31.20247,6.05,M2III
HIP 86476,17.669984,-2.152301,6.08,K2.5Ib
Lam Ara,17.673276,-49.415587,4.76,F3IV
HIP 86501,17.677097,43.470666,6.36,K2
HIP 86506,17.678109,31.287478,6.3,K0III
HIP 86510,17.67904,-67.854172,6.48,G8III
HIP 86527,17.68293,-32.214464,6.01,K3III + (G)
HIP 86537,17.684857,24.513254,6.37,K1III+...
HIP 86546,17.686387,15.178376,6.34,A1V
HIP 86552,17.687844,-46.92183,5.78,A0V
HIP 86561,17.689386,51.818182,6.0,K0III:
56Omi Ser,17.690243,-12.875307,4.24,A2Va
HIP 86575,17.692312,6.313156,5.97,G7III
Dziban,17.698978,72.148843,4.57,F5IV-V
31Psi1Dra,17.699461,72.156911,5.81,G0V
HIP 86623,17.699621,15.95243,5.54,F4Vw
HIP 86628,17.701005,-50.510703,6.28,M3III
83    Her,17.707879,24.564058,5.56,K4III
Kap Sco,17.708132,-39.029983,2.39,B1.5III
HIP 86698,17.714194,-36.945564,5.53,K5III
HIP 86713,17.71821,44.08432,6.38,K4III
HIP 86716,17.718573,-33.051289,6.44,M1III
HIP 86725,17.721586,-27.883981,6.4,F0III/IV
84    Her,17.722659,24.327821,5.73,G2IIIb
HIP 86732,17.722784,14.295168,6.22,F5II
58    Oph,17.723833,-21.683194,4.86,F6/F7V
Cebalrai,17.724543,4.567303,2.76,K2III
HIP 86768,17.729728,-7.079608,6.3,B1.5V
HIP 86769,17.730114,-13.508699,6.36,F0V
Alruba,17.733103,53.801715,5.75,A2V
Cervantes,17.735752,-51.834053,5.12,G5V
HIP 86809,17.738124,14.410067,6.18,A3m
61    Oph,17.742804,2.579441,6.16,A1IV-V
HIP 86847,17.745002,-42.729302,5.87,A2/A3IV/V
HIP 86871,17.748848,-57.54554,5.97,G8III
HIP 86925,17.761176,31.504678,6.22,A0Ib
Eta Pav,17.762221,-64.723871,3.61,K1III
86Mu  Her,17.774319,27.720676,3.42,G5IV
HIP 87042,17.785359,-38.112164,6.41,A0V
HIP 87044,17.785568,17.697014,5.61,A1V
HIP 87045,17.785566,47.612239,6.47,A2Vs
3    Sgr,17.792674,-27.830788,4.53,F7II
Iot1Sco,17.793078,-40.126997,2.99,F3Ia
HIP 87074,17.79355,-14.725824,5.93,B9V
HIP 87099,17.796,-22.477791,6.18,G3/G5Ib
62Gam Oph,17.798211,2.707276,3.75,A0V
HIP 87150,17.805623,3.804215,6.22,B9.5V
HIP 87158,17.80688,20.565441,5.69,G5IV
HIP 87163,17.807732,-26.974945,6.31,B3Vn
HIP 87174,17.810575,-55.401742,6.09,A9IV
HIP 87192,17.813298,19.255017,6.13,A1V
87    Her,17.813652,25.622869,5.09,K2III
30    Dra,17.817862,50.781075,5.02,A2V
HIP 87220,17.819577,-31.703203,4.79,B8Ib/II
HIP 87224,17.821956,1.961413,6.44,K0III
35    Dra,17.824155,76.962881,5.02,F6IV-Vs
Fuyue,17.830965,-37.043304,3.19,K0/K1III
HIP 87264,17.831392,-61.714704,6.41,B9IV
HIP 87293,17.83614,78.306539,6.25,K5
Iot2Sco,17.83642,-40.090435,4.78,A6Ib
HIP 87308,17.839692,29.322143,5.51,K1III
HIP 87314,17.84122,-53.612406,5.68,B2V + B3V
HIP 87335,17.845446,11.946548,6.19,K1III-IV
HIP 87341,17.846773,22.31633,6.14,A9V
HIP 87379,17.853067,-53.130269,6.09,B9.5III/IV
HIP 87390,17.85904,-40.772461,5.94,M2III
HIP 87393,17.859853,-60.164056,5.78,K0III
HIP 87404,17.862377,-45.600706,6.09,G6III
HIP 87427,17.866239,15.326372,6.43,K0III
HIP 87428,17.866513,-1.236806,6.33,K0
HIP 87434,17.866917,46.643574,6.37,K0III
HIP 87445,17.867978,39.982089,6.01,K4III
HIP 87460,17.870461,-34.799196,5.88,B6Ib
HIP 87472,17.872156,-34.416842,5.84,G8/K0III
HIP 87491,17.876512,1.305014,5.91,K5III
HIP 87495,17.877418,-6.143577,6.18,G3Ibv SB
HIP 87516,17.88034,-34.114833,6.05,K1III
HIP 87523,17.881265,-41.996522,6.19,F8V
HIP 87532,17.882668,-35.624314,6.03,F2V
HIP 87540,17.884316,-10.899562,6.17,K1III:
HIP 87558,17.887274,6.101424,5.77,F4IV-V
90    Her,17.888341,40.007959,5.17,K3III
HIP 87564,17.88839,-65.488601,6.48,K0/K1III
HIP 87567,17.888772,-34.730812,6.14,B4III
HIP 87569,17.889853,-34.895125,5.58,K3III
Grumium,17.892134,56.872643,3.73,K2III
HIP 87616,17.898548,-34.752721,6.0,B9IV/V
HIP 87624,17.899482,-34.831053,6.41,Ap...
HIP 87655,17.903936,11.130558,6.24,F5Vn
HIP 87670,17.907427,75.171307,6.39,K0
HIP 87671,17.907534,-34.466722,6.1,B9.5/A0III
HIP 87706,17.915012,-24.887095,6.18,O7/O8
HIP 87722,17.918897,-36.475645,6.05,B9.5III
34Psi2Dra,17.919762,72.005127,5.43,F2.5II-III
HIP 87744,17.923233,55.971394,6.09,F0IV
89    Her,17.923663,26.049991,5.47,F2Iavar
HIP 87777,17.930781,22.464221,5.62,K3III
HIP 87782,17.931936,-18.802154,6.48,A1V
91The Her,17.93755,37.250539,3.86,K1IIvar
HIP 87812,17.938445,0.670355,5.82,B2IV-V
HIP 87813,17.938621,-15.812521,5.93,A0V
HIP 87822,17.940063,-65.721739,6.36,F8V
Eltanin,17.943437,51.488895,2.24,K5III
HIP 87836,17.944955,-28.065394,5.76,A7III/IV
HIP 87846,17.946507,-44.342246,4.85,K2III
HIP 87847,17.946596,-4.081823,5.44,G9III
HIP 87850,17.946812,45.350851,6.22,M6Sv
HIP 87865,17.948861,-40.305643,6.46,K3III
HIP 87866,17.948882,6.48773,6.28,B9III
HIP 87875,17.951199,0.066665,5.95,A3V
HIP 87895,17.95398,23.995889,6.32,G2V
HIP 87910,17.957496,11.044543,6.33,A1V
HIP 87926,17.961579,-76.177949,6.08,K2III
HIP 87928,17.961871,-56.896252,6.26,B4III
92Xi  Her,17.962744,29.24788,3.7,K0III
HIP 87936,17.963279,-41.716295,4.88,M0III
HIP 87948,17.966053,-39.136523,6.28,A0IV/V
94Nu  Her,17.975041,30.189277,4.41,F2II
HIP 88012,17.977514,-28.759089,5.99,B3II/III
HIP 88020,17.978422,36.287797,6.03,G5III:
HIP 88030,17.981196,45.47622,6.48,B9sp...
HIP 88038,17.982135,-36.858376,5.74,G8III
64Nu  Oph,17.983775,-9.773632,3.32,K0III
HIP 88060,17.9848,-30.253025,5.0,K5/M0III
HIP 88101,17.993545,-4.821126,5.86,K5III
4    Sgr,17.996543,-23.816133,4.74,B9V
HIP 88122,17.998946,45.501378,5.69,M0III
HIP 88125,18.000023,-20.339548,6.22,K0III
40    Dra,18.000944,80.000841,6.11,K2Vvar
93    Her,18.000949,16.750919,4.67,K0II-III
41    Dra,18.002526,80.004095,5.74,K2Vvar
HIP 88148,18.004354,0.629483,6.36,A3spe...
66    Oph,18.004388,4.368615,4.79,B2Ve
HIP 88172,18.007683,19.505786,6.42,B8Vn
57Zet Ser,18.008058,-3.690269,4.62,F3V
HIP 88190,18.010104,33.213682,6.01,K6III
67    Oph,18.010754,2.931568,3.93,B5Ib
HIP 88213,18.014683,6.268294,6.36,B2IV
HIP 88217,18.015909,15.09355,6.28,G5IV
6    Sgr,18.023089,-17.156868,6.27,K2III
95    Her,18.025113,21.595782,4.26,G5
HIP 88274,18.026168,-85.214828,6.45,F4V
HIP 88277,18.026639,33.311266,6.18,K5III
68    Oph,18.029222,1.305076,4.42,A2Vn
HIP 88294,18.030083,-36.377864,6.3,B7/B8II/III
HIP 88298,18.031772,-22.780298,5.72,B0Iab...
96    Her,18.039736,20.833632,5.25,B3IV
97    Her,18.041709,22.92323,6.22,B3Vn
7    Sgr,18.047527,-24.282468,5.37,F2/F3II/III
69Tau Oph,18.051367,-8.180349,4.77,F5V+...
HIP 88415,18.052468,48.464269,6.26,A2V
HIP 88429,18.054045,19.613157,6.41,A0V
9    Sgr,18.064568,-24.36073,5.89,O6
HIP 88522,18.077044,1.918992,6.14,B0IIIn
HIP 88528,18.077836,23.941999,6.34,F0IV-V
HIP 88550,18.080662,-35.901442,5.98,K2III
HIP 88565,18.083556,41.94629,6.38,F0V
Gam1Sgr,18.083674,-29.580087,4.66,G0Ib/II
HIP 88599,18.090767,-81.486568,6.37,K3/K4III
70    Oph,18.090913,2.500099,4.03,K0V SB
HIP 88604,18.091705,21.646624,6.18,K3III:
Alnasl,18.096803,-30.424091,2.98,K0III
HIP 88636,18.097114,32.230674,5.72,K0III
98    Her,18.100528,22.218879,4.96,M3IIIa+...
HIP 88670,18.102055,-8.323956,5.84,B8III-IV
HIP 88671,18.102063,-0.446128,6.32,G8IIp
HIP 88675,18.10256,-51.743905,6.46,A2III
HIP 88684,18.104221,-4.751252,5.74,K1IV
HIP 88694,18.106585,-36.019788,5.94,G3V
The Ara,18.11052,-50.091477,3.65,B2Ib
HIP 88726,18.113858,-43.425216,4.92,A5V
HIP 88732,18.114854,50.822823,6.31,K0III
99    Her,18.117097,30.56214,5.05,F7V
HIP 88754,18.118415,49.710441,6.32,A2V
HIP 88760,18.11982,-21.443938,6.22,B1/B2Ib
71    Oph,18.121767,8.733867,4.64,G8III-IV
72    Oph,18.122496,9.563847,3.71,A4IVs
HIP 88788,18.12465,43.461891,5.0,G8III...
103Omi Her,18.125708,28.762488,3.84,B9.5V
HIP 88815,18.130103,-64.550177,6.4,K2/K3III
HIP 88816,18.130095,-17.154159,5.52,K0III
100    Her,18.130417,26.09734,5.79,A3V
100    Her,18.130434,26.10128,5.83,A3V
HIP 88836,18.133959,36.401264,5.49,K2III
HIP 88839,18.134716,-28.457093,4.55,K0IIICNpvar
HIP 88859,18.141697,-45.767015,6.13,B7/B8II
HIP 88862,18.142704,14.284716,6.34,A5m
Pi  Pav,18.143,-63.668553,4.33,Am
HIP 88876,18.144052,-21.449562,6.42,A2/A3Iab
102    Her,18.14597,20.814557,4.37,B2IV
101    Her,18.148018,20.045233,5.1,A8III
HIP 88929,18.15284,30.469531,6.36,K1III:
73    Oph,18.159415,3.993276,5.71,F2V
HIP 88972,18.160408,38.457777,6.38,K2V
HIP 88981,18.16205,-13.934435,6.38,K1II
HIP 89000,18.165004,3.119827,5.67,F5V
HIP 89006,18.165993,-59.040182,6.38,K4III
HIP 89008,18.166387,36.466284,5.57,G8III
HIP 89010,18.166656,-32.719635,6.39,K0III
HIP 89020,18.168281,-30.728666,5.53,K1III + (F)
HIP 89023,18.169091,16.47659,6.09,B9V+...
Iot Pav,18.173948,-62.002197,5.47,G0V
HIP 89047,18.175443,54.286552,5.97,K1III
HIP 89065,18.177861,3.324256,5.5,K2III
HIP 89086,18.182041,-33.80007,6.13,B2II/III
HIP 89096,18.184557,-47.513121,6.07,K1III-IV
HIP 89099,18.184876,-41.359113,5.86,F0Vn
HIP 89104,18.185322,60.409532,6.5,A1Vnn
Eps Tel,18.187157,-45.954418,4.52,G5III
HIP 89114,18.18744,-19.841958,6.33,A2V
HIP 89115,18.187714,-75.89151,5.86,K3III
11    Sgr,18.19537,-23.701235,4.96,K0III
HIP 89156,18.195866,33.447057,5.98,A3V
104    Her,18.198377,31.40535,4.96,M3III
HIP 89234,18.209482,-73.672417,5.86,F5V
HIP 89246,18.211838,41.14684,6.36,K0III
HIP 89279,18.218005,38.773493,6.04,B9IIIn
HIP 89290,18.220194,-41.336111,5.47,B2.5III
HIP 89298,18.221268,21.880332,6.14,K4III
Polis,18.229392,-21.058834,3.84,B2III:
HIP 89347,18.231172,2.393465,6.43,K2
36    Dra,18.231545,64.397287,4.99,F5V
14    Sgr,18.23775,-21.713164,5.49,K2III
HIP 89370,18.237872,-63.689682,6.47,K4III
15    Sgr,18.253585,-20.72827,5.29,B0/1Ia/ab
16    Sgr,18.253603,-20.387974,5.96,B0.5Ib/II
37    Dra,18.254739,68.75581,5.96,K1III:
HIP 89470,18.258546,-18.661577,6.05,Ap Si
HIP 89474,18.259023,45.209318,6.3,G2V
HIP 89482,18.260772,42.159345,5.56,B7IV
HIP 89487,18.261289,-63.055366,5.58,K0III/IV
HIP 89507,18.264843,-44.206461,5.45,G8/K0III
HIP 89512,18.266092,-3.617992,6.35,A4V
HIP 89527,18.268214,2.377517,6.1,M4III
HIP 89587,18.281417,-3.007401,5.99,G3III
HIP 89597,18.283589,-51.068271,6.06,B9V
HIP 89604,18.285235,40.936727,6.12,G9III
HIP 89605,18.285426,-56.023351,5.36,B3IIIpe
HIP 89609,18.286563,-17.373886,5.81,K2III
HIP 89620,18.289928,-28.288975,6.36,F8V
HIP 89622,18.290024,-28.652065,6.18,A5V
HIP 89623,18.290045,-9.758578,6.29,A8V
HIP 89637,18.293402,-34.107258,6.03,B3/B4IV/V
Eta Sgr,18.293793,-36.761686,3.1,M2III
HIP 89674,18.300266,-68.229257,6.32,B9V
HIP 89677,18.300817,13.777038,6.29,B5V
HIP 89678,18.300886,-27.042641,4.66,K3III
HIP 89684,18.302143,18.131691,6.24,B9V
HIP 89683,18.302147,23.296907,6.45,K5
HIP 89726,18.311155,-42.288399,6.3,B0.5Ia
HIP 89772,18.319316,7.259767,5.41,K2III
105    Her,18.319633,24.446059,5.3,K4II SB
HIP 89805,18.327806,-63.886562,6.17,F9V
1Kap Lyr,18.331031,36.064547,4.33,K2IIIvar
HIP 89827,18.331131,29.666392,6.01,K4III
HIP 89835,18.332243,51.347823,6.3,K1III:
HIP 89851,18.335775,-15.831697,5.39,K3III
106    Her,18.338309,21.961297,4.92,M1III
43Phi Dra,18.345955,71.337814,4.22,A0p (Si)
74    Oph,18.347795,3.377165,4.85,G8III
HIP 89920,18.348663,-37.487648,6.46,K2II
108    Her,18.349158,29.858925,5.61,A5m
Kaus Media,18.3499,-29.828103,2.72,K3III
107    Her,18.350283,28.869954,5.12,A7V
44Chi Dra,18.350736,72.732843,3.55,F7Vvar
HIP 89943,18.351985,49.725466,6.39,K1III
58Eta Ser,18.355167,-2.898825,3.23,K0III-IV
HIP 89968,18.356385,-18.859999,5.76,F8II
HIP 89977,18.357889,5.435726,6.14,B3Ve
HIP 89980,18.358713,-24.915276,6.19,M3III
HIP 89981,18.359075,49.121593,5.02,M2III
HIP 90012,18.366705,-28.429962,6.15,A3III
HIP 90023,18.369083,23.285176,5.41,K5III
HIP 90037,18.371828,-38.656894,5.09,K4/K5III
HIP 90052,18.376477,12.02968,5.99,A2V
HIP 90067,18.380288,17.826616,5.25,K3III
HIP 90074,18.38141,-36.669556,5.33,B7Ib/II
HIP 90083,18.383919,-10.218983,6.32,B9.5V
HIP 90086,18.384147,16.688,6.22,K0
HIP 90096,18.386712,-12.014755,5.71,B5V
Xi  Pav,18.387117,-61.493901,4.35,M1III SB
HIP 90124,18.39134,-36.237987,5.52,K0III
Phi Oct,18.393456,-75.044277,5.47,A0V
Zet Sct,18.394329,-8.934383,4.66,K0III
109    Her,18.394967,21.769752,3.85,K2III
HIP 90146,18.396658,53.300837,6.35,A3m
39    Dra,18.398507,58.800736,4.98,A3V
HIP 90163,18.399244,38.73921,6.41,K2
HIP 90174,18.400997,-3.583157,6.36,F6III-IV
HIP 90182,18.402553,83.1754,6.16,A2V
Kaus Australis,18.402868,-34.384616,1.79,B9.5III
2Mu  Lyr,18.40383,39.507239,5.11,A3IVn
HIP 90200,18.405067,-44.110256,5.24,B2.5Vn
HIP 90223,18.409202,-49.652879,6.45,G2V
HIP 90238,18.411702,-7.075936,6.28,K0
HIP 90253,18.415891,-1.579413,6.15,F1V
HIP 90256,18.416239,27.394783,6.27,A2Vn
18    Sgr,18.417066,-30.75657,5.58,K0III
21    Sgr,18.422511,-20.541679,4.81,A1/A2V
HIP 90290,18.422688,-35.992025,6.14,K0III
HIP 90304,18.425453,-63.021534,6.13,A3V
HIP 90313,18.427444,8.032006,5.64,G8III-IV+..
HIP 90336,18.431835,-33.945718,6.3,B7III
HIP 90337,18.432008,14.966232,6.37,B9V
HIP 90342,18.432996,29.82893,5.81,A2IV
Fafnir,18.433069,65.56348,4.82,K2III
HIP 90398,18.444702,26.449216,6.5,B3V
HIP 90414,18.448336,-48.117243,5.44,K0/K1III+..
Alp Tel,18.449561,-45.968459,3.49,B3IV
HIP 90437,18.452463,-8.040406,6.5,K0
59    Ser,18.453475,0.196108,5.2,G0III+...
HIP 90476,18.4617,59.549112,6.43,K0IV
HIP 90478,18.462154,-26.634845,6.31,A7V
HIP 90485,18.463745,-29.816865,5.9,F8V
HIP 90487,18.463978,3.74857,6.07,K3III
HIP 90494,18.465689,-17.800357,6.19,B8III/IV
Kaus Borealis,18.466179,-25.4217,2.82,K1IIIb
HIP 90497,18.466326,6.194104,5.71,B8III-IV
HIP 90510,18.46838,-26.757245,6.28,A3/A4V
HIP 90509,18.468432,-84.387256,6.49,B8/B9V
HIP 90541,18.474198,-38.995671,5.63,A2m...
Zet Tel,18.480505,-49.070588,4.1,G8/K0III
Gam Sct,18.486626,-14.565813,4.67,A1IV/V
HIP 90597,18.486909,-43.845939,6.36,G8III
HIP 90606,18.488891,-80.232708,5.95,K2III
HIP 90637,18.493253,23.866202,5.87,B6IV
60    Ser,18.494717,-1.985308,5.38,K0III
HIP 90647,18.495823,77.547068,5.65,K4III
HIP 90651,18.496322,-14.581987,6.02,Ap
HIP 90662,18.498871,-47.220546,5.69,K2III
HIP 90664,18.499086,-57.523143,5.74,K0III
HIP 90687,18.503295,-18.728794,5.63,K0III
HIP 90692,18.503971,-5.724169,6.27,G8II-III
HIP 90729,18.51157,20.815046,6.49,G8IV
HIP 90759,18.517486,-41.913834,6.02,A3V
HIP 90762,18.517903,16.928556,5.76,A2V
HIP 90763,18.518012,-32.989114,5.37,A5V
Nu  Pav,18.522896,-62.278302,4.63,B8III
HIP 90804,18.523804,-10.795836,5.77,B2V
HIP 90806,18.523971,-18.402697,5.12,B9/B9.5V
Del1Tel,18.529287,-45.914814,4.92,B6IV
HIP 90842,18.532284,-43.507383,5.71,K2III
61    Ser,18.532498,-1.002977,5.93,A4III
Del2Tel,18.533874,-45.757382,5.07,B3III
HIP 90858,18.535247,3.659603,6.41,A0sp...
HIP 90884,18.539071,-14.644268,6.36,A4/A5IV/V
HIP 90887,18.539257,-39.704001,5.16,A3V
45    Dra,18.542923,57.045599,4.77,F7Ib
HIP 90913,18.545367,-14.865662,5.47,K3Iab
HIP 90915,18.546154,23.616801,5.88,K5III
HIP 90923,18.54721,30.554209,5.47,B8IV
HIP 90930,18.548704,-73.965596,5.88,K0III
HIP 90936,18.55025,-39.892022,6.22,F5V
HIP 90967,18.556308,-5.911718,6.36,A0Vn
Kap2CrA,18.556413,-38.720033,6.31,B8
Kap1CrA,18.556426,-38.725985,5.67,B9.5
HIP 90971,18.556473,8.268251,6.42,B8IIIp SiSr:
HIP 90981,18.558183,-58.708784,6.4,G5IV
The CrA,18.558383,-42.31251,4.62,G5III
HIP 90991,18.560839,-14.853614,5.74,A0/A1V
24    Sgr,18.564857,-24.032283,5.49,K3III
HIP 91013,18.565749,52.353517,5.38,K0III
HIP 91014,18.566046,-33.01656,5.28,B2III/IV
HIP 91062,18.575312,-52.891521,6.21,K2III
HIP 91090,18.579859,10.89201,6.48,A1V
HIP 91105,18.583998,-10.977206,5.12,G8III
Alp Sct,18.586785,-8.244073,3.85,K2III
HIP 91118,18.586834,18.20341,5.79,A0Vn
HIP 91119,18.587085,34.458021,6.1,B5Vn
HIP 91132,18.589258,-20.840442,6.49,F0IV/V
HIP 91139,18.591777,23.60553,5.62,G8III
HIP 91142,18.59347,4.935988,6.47,A2pvar
HIP 91159,18.598117,16.975697,6.21,G2Vv comp
HIP 91172,18.599901,-29.699104,6.36,K1III
HIP 91196,18.603683,65.488717,6.07,F0V
HIP 91217,18.607731,9.122491,5.38,F5III
HIP 91235,18.610373,33.469036,5.41,B8II-IIIp..
HIP 91237,18.610854,6.671805,5.43,F3V
HIP 91250,18.612651,43.221815,6.21,F0V
Vega,18.61564,38.783692,0.03,A0Vvar
HIP 91279,18.619183,16.198295,6.31,G8IV
HIP 91315,18.625974,62.526591,5.74,A0V
HIP 91322,18.626656,-0.309472,5.76,A2V
HIP 91347,18.631785,-21.397725,5.93,A5IV
HIP 91369,18.634578,-14.004781,6.49,B8II/III
HIP 91373,18.635132,39.668326,6.02,M4.5II
HIP 91394,18.639944,-3.19364,6.49,F9IV
HIP 91405,18.641865,-23.504893,5.78,B8III
HIP 91438,18.648168,-21.051871,5.85,G5V
HIP 91461,18.653968,-47.909767,5.84,A3V
HIP 91491,18.659176,40.935059,6.25,B9V
HIP 91494,18.659768,-43.185878,5.42,M2III
HIP 91499,18.660244,5.264287,6.36,F8Ib-II
HIP 91523,18.664333,7.358598,6.26,G8III
HIP 91525,18.66467,52.196075,6.0,A0p...
HIP 91532,18.666774,-7.790799,5.82,K4III
HIP 91533,18.667202,30.849471,6.43,K0
HIP 91552,18.670055,38.367195,6.45,A6m
HIP 91606,18.682334,62.749466,6.1,K0III
HIP 91662,18.691857,-48.094686,6.47,K3III
HIP 91675,18.694808,31.617612,6.41,B8V
HIP 91677,18.695128,-14.564244,6.4,F2/F3Ib/II
26    Sgr,18.697674,-23.833423,6.22,A3m...
HIP 91707,18.702246,34.746307,6.49,B5V
HIP 91723,18.703992,-81.808114,6.27,B8V
Del Sct,18.704563,-9.052549,4.7,F2IIIp d Del
HIP 91733,18.706285,-64.643044,6.35,A5V
HIP 91751,18.710033,-7.073654,6.13,K0.5III
46    Dra,18.710543,55.539457,5.03,B9.5p...
HIP 91781,18.715305,-19.284209,6.32,M4III
Zet Pav,18.71726,-71.428113,4.01,K2III
HIP 91811,18.719541,70.792849,6.28,K2
HIP 91820,18.72127,39.300066,6.45,K5
HIP 91843,18.724725,53.871767,6.18,A2IV
Eps Sct,18.725348,-8.275215,4.88,G8II
Xihe,18.726696,36.556605,6.04,G8
HIP 91854,18.727035,-64.551425,5.76,K0III
Lam CrA,18.729706,-38.323441,5.11,A0/A1V
HIP 91880,18.730898,-6.818119,6.3,F7V
HIP 91883,18.730999,31.926613,5.68,F1III-IV
HIP 91901,18.73554,-36.718335,6.31,K0III
HIP 91915,18.738407,61.048143,6.02,G7IV
HIP 91918,18.738711,-35.641987,4.86,B2V
4Eps1Lyr,18.738984,39.670123,4.67,F1V
5Eps2Lyr,18.739661,39.612721,4.59,A8Vn
HIP 91958,18.744526,23.589883,6.3,F6V
6Zet1Lyr,18.746209,37.605115,4.34,Am
7Zet2Lyr,18.746722,37.594615,5.73,F0IVvar
HIP 91974,18.747112,-25.010914,5.82,B8III
4    Aql,18.747205,2.060038,5.02,B9V
HIP 91985,18.748721,54.897184,6.26,G5III
HIP 91989,18.74921,-39.686188,5.4,K1/K2III+..
HIP 92008,18.753198,-61.095196,6.04,K3III
HIP 92016,18.755182,-21.001615,6.35,F5/F6V
HIP 92021,18.756639,-56.88197,6.22,K3III
HIP 92024,18.757465,-64.871259,4.78,A7V
HIP 92027,18.757879,5.500128,5.82,A1V
HIP 92040,18.760574,79.942673,6.4,A8V
27Phi Sgr,18.76094,-26.990778,3.17,B8.5III
110    Her,18.761035,20.546308,4.19,F6V
HIP 92056,18.762989,74.085553,5.25,K0II-III
HIP 92072,18.765554,-50.872715,6.24,B8/B9II
HIP 92079,18.766985,-19.606357,6.34,M2/M3III
HIP 92088,18.767911,26.66213,4.83,K3III
HIP 92098,18.77028,41.44181,6.06,B6V
28    Sgr,18.772391,-22.392176,5.37,K5III
50    Dra,18.772849,75.433964,5.37,A1Vn
5    Aql,18.77461,-0.961692,5.89,A2m
HIP 92131,18.778156,18.705907,6.18,K5
HIP 92133,18.778634,52.98796,5.91,B2.5V
HIP 92136,18.778701,-10.125048,5.69,F2Ib-II
111    Her,18.783686,18.181519,4.34,A5III
Bet Sct,18.786242,-4.747867,4.22,G5II...
HIP 92202,18.791375,-5.705147,5.38,K0Ibpvar
Mu  CrA,18.795726,-40.406167,5.2,G5/G6III
HIP 92233,18.796997,-77.868249,6.39,G2V
HIP 92243,18.79927,31.756835,6.06,B3IVp
HIP 92254,18.80074,4.241422,6.2,K5
HIP 92269,18.804467,48.767556,6.12,A7III
HIP 92270,18.804556,23.514749,6.19,F8V
The Pav,18.810538,-65.077679,5.71,A9V
HIP 92296,18.81097,-6.004311,6.49,A2
HIP 92301,18.812614,-18.60115,6.46,A1V + K1III
Eta1CrA,18.814024,-43.680047,5.46,A2Vn
HIP 92312,18.814829,19.32872,5.89,A1V
HIP 92367,18.824257,-45.8101,5.8,G6IV
Eta2CrA,18.826388,-43.434102,5.6,B9IV
HIP 92386,18.826998,0.836197,6.24,A1V
29    Sgr,18.827807,-20.324656,5.22,K2III
HIP 92391,18.828043,-5.912863,5.99,K2Ib
HIP 92394,18.828799,-72.995722,6.04,B9.5IV/V
8Nu 1Lyr,18.82942,32.81282,5.93,B3IV
9Nu 2Lyr,18.831366,32.551058,5.22,A3V
Sheliak,18.834665,33.362667,3.52,A8:V comp SB
HIP 92456,18.841992,-13.572262,6.48,K1II/III
HIP 92475,18.845986,10.976392,6.37,K5III+...
30    Sgr,18.847359,-22.16219,6.29,F2IV
HIP 92488,18.849586,-9.774096,5.82,F2Ib
HIP 92487,18.849625,-41.062687,6.5,B5III
47Omi Dra,18.853348,59.388351,4.63,K0II-III SB
8    Aql,18.856155,-3.317857,6.08,F2III
HIP 92549,18.859712,52.975117,5.51,G9IVa
HIP 92550,18.85997,28.783671,6.22,K1II-III
HIP 92551,18.860144,36.539092,6.1,B6IV
HIP 92593,18.867201,13.965647,6.19,B8Vnn
HIP 92599,18.868681,41.383244,6.28,B9p Si
HIP 92608,18.869983,-41.709195,6.47,K3III
Lam Pav,18.870288,-62.187593,4.22,B2II-III
112    Her,18.87123,21.425142,5.43,B9p...
HIP 92630,18.874229,-46.595119,5.51,M0III
HIP 92635,18.874532,-26.65077,6.28,G8/K0III
HIP 92643,18.876957,-29.379676,6.12,K1III
Kap Tel,18.877675,-52.10737,5.18,G8/K0III
HIP 92669,18.883305,-46.586329,6.17,A1IV/V
HIP 92674,18.883836,-9.575521,6.27,A7Vn
HIP 92676,18.883987,-48.360913,6.17,A2V
HIP 92687,18.886667,-51.931437,6.3,B4III
HIP 92689,18.887096,50.708221,4.92,G8III
HIP 92717,18.892556,75.787372,6.33,A1V
11Del1Lyr,18.895433,36.971721,5.58,B2.5V
HIP 92731,18.896194,57.486557,6.24,K5III:
33    Sgr,18.900025,-21.359845,5.68,G8/K0II
Ainalrami,18.902827,-22.744834,4.86,K1II
HIP 92768,18.90368,27.909528,5.64,K4III
52Ups Dra,18.90661,71.297192,4.82,K0III
12Del2Lyr,18.908412,36.898613,4.22,M4IIvar
HIP 92814,18.911976,-15.603036,5.08,B3II
113    Her,18.912468,22.645076,4.57,G4III+...
HIP 92822,18.913095,48.859401,5.84,F3III
Chi Oct,18.91323,-87.605843,5.29,K3III
HIP 92831,18.914494,41.602723,5.46,G8III
HIP 92833,18.914588,33.968576,5.99,G8III+...
35Nu 2Sgr,18.918649,-22.671328,5.0,K1Ib/II
Nunki,18.92109,-26.296722,2.05,B2.5V
13    Lyr,18.922249,43.946088,4.08,M5IIIvar
HIP 92866,18.92321,-37.386603,6.48,K1III
HIP 92872,18.92429,6.61529,5.58,G9III
HIP 92882,18.92528,-16.376635,5.56,F5/F6IV/V
HIP 92931,18.93352,-23.173751,5.91,B6III
HIP 92937,18.935034,18.10541,5.69,K1III
Alya,18.936995,4.203595,4.62,A5V
63The2Ser,18.937401,4.202132,4.98,A5Vn
HIP 92953,18.938044,-42.710676,5.35,G6III-IV
HIP 92963,18.939628,-1.799863,6.2,B9III
HIP 92968,18.940446,2.47119,6.14,G8III
HIP 92969,18.940481,65.258084,5.62,G8III
HIP 92972,18.940899,-31.689025,6.45,K2III
HIP 92989,18.944582,-37.343241,5.36,B3V
48    Dra,18.945851,57.814851,5.67,K1III
HIP 93012,18.948528,-62.801904,6.47,K3III
Kap Pav,18.949177,-67.233495,4.4,F5Ib-II:
HIP 93017,18.950441,32.901273,5.2,G0V
Eta Sct,18.951019,-5.846314,4.83,K1III
HIP 93049,18.953975,-43.917012,6.27,B9V
64    Ser,18.954608,2.535346,5.56,B9IIIp...
HIP 93053,18.954816,62.396773,6.5,G5IV comp
36Xi 1Sgr,18.955688,-20.656346,5.02,B9.5Ib
HIP 93068,18.957909,58.225026,6.47,A2V
HIP 93074,18.959554,-39.823195,6.29,A5IV/V
37Xi 2Sgr,18.962167,-21.106654,3.52,G8/K0II/III
HIP 93104,18.967194,38.266188,5.89,B7IV
HIP 93117,18.969455,-83.422198,6.35,B9/B9.5V
HIP 93124,18.970763,17.360912,5.33,F8Ib
HIP 93134,18.972579,-31.035975,6.09,K3III
HIP 93138,18.973251,6.239929,6.22,F5IV
HIP 93140,18.973564,-22.529493,6.14,A1V
Lam Tel,18.974378,-52.938629,4.85,A0V
Ome Pav,18.976812,-60.20055,5.14,K1III-IV
Eps CrA,18.978721,-37.107357,4.83,F3IV/V
HIP 93177,18.979608,40.679194,6.2,B3V
10    Aql,18.979701,13.906648,5.91,F0spe...
Sulafat,18.982395,32.689557,3.25,B9III
HIP 93197,18.983166,50.809143,6.32,G8III
11    Aql,18.984928,13.622245,5.27,F8V
HIP 93209,18.986379,-39.534712,6.49,B9.5V
HIP 93210,18.986748,39.217321,6.43,B5IV
HIP 93225,18.989945,-12.840517,5.51,B4V
HIP 93234,18.990772,-18.566433,6.37,G5/G6II
HIP 93238,18.991465,-70.468653,6.49,A8V
13Eps Aql,18.993711,15.068298,4.02,K2III
HIP 93256,18.995966,26.230404,5.26,K2III
HIP 93270,18.999475,22.814515,6.28,M4III
15Lam Lyr,19.000229,32.145514,4.94,K3III
HIP 93287,19.000987,-66.653618,5.98,K0III
HIP 93299,19.003799,50.533466,5.39,B2.5IV
HIP 93315,19.006892,-24.942171,6.35,K0III
49    Dra,19.012072,55.658301,5.51,G5IIbCN...
HIP 93354,19.015334,33.802158,6.04,K0III:
HIP 93371,19.017861,-37.061555,6.44,B9.5IV:
HIP 93374,19.018176,19.309605,6.47,K1III
HIP 93393,19.021488,26.291411,5.69,B5V
16    Lyr,19.023991,46.934812,5.0,A7V
HIP 93418,19.025977,-15.282617,6.31,K0III
HIP 93423,19.02715,-22.695364,6.25,K3III
12    Aql,19.028008,-5.739115,4.02,K1IIIvar
HIP 93437,19.030103,33.621257,6.39,B5IV
HIP 93443,19.030397,22.264412,6.44,A4V
HIP 93466,19.035288,52.261058,6.35,G8III:...
HIP 93470,19.035698,-41.910505,6.21,A0V
HIP 93488,19.039324,8.373539,6.25,K2III
HIP 93498,19.041022,-24.846826,5.63,K2III
Ascella,19.043532,-29.880105,2.6,A3IV
HIP 93523,19.04795,19.661011,6.11,K1III
14    Aql,19.048472,-3.698987,5.4,A1V
HIP 93537,19.051057,-19.245686,5.96,K0II/III
Zet CrA,19.051907,-42.095105,4.74,A0Vn
HIP 93543,19.051944,-19.103024,6.37,F5V
HIP 93552,19.054915,-38.253147,5.73,F2III/IV
HIP 93574,19.058242,-68.755544,5.89,F8V
HIP 93580,19.058959,1.818768,5.82,A4V
HIP 93624,19.065985,-51.018604,5.93,K0/K1III
HIP 93629,19.066947,-57.959962,6.3,G6II/III
HIP 93666,19.073376,-5.684843,6.48,C5II
HIP 93667,19.073627,-31.047079,5.49,A0V
39Omi Sgr,19.07805,-21.741496,3.76,K0III
51    Dra,19.081991,53.396654,5.4,A0Vn
15    Aql,19.082687,-4.03142,5.4,K1III
HIP 93718,19.082741,31.744072,5.63,M0III
HIP 93720,19.082857,30.733396,6.07,M2III
HIP 93733,19.086067,49.923166,6.45,K3III
Okab,19.090169,13.863478,2.99,A0Vn
HIP 93763,19.094772,-15.660419,5.93,B8IIIsp...
HIP 93770,19.096425,29.921674,6.32,M0III
16Lam Aql,19.10415,-4.882554,3.43,B9Vn
Rho Tel,19.10554,-52.34091,5.17,F7V
Gam CrA,19.106971,-37.063437,4.23,F7IV-V
HIP 93843,19.11048,28.628595,5.53,F0III
HIP 93845,19.110665,24.250793,5.78,A4III
HIP 93855,19.114477,-16.229276,6.0,B7V
HIP 93858,19.114582,-37.810658,6.15,G8V
HIP 93860,19.115226,-50.323144,6.29,B9V
HIP 93862,19.115445,-48.299144,5.95,A0V
40Tau Sgr,19.11567,-27.670423,3.32,K1/K2III
18    Aql,19.116279,11.071228,5.07,B8III
HIP 93887,19.118979,-18.738171,6.28,B8V
18Iot Lyr,19.121703,36.100157,5.25,B6IV
17    Lyr,19.123769,32.501738,5.2,F0V
HIP 93925,19.125234,-28.6368,6.05,K3III
HIP 93966,19.132589,16.853385,6.08,G5V
HIP 93975,19.134311,21.698927,6.22,F3V
HIP 93993,19.137378,-24.657369,6.3,B9.5V
HIP 93996,19.137973,-19.290289,5.56,B2V
Del CrA,19.139156,-40.496703,4.57,K1III
HIP 94013,19.140507,52.425731,5.88,K1IV
HIP 94054,19.147861,-55.720425,6.44,K1IV
19    Aql,19.149976,6.073207,5.23,F0III-IV
59    Dra,19.152716,76.560502,5.11,A9V
Meridiana,19.157869,-37.904474,4.11,A0/A1V
HIP 94130,19.161043,-39.827238,6.44,K0III
55    Dra,19.162723,65.978513,6.26,A0V
Albaldah,19.162731,-21.023615,2.88,F2II/III
HIP 94144,19.163374,-19.803657,6.11,K1III
HIP 94149,19.164332,-0.428114,6.34,B5Vn
HIP 94150,19.164642,-68.424448,5.31,G8/K0III/IV
HIP 94157,19.166015,-41.892256,5.86,B5V
Bet CrA,19.167154,-39.340796,4.1,K0II/IIICN.
HIP 94243,19.183863,-39.004705,6.34,B7II/III
HIP 94272,19.188559,-29.502293,6.28,B8/B9V
HIP 94280,19.189767,40.429095,6.2,A3V
HIP 94290,19.191939,26.735871,6.35,F5V
53    Dra,19.194597,56.859213,5.13,G8III
19    Lyr,19.196114,31.283456,5.93,B9p Si
HIP 94336,19.201416,49.855755,5.85,G4V+...
HIP 94372,19.207788,-21.658382,6.39,K0III
Altais,19.209225,67.661541,3.07,G9III
HIP 94382,19.210204,21.554572,6.02,A2Vn
20    Aql,19.211309,-7.939518,5.35,B3V
HIP 94398,19.212812,-50.48642,6.12,G8III
HIP 94434,19.220463,-25.906786,5.79,K2III
HIP 94437,19.220979,-12.282584,5.51,K3III
21    Aql,19.228529,2.293707,5.14,B8II-III
HIP 94478,19.228896,5.515605,6.47,A3V
Aladfar,19.229302,39.145968,4.43,B2.5IV
54    Dra,19.231987,57.705102,5.0,K2III
HIP 94556,19.244319,-45.193527,5.91,G8III
HIP 94598,19.250747,20.203123,6.03,G8III
HIP 94604,19.252199,83.462746,6.5,A3V
1    Sge,19.254822,21.232118,5.65,A4V
HIP 94623,19.255327,50.071127,6.27,G8III
HIP 94624,19.255581,15.083651,5.58,G8II-III
HIP 94630,19.256905,30.526381,5.88,M0III
42Psi Sgr,19.259007,-25.256682,4.86,K0/K1III+..
Gumala,19.259228,-24.179352,6.25,F8V
60Tau Dra,19.259229,73.355468,4.45,K3III
HIP 94646,19.259268,18.516353,6.46,M2III
HIP 94685,19.266525,27.926302,6.18,F6Ib-II
1    Vul,19.270289,21.390428,4.76,B4IV
HIP 94712,19.272706,-45.466033,5.38,K3III
21The Lyr,19.272804,38.133731,4.35,K0II
HIP 94720,19.274108,14.544616,5.65,B9.5V
Tau Pav,19.274612,-69.190825,6.25,A6IV/V
22    Aql,19.275287,4.834795,5.59,A3IV
HIP 94755,19.280941,46.999102,6.02,F6IV:
HIP 94770,19.283479,-65.227702,6.42,B8/B9V
1Kap Cyg,19.28504,53.368459,3.8,K0III
HIP 94789,19.286729,-66.661048,5.52,A4IV/V
43    Sgr,19.293911,-18.952908,4.88,K0III
2    Vul,19.295454,23.02554,5.46,B0.5IV
HIP 94833,19.296718,2.031727,6.19,A1Vn
25Ome1Aql,19.296944,11.595422,5.28,F0IV
HIP 94858,19.302714,-53.387086,6.36,F7V
23    Aql,19.309026,1.085129,5.1,K2II-IIIvar
HIP 94890,19.310518,49.569456,6.32,K1III
HIP 94910,19.313447,19.610477,6.5,B8III + K
24    Aql,19.314151,0.339024,6.4,K0II-III:..
HIP 94916,19.314654,9.61807,6.31,G9III
HIP 94929,19.316694,-15.53657,6.09,K4III
HIP 94932,19.316987,37.445346,6.25,A0III
HIP 94974,19.326786,54.375987,6.23,A1V
HIP 94981,19.327502,37.330539,6.29,G8V
28    Aql,19.327597,12.37468,5.53,F0III
HIP 94986,19.327776,-35.421452,5.59,B4III
29Ome2Aql,19.331407,11.534965,6.03,A2V
HIP 95038,19.337783,57.645129,5.91,M1III
26    Aql,19.342473,-5.415766,4.98,G8III-IV...
HIP 95067,19.342515,35.185957,6.3,B9V
27    Aql,19.343246,-0.892161,5.46,B9III
HIP 95077,19.34393,-22.402535,5.59,A6:m...
58Pi  Dra,19.344467,65.714531,4.6,A2IIIs
HIP 95149,19.358263,-34.983487,6.48,G1/G2V
HIP 95154,19.35987,76.559596,6.22,C5II
HIP 95159,19.360309,-19.234446,6.25,B5III
HIP 95167,19.361182,79.60283,6.06,A3V
44Rho1Sgr,19.361211,-17.847197,3.92,F0III/IV
46Ups Sgr,19.362117,-15.955018,4.52,F2p
45Rho2Sgr,19.364137,-18.308388,5.84,K0III
HIP 95211,19.369316,-42.016026,6.33,K1III
HIP 95222,19.372651,-0.252345,5.81,G8III:
HIP 95235,19.375931,33.518163,6.09,K0III
HIP 95239,19.377147,-51.231276,6.42,F0V
Arkab Prior,19.377303,-44.458965,3.96,B9V
HIP 95253,19.380097,9.91315,6.34,F6V
3    Vul,19.380801,26.262403,5.22,B6III
Eta Tel,19.380888,-54.423931,5.03,A0Vn
HIP 95281,19.384569,-7.400615,6.31,K0
Arkab Posterior,19.386976,-44.799778,4.27,F2III
HIP 95319,19.392779,33.221966,6.37,G8V
HIP 95340,19.396369,20.264356,6.4,B9.5V
Rukbat,19.398103,-40.61594,3.96,B8V
HIP 95352,19.399027,43.388171,5.85,G6.5IIIa
HIP 95369,19.401528,-68.371082,6.33,K2III
HIP 95370,19.401682,36.452094,6.44,K1III
2    Cyg,19.402105,29.621338,4.99,B3IV
HIP 95396,19.405964,-43.722063,6.13,M1/M2III
2    Sge,19.406131,16.937722,6.27,A2III-IV
HIP 95408,19.408383,-27.865945,6.03,B2Vnn
31    Aql,19.416164,11.944415,5.17,G8IVvar
HIP 95453,19.417092,-4.884536,6.5,A9V
HIP 95456,19.41779,-29.309359,5.91,K3III
47Chi1Sgr,19.421247,-24.508575,5.02,A4IV/V
HIP 95485,19.422665,-13.89713,5.72,K2III
HIP 95487,19.422887,20.271727,6.31,A0V
HIP 95492,19.423824,24.912774,6.19,F7V
4    Vul,19.424611,19.798365,5.14,K0III
49Chi3Sgr,19.424906,-23.962457,5.45,K3III
30Del Aql,19.424972,3.114775,3.36,F0IV
4    Cyg,19.435868,36.317896,5.17,B9sp...
HIP 95557,19.4364,-15.053251,5.71,B7IV
5    Vul,19.437013,20.097733,5.6,A0V
50    Sgr,19.438654,-21.776693,5.57,K1/K2III
HIP 95572,19.440037,13.023801,5.76,F6III
HIP 95576,19.440688,62.557145,6.38,K5III
HIP 95582,19.441302,19.891493,5.84,M0III
32Nu  Aql,19.441969,0.33857,4.64,F2Ib
HIP 95619,19.449022,-29.743225,5.66,B8/B9V
7Iot1Cyg,19.457212,52.320436,5.73,A1V
HIP 95664,19.459419,14.282481,6.31,B4III
HIP 95673,19.46011,37.941197,6.3,B3Ve
HIP 95690,19.463366,-54.325272,5.7,K4III
HIP 95732,19.472444,2.93003,5.84,B6III
Anser,19.478427,24.664905,4.44,M0 comp
8    Vul,19.482523,24.768723,5.82,K0III
35    Aql,19.483608,1.950448,5.79,A0V
HIP 95812,19.488341,0.24608,6.25,K2
7    Vul,19.489138,20.279737,6.34,B5Vn
HIP 95820,19.489267,-7.044086,6.37,F5-G1I-II
HIP 95822,19.489487,14.596019,5.57,K0III
HIP 95823,19.489951,-43.445195,5.7,Am
10Iot2Cyg,19.495098,51.729779,3.76,A5Vn
HIP 95865,19.497829,-26.985615,5.46,K1/K2III
HIP 95866,19.497944,-55.441754,6.14,K0/K1III
HIP 95898,19.502926,2.904073,6.08,K5Ib
HIP 95929,19.509201,3.444403,6.09,A0sh
Mu  Tel,19.50961,-55.110053,6.29,F5V
36    Aql,19.511066,-2.788887,5.03,M1IIIvar
Albireo,19.512023,27.959681,3.05,K3II+...
6Bet2Cyg,19.51261,27.965276,5.12,B8V
HIP 95953,19.513009,36.228503,6.26,B9.5III
HIP 95965,19.515013,-21.312237,6.11,A2V
HIP 95978,19.516746,70.989339,6.06,K2
HIP 95999,19.519709,-68.43392,5.98,K4/K5III
HIP 96003,19.520432,55.731836,6.37,K2II-IIIcomp
HIP 96014,19.522039,50.306706,5.55,K1III
HIP 96016,19.522672,26.617171,5.89,K0III-IV
8    Cyg,19.529534,34.452968,4.74,B3IV
HIP 96095,19.537231,-44.546387,6.48,F6V
Alsafi,19.539149,69.661175,4.67,K0V
HIP 96141,19.54828,-53.185618,5.76,Am
HIP 96164,19.552796,60.158691,6.3,K4III
HIP 96178,19.556007,-45.271748,5.59,A0p
HIP 96198,19.561557,49.262319,6.0,M4.5III
HIP 96204,19.562786,5.465708,6.35,M8V
38Mu  Aql,19.568153,7.378941,4.45,K3III
HIP 96234,19.569024,-40.034638,5.89,A5IV-III
HIP 96258,19.572161,51.23662,5.71,F7V
9    Vul,19.57636,19.773403,5.0,B8IIIn
HIP 96288,19.578127,42.412509,5.34,A2V
HIP 96297,19.57954,63.434171,6.47,K2
9    Cyg,19.580813,29.462954,5.39,A0V+...
HIP 96316,19.583676,52.502018,6.39,K0
37    Aql,19.585349,-10.560444,5.12,G8III
Iot Tel,19.586942,-48.099202,4.88,G9III
HIP 96351,19.590314,2.913605,6.37,F6IV
HIP 96356,19.591613,-7.460283,6.32,K0
HIP 96365,19.592628,-12.253114,6.27,K0III
11    Cyg,19.596751,36.944539,6.03,B8Vn
HIP 96396,19.598874,50.238618,6.47,G9III
51    Sgr,19.600459,-24.719081,5.64,A1m...
HIP 96417,19.60232,22.585763,6.33,B9sp...
HIP 96428,19.604357,14.39107,6.37,K0II-III
HIP 96440,19.607243,-18.852921,6.13,F0V
13The Cyg,19.607372,50.221103,4.49,F4V
HIP 96459,19.610555,44.694936,5.17,K0III
52    Sgr,19.611786,-24.883623,4.59,B8/B9V
41Iot Aql,19.612022,-1.286601,4.36,B5III
HIP 96481,19.61457,11.273206,5.98,G0Ib
39Kap Aql,19.614847,-7.027477,4.93,B0.5III
HIP 96496,19.617595,-18.231052,5.66,K0III
HIP 96503,19.619338,29.3337,6.43,B5V
4Eps Sge,19.621498,16.462802,5.67,G8IIIvar
HIP 96536,19.626227,-14.301801,5.46,F7V
HIP 96546,19.628005,35.022536,6.44,K5
42    Aql,19.62981,-4.64764,5.45,F3IV
HIP 96572,19.632417,49.284416,6.47,G6V
HIP 96601,19.638275,20.783391,6.5,K0III
HIP 96607,19.640538,-57.983341,6.19,K0III
HIP 96620,19.644769,54.973793,5.89,F6Vasv
HIP 96630,19.646942,3.381522,6.36,B3III
44Sig Aql,19.653234,5.397773,5.18,B3V + B3V
12Phi Cyg,19.656279,30.153321,4.68,G8III-IV...
HIP 96688,19.657038,16.571121,6.37,M0Iab-Ib SB
14    Cyg,19.657356,42.818278,5.41,B9III
HIP 96706,19.659593,45.957439,6.25,K0III
HIP 96721,19.661606,-45.27855,6.24,Am
HIP 96724,19.662478,33.978938,6.1,A3IV
53    Sgr,19.663739,-23.4277,6.33,A0V
HIP 96734,19.664486,-66.685505,6.37,A0Vn
Sham,19.668275,18.01389,4.39,G0II
HIP 96760,19.668657,-23.429086,5.97,K0III
HIP 96771,19.670332,60.507114,6.49,A5V
HIP 96781,19.671858,-54.41779,6.24,K0III
HIP 96805,19.678097,43.077824,6.17,M2III
45    Aql,19.6787,-0.621233,5.64,A3IV
54    Sgr,19.678717,-16.293268,5.3,K1III
HIP 96825,19.680601,45.524942,5.06,F5II
6Bet Sge,19.68415,17.476041,4.39,G8II
HIP 96840,19.684869,13.815682,5.98,B5V
HIP 96856,19.687403,22.452773,6.43,K0Iab:
HIP 96882,19.693681,-65.854414,6.08,M0III
16    Cyg,19.696945,50.52506,5.99,G2V
HIP 96901,19.697783,50.517523,6.25,G5V
HIP 96907,19.699338,40.254144,6.22,A6V
HIP 96917,19.700812,-9.193654,6.31,K2
HIP 96919,19.701151,55.463222,6.42,M5IIIa
46    Aql,19.703559,12.193261,6.33,B9III
55    Sgr,19.708648,-16.123996,5.06,F3IV/V
47Chi Aql,19.709447,11.826583,5.28,F3V:+...
HIP 96977,19.71239,32.426741,5.93,A5III
HIP 97028,19.719332,30.677891,6.08,A1V
HIP 97029,19.719657,38.671713,6.37,K0
HIP 97033,19.720653,58.016617,6.29,G0V
HIP 97063,19.72598,-15.470105,5.49,F5V
HIP 97067,19.727116,-37.538765,6.14,B8IV/V
HIP 97070,19.727637,57.042713,6.28,K2III
10    Vul,19.72859,25.771929,5.5,G8III
HIP 97081,19.729192,41.773108,5.86,M0III
HIP 97087,19.730959,34.162724,6.04,B8III
HIP 97091,19.732215,27.135398,6.27,B7V + G1:III
15    Cyg,19.737943,37.354355,4.89,G8III
HIP 97122,19.738446,69.337065,5.9,A2III
48Psi Aql,19.742831,13.302783,6.25,B9III-IV
HIP 97142,19.743937,34.414164,6.39,M1III
HIP 97144,19.744805,8.726538,6.43,K0
HIP 97151,19.746959,40.716803,6.36,M3III
Fawaris,19.749574,45.13081,2.86,B9.5III
HIP 97228,19.761015,36.091022,6.38,B9.5V
49Ups Aql,19.761096,7.613158,5.89,A3IV
HIP 97242,19.764265,35.012751,6.14,A2V+...
HIP 97244,19.764509,-2.883453,6.47,B3III
HIP 97260,19.767005,-31.908571,5.51,B8III
Tarazed,19.770994,10.613261,2.72,K3II
56    Sgr,19.772707,-19.761113,4.87,K0III
17    Cyg,19.773777,33.727598,5.0,F5
HIP 97307,19.776393,32.888591,6.18,K2
HIP 97326,19.779073,68.437998,6.34,F0III
7Del Sge,19.789795,18.534286,3.68,M2II + B6
HIP 97372,19.790787,47.907564,6.14,M2III
HIP 97376,19.79105,38.407614,5.83,B8Vn
HIP 97402,19.796816,25.384058,6.0,K0II-III
Nu  Tel,19.800321,-56.362611,5.33,A9Vn
HIP 97423,19.80084,-13.703616,6.11,A6:IIIm...
63Eps Dra,19.80285,70.26793,3.84,G8III
HIP 97454,19.808476,10.6941,6.44,F8Ib-II
52Pi  Aql,19.811683,11.815896,5.75,F2V:+...
HIP 97484,19.813937,-12.319421,6.47,K5III
HIP 97485,19.814055,33.437283,6.42,B0.5Ibvar
HIP 97491,19.815301,-52.888109,6.27,K1III
8Zet Sge,19.816294,19.142042,5.01,A3V
HIP 97499,19.817279,-10.870763,6.0,K5III
HIP 97515,19.819889,-28.788972,6.04,F3V
HIP 97534,19.823694,-72.503378,5.39,A4III
HIP 97538,19.824306,38.710149,6.12,G6III
HIP 97569,19.831505,-66.813069,6.44,K4III
HIP 97572,19.831867,28.439674,6.45,B5V
HIP 97573,19.83217,27.085182,6.46,G8III
HIP 97598,19.837238,-47.557392,5.91,M1III
HIP 97607,19.838189,7.902419,6.49,B2.5IVe
HIP 97611,19.839376,-61.06112,6.21,B5V
19    Cyg,19.842776,38.722419,5.18,M2IIIa
HIP 97634,19.843702,40.599759,5.68,B1III
20    Cyg,19.843813,52.988001,5.03,K3IIIvar
HIP 97646,19.845775,-59.193667,5.41,A0IV
Altair,19.846388,8.868322,0.76,A7IV-V
51    Aql,19.846329,-10.763512,5.38,F0V
HIP 97651,19.846353,37.826324,6.13,M3III
HIP 97674,19.85032,-65.605087,6.04,F2III-IV
54Omi Aql,19.850456,10.415727,5.12,F8V
12    Vul,19.851141,22.610046,4.9,B2.5V
HIP 97687,19.853083,-2.46099,6.12,K5III
HIP 97697,19.854925,9.629887,6.25,A1m
HIP 97700,19.855382,47.377236,6.22,F2V
HIP 97709,19.857455,4.088632,6.47,K0...
HIP 97749,19.864056,-39.874367,5.32,A0p
HIP 97757,19.866408,47.027339,5.6,O9.5Ia
HIP 97765,19.867109,24.992162,5.54,A1Iab
HIP 97767,19.867623,11.628329,6.16,G0V
HIP 97774,19.868658,47.931795,5.91,B2III
57    Sgr,19.870001,-19.044991,5.88,K0III
HIP 97789,19.871226,36.432295,6.13,K4III
9    Sge,19.872712,18.671875,6.24,O8e
55Eta Aql,19.874547,1.005661,3.87,F6Ibv SB
HIP 97816,19.877143,-54.971026,5.76,G8/K0III
HIP 97819,19.877532,-54.976444,6.5,A2V
HIP 97845,19.88368,47.80772,6.3,B0.5IIIn
HIP 97849,19.885107,-14.603203,6.47,A1V
23    Cyg,19.88816,57.523482,5.14,B5V
HIP 97871,19.888538,-3.114464,5.63,A5pvar
13    Vul,19.891026,24.079614,4.57,B9.5III
HIP 97892,19.893168,59.70866,6.06,A3V
56    Aql,19.902299,-8.574211,5.76,K5III
Libertas,19.904134,8.461453,4.71,K0III
HIP 97944,19.904931,-23.941071,6.22,K3/K4V
HIP 97961,19.908632,24.319388,5.56,A0III
57    Aql,19.910459,-8.227289,5.7,B7Vn
57    Aql,19.910573,-8.237048,6.49,B8V
HIP 97970,19.911167,7.140353,6.14,A2V
HIP 97971,19.911235,-61.170792,6.21,A3V
58    Aql,19.912444,0.273627,5.6,A0III
HIP 97985,19.913403,36.995676,5.79,Fp
HIP 98012,19.918085,-33.046252,6.47,K2/K3III
Iot Sgr,19.921026,-41.868288,4.12,K0III
Alshain,19.921887,6.406763,3.71,G8IVvar
HIP 98038,19.922083,-6.73478,6.49,F2V
HIP 98044,19.922793,58.250193,6.1,G9III
24Psi Cyg,19.927167,52.438948,4.91,A4Vn
Terebellum,19.930651,-26.299506,4.7,G3/G5III
22    Cyg,19.931045,38.486705,4.95,B5IV
HIP 98073,19.932051,58.845969,4.98,K5II-III
10    Sge,19.933684,16.634799,5.71,G5Ibv SB
HIP 98086,19.933787,-81.34984,6.39,K3/K4III
61Phi Aql,19.937292,11.423721,5.28,A1IV
21Eta Cyg,19.938438,35.083424,3.89,K0IIIvar
HIP 98111,19.938622,56.687017,6.16,A4Vn
HIP 98143,19.945595,36.250599,6.03,B5IV
HIP 98146,19.94588,50.902523,6.46,A1V
59    Sgr,19.94912,-27.169899,4.54,K3III
HIP 98174,19.951749,-58.901351,5.24,B9.5IV
HIP 98194,19.953852,40.367824,5.46,B5V
11    Sge,19.962624,16.789163,5.54,B9III
HIP 98253,19.965588,42.260771,6.44,A3V
61    Sgr,19.965842,-15.49149,5.01,A2V
HIP 98308,19.974649,63.534135,6.15,A3V
HIP 98320,19.97621,38.105693,6.33,B5IV
HIP 98325,19.977216,30.983665,5.51,B9Vn
HIP 98332,19.978116,-69.163957,5.74,Am
HIP 98333,19.97828,70.366949,6.32,G8III
12Gam Sge,19.979285,19.492148,3.51,K5III
HIP 98346,19.981374,-68.762583,6.38,A2V
HIP 98351,19.982338,-30.538384,6.27,K1III
60    Sgr,19.982555,-26.195767,4.84,G8II/III
14    Vul,19.986261,23.101281,5.68,F0
HIP 98379,19.987595,52.055691,6.14,B5III
HIP 98383,19.989006,45.772541,5.92,A5III
HIP 98385,19.989623,1.377696,6.17,G8III
69    Dra,19.993522,76.481392,6.2,M3III
The1Sgr,19.995605,-35.276305,4.37,B2.5IV
HIP 98416,19.996485,-9.958238,5.87,F8V
The2Sgr,19.997595,-34.697799,5.3,A4/A5IV
25    Cyg,19.998665,37.042885,5.15,B3IV
13    Sge,20.000919,17.516511,5.33,M4IIIa
HIP 98458,20.004266,26.187887,6.49,G8II
HIP 98461,20.004425,-37.701719,5.95,G8/K0III
HIP 98470,20.005621,-33.703452,5.65,F7V
Mu 1Pav,20.006418,-66.94936,5.75,K0IV
HIP 98482,20.007042,-49.350946,6.18,K0III
HIP 98485,20.007356,-43.043302,6.11,M0III
Eps Pav,20.009845,-72.910504,3.97,A0V
HIP 98512,20.013424,-45.112918,5.8,A8III
HIP 98526,20.016383,8.557735,5.9,K5III
15    Vul,20.018346,27.753573,4.66,A4III
HIP 98563,20.020917,37.098996,6.23,K0III
26    Cyg,20.022655,50.104695,5.06,K1II-III
HIP 98575,20.023291,-22.737307,6.01,K0III
HIP 98579,20.024104,-40.814336,6.31,A2/A3V
64    Dra,20.024594,64.820974,5.22,M1III
HIP 98609,20.029086,24.800423,5.88,B4V
HIP 98608,20.029093,-59.375893,4.95,M6III
Mu 2Pav,20.03123,-66.943966,5.32,K2IVCN...
63    Sgr,20.032944,-13.637217,5.69,A1IV
16    Vul,20.03373,24.938043,5.23,F2III
65    Dra,20.03894,64.634419,6.27,G7III:
HIP 98661,20.039473,22.151458,6.5,B1Iab
62    Sgr,20.044299,-27.709845,4.43,M4III
HIP 98701,20.046892,31.958832,6.39,K1III
67Rho Dra,20.04696,67.873565,4.51,K3III
HIP 98738,20.054555,18.500993,5.99,K3Iab:
HIP 98754,20.058338,16.031255,5.73,B9MNp...
HIP 98761,20.059291,-37.940699,4.77,K4III
HIP 98767,20.060373,29.896805,5.73,G6IV+...
HIP 98772,20.060777,22.941058,6.45,K2
HIP 98785,20.062309,-22.595595,6.44,F7V
15    Sge,20.068399,17.070173,5.8,G1V
63Tau Aql,20.068976,7.277966,5.51,K0III
HIP 98842,20.072108,-32.056296,4.99,K1III/IV
62    Aql,20.073098,-0.709309,5.67,K4III
HIP 98858,20.074665,48.229664,6.16,A2IV
HIP 98863,20.076715,32.218598,5.62,B1.5Ia comp
HIP 98872,20.079032,63.890207,6.24,A2II-III
HIP 98890,20.081502,68.027159,6.32,M3IIIa
HIP 98910,20.084837,-11.599413,6.38,F1III
HIP 98915,20.085207,51.839398,6.14,M1IIIa
16Eta Sge,20.08597,19.991071,5.09,K2III
HIP 98921,20.086039,38.478457,6.18,G5IV
HIP 98946,20.089306,56.341422,6.19,F4V
HIP 98954,20.090707,15.500412,6.37,M2  comp
HIP 98959,20.092216,-67.320897,6.07,G2V
66    Dra,20.092444,61.99542,5.4,K3III
HIP 99024,20.103396,-4.07821,6.47,K0
HIP 99026,20.103823,53.165688,5.81,F5V
27    Cyg,20.106055,35.972468,5.38,K0IV
17    Vul,20.114835,23.614425,5.08,B3V
Xi  Tel,20.1231,-52.880793,4.93,M1II
HIP 99137,20.126412,-55.016012,6.26,F8V
HIP 99145,20.128178,34.422905,6.12,B5Ib
HIP 99158,20.130658,9.399833,6.43,F3V
64    Aql,20.13384,-0.678185,5.97,K1IV
HIP 99176,20.13514,16.66439,6.39,M3III
HIP 99188,20.135988,-52.577795,6.47,G3V
HIP 99200,20.139021,-66.354691,6.45,K5III
HIP 99221,20.14202,-10.062595,6.18,B9.5III
HIP 99234,20.143966,10.725867,6.34,B3IV
Del Pav,20.145157,-66.182068,3.55,G5IV-Vvar
1Kap Cep,20.148145,77.711419,4.38,B9III
HIP 99270,20.151066,-47.06793,6.46,K5III
HIP 99294,20.156212,56.026828,6.49,K0
28    Cyg,20.157116,36.839621,4.93,B2.5V
18    Vul,20.175982,26.904169,5.51,A3III
HIP 99445,20.184317,21.134579,6.24,K0
HIP 99453,20.185395,-57.524239,6.36,A1V
HIP 99457,20.186133,-8.842344,6.39,B1V
HIP 99461,20.186632,-36.101212,5.32,K2V
65The Aql,20.188413,-0.821461,3.24,B9.5III
HIP 99479,20.189171,21.874937,6.24,B1Ib
68    Dra,20.193007,62.078542,5.7,F5V
19    Vul,20.19666,26.80899,5.51,K3II-III
1Xi 1Cap,20.199416,-12.392403,6.34,K0III
20    Vul,20.200195,26.478806,5.91,B7Ve...
HIP 99570,20.206624,-42.780063,6.2,K2III
2Xi 2Cap,20.207186,-12.617497,5.84,F5V
HIP 99579,20.208812,51.463565,6.01,K1III:
HIP 99585,20.209757,0.867054,6.25,A0
HIP 99624,20.217894,-0.330796,6.47,K5
66    Aql,20.220523,-1.009339,5.44,K5III
30    Cyg,20.22168,46.815675,4.8,A5IIIn
33    Cyg,20.223288,56.567722,4.28,A3IV-Vn
HIP 99663,20.224331,60.640569,5.81,K5III
HIP 99666,20.22566,-47.713234,6.47,K2III
31    Cyg,20.227196,46.741329,3.8,K2II+...
HIP 99685,20.228559,43.379013,6.13,K4III
HIP 99719,20.234688,36.604881,6.47,A0V
21    Vul,20.237369,28.694817,5.19,A7IVn
67Rho Aql,20.237949,15.197609,4.94,A2V
HIP 99747,20.238617,-52.44577,5.65,K4III
HIP 99762,20.240815,-63.415789,6.09,F0IV
29    Cyg,20.242229,36.806302,4.93,A2V
HIP 99824,20.254415,25.591957,4.79,B3V
HIP 99825,20.254806,-27.032977,5.73,K3V
HIP 99841,20.256604,33.729084,5.7,K0III
32    Cyg,20.257867,47.714208,3.96,K3Ib-II comp
22    Vul,20.2584,23.508906,5.18,G2Ib SB
HIP 99870,20.262013,50.232903,6.36,A2Vn
23    Vul,20.262816,27.814242,4.5,K3III
HIP 99878,20.264057,-30.005278,6.3,K4III
HIP 99889,20.266837,45.579525,5.87,F5V:
HIP 99893,20.267619,38.898012,6.28,A1V
Chechia,20.268335,4.580795,6.44,G5
18    Sge,20.272163,21.5987,6.11,K1III
3    Cap,20.273001,-12.337119,6.3,B9IV
HIP 99920,20.273225,-36.453575,6.3,M4III
HIP 99929,20.274487,37.056395,6.47,B6III
24    Vul,20.279746,24.671102,5.3,G8III
HIP 99968,20.282024,40.365075,5.27,K5II
HIP 100016,20.291405,42.72206,6.32,K4II:
HIP 100017,20.291918,66.853687,5.91,G3V
HIP 100018,20.292092,29.147563,6.24,G9III
5Alp1Cap,20.29413,-12.508212,4.3,G3Ib
34    Cyg,20.296445,38.03293,4.77,B2pe
4    Cap,20.300388,-21.80996,5.86,G8III
Algedi,20.300904,-12.544852,3.58,G6/G8III
HIP 100069,20.301941,40.732082,5.83,O9V
HIP 100097,20.306876,55.397095,5.76,A2Vs
36    Cyg,20.307958,36.999803,5.58,A2V
35    Cyg,20.310853,34.982775,5.14,F5Ib
HIP 100142,20.313797,46.322194,6.46,B2V
HIP 100151,20.315548,-47.710774,6.28,M1III
HIP 100155,20.315983,39.004184,6.35,K5Ib
HIP 100165,20.317501,-63.230744,6.27,K0III
HIP 100184,20.32161,-47.580289,6.13,F5V
7Sig Cap,20.323223,-19.118533,5.28,K2III
HIP 100208,20.324805,13.216766,6.2,M1III
71    Dra,20.326863,62.257472,5.71,B9V
HIP 100232,20.328685,-1.078514,6.05,K0
HIP 100250,20.332234,46.837319,6.49,B9p Si
HIP 100256,20.333386,13.548091,5.96,A5m
HIP 100261,20.334998,68.880317,5.59,M5III
HIP 100268,20.337561,39.403226,6.22,A1V
HIP 100274,20.339034,14.569257,6.17,G8III
HIP 100276,20.339279,17.792928,5.82,K5III
HIP 100295,20.341844,53.595685,6.23,K5
HIP 100300,20.342309,-55.050882,6.27,M0/M1III
Alshat,20.344393,-12.75908,4.77,B9IV
HIP 100325,20.346263,-14.784892,6.09,B9.5III/IV
HIP 100332,20.347748,-35.673676,6.46,K3III
Dabih,20.350187,-14.781367,3.05,A5:n
HIP 100357,20.3532,63.980122,5.69,K5III
HIP 100379,20.357883,-66.74969,6.49,F6V
HIP 100412,20.361431,-49.999416,6.26,G2IV-V
HIP 100434,20.367516,41.132137,6.38,G5II+...
25    Vul,20.36762,24.446099,5.5,B8IIIn
HIP 100437,20.368156,45.794994,5.58,K0IIIvar
Sadr,20.370473,40.256679,2.23,F8Ib
Kap1Sgr,20.374305,-42.049548,5.6,A0V
HIP 100486,20.37703,31.264966,6.09,K2
HIP 100501,20.379249,41.026012,5.95,M0III
HIP 100511,20.381213,14.551098,6.16,F8V
HIP 100515,20.382089,42.983543,6.2,K0IIIvar
HIP 100524,20.383553,-9.65471,6.29,G5II-III
HIP 100541,20.386304,5.342987,5.3,G8III-IV
HIP 100574,20.395658,37.476449,5.87,B2Vne
39    Cyg,20.397671,32.190172,4.43,K3III
Kap2Sgr,20.398106,-42.422868,5.64,A3V
HIP 100651,20.408989,53.551934,6.49,B9.5III
HIP 100664,20.410416,1.068406,6.14,B9V
HIP 100672,20.411599,1.368563,6.41,K5
HIP 100697,20.415226,-83.310616,6.15,A2/A3m...
HIP 100714,20.418057,59.600097,6.44,A3III
HIP 100738,20.424119,-28.663269,5.86,G8II/III
Peacock,20.427459,-56.73509,1.94,B2IV
HIP 100754,20.427925,21.409642,5.68,G6III
HIP 100758,20.428479,-2.800378,6.1,K1III:
HIP 100762,20.428921,10.055999,6.32,K5IIIvar
HIP 100764,20.429985,-40.796184,6.08,K3III
HIP 100779,20.433657,19.865494,6.45,K0III
HIP 100781,20.433777,13.911612,6.35,K5
HIP 100807,20.439765,17.315559,6.23,K0
HIP 100808,20.439853,56.638698,6.38,B9V
HIP 100852,20.448052,-37.402905,6.24,K1IV
43    Cyg,20.450624,49.383367,5.73,F0V:
HIP 100866,20.452159,34.329069,6.39,F1II
HIP 100876,20.453942,20.476485,6.44,K0
10Pi  Cap,20.455336,-18.211721,5.08,B4V
40    Cyg,20.459517,38.440332,5.63,A3V
HIP 100953,20.468761,8.437448,6.23,G9III
75    Dra,20.470687,81.422708,5.38,G9III
HIP 100969,20.471331,2.937161,6.2,G8III
68    Aql,20.473585,-3.357794,6.12,B9V
HIP 101011,20.478775,-15.741499,6.41,G8III
HIP 101017,20.479649,-35.595863,6.09,B8II/III
11Rho Cap,20.481004,-17.813687,4.77,F3V
HIP 101044,20.48412,83.625417,6.19,A4m
42    Cyg,20.488997,36.454729,5.9,A1Ib
41    Cyg,20.489926,30.368555,4.01,F5II
HIP 101084,20.490863,56.06819,5.89,B9Vn
74    Dra,20.490931,81.091277,5.96,K0III+...
HIP 101090,20.492039,-22.391567,6.13,K5III
2The Cep,20.493015,62.994105,4.21,A7III
69    Aql,20.494167,-2.885531,4.91,K2III
12Omi Cap,20.498307,-18.583178,5.94,A1V
HIP 101133,20.499978,45.928556,6.43,K2+...
HIP 101134,20.5002,72.531703,6.23,K4III:
45Ome1Cyg,20.500983,48.951569,4.94,B2.5IV
1    Del,20.50499,10.895924,6.03,A1sh
HIP 101211,20.515778,-29.112666,6.35,A5V
HIP 101213,20.516153,20.606148,6.21,A1m
44    Cyg,20.516453,36.935839,6.21,F5Iab
HIP 101221,20.517863,-15.056168,6.1,K1/K2III+..
46Ome2Cyg,20.521893,49.220297,5.44,M2III
HIP 101245,20.522538,52.309526,6.2,K0III
73    Dra,20.525112,74.954619,5.18,A0p...
HIP 101268,20.52674,34.330373,6.47,F2
HIP 101285,20.529586,56.779858,6.14,K5III
HIP 101300,20.532836,25.804977,6.37,Am
HIP 101339,20.539004,2.132808,6.47,K2
HIP 101345,20.539915,-9.853384,5.66,G3V
HIP 101384,20.547877,-24.943829,6.35,A0V
Aldulfin,20.553547,11.303263,4.03,B6III
HIP 101427,20.554894,-80.964862,5.76,G6/G8II
HIP 101467,20.563487,41.772658,6.5,K0III-IV
47    Cyg,20.565052,35.250852,4.61,K2Ib comp
HIP 101475,20.565234,46.693866,5.78,B9sp...
Nu  Mic,20.565297,-44.516048,5.12,K0III
3Eta Del,20.565845,13.027255,5.39,A3IVs
HIP 101489,20.566646,4.898664,6.42,K0
HIP 101505,20.56944,20.985185,6.49,B3IV
HIP 101507,20.569916,-13.721091,6.11,G0V
HIP 101552,20.57983,-30.473472,6.42,B8V
HIP 101556,20.580668,51.854221,6.19,A9II
HIP 101558,20.582076,-38.08989,6.45,A5m...
HIP 101570,20.585088,-71.188779,6.41,K2III
4Zet Del,20.588482,14.674213,4.64,A3V
HIP 101608,20.592293,-16.525879,6.19,A5II/III
Phi1Pav,20.593003,-60.581749,4.75,F1III
HIP 101623,20.596614,-44.337606,6.36,K1III
HIP 101626,20.597691,-69.610586,6.09,K2III
26    Vul,20.602316,25.882648,6.4,A5III
HIP 101684,20.610648,-63.120963,6.34,F2V
70    Aql,20.61212,-2.549957,4.91,K5II
27    Vul,20.617964,26.461947,5.59,B9V
HIP 101746,20.621773,0.096978,6.21,B8IIIp
HIP 101756,20.623217,38.328665,6.21,K0III
48    Cyg,20.625494,31.57254,6.32,B8IIIn
Rotanev,20.625816,14.595087,3.64,F5IV
Alp Ind,20.626116,-47.291502,3.11,K0III
Rho Pav,20.626465,-61.529918,4.86,Fm delta Del
5Iot Del,20.630311,11.377676,5.42,A2V
HIP 101808,20.631173,-25.10922,6.38,A9V
HIP 101810,20.631869,18.26858,6.22,M6III
HIP 101843,20.638501,-81.289063,5.89,K5III
71    Aql,20.638967,-1.105121,4.31,G8III SB
29    Vul,20.642038,21.201174,4.81,A0V
28    Vul,20.642198,24.115958,5.06,B5IV
HIP 101870,20.643053,23.680494,5.91,K0II-III+..
8The Del,20.645552,13.315125,5.69,K3Ib
HIP 101899,20.649867,30.334265,5.68,K2III
HIP 101900,20.650051,56.00485,6.45,F2Vn
HIP 101909,20.65138,15.838199,5.99,B3V
HIP 101911,20.651628,-4.929494,6.46,K0
7Kap Del,20.652161,10.086203,5.07,G5IV+...
HIP 101919,20.652958,21.817444,6.08,A0III
HIP 101921,20.653681,-2.412975,6.23,B7IIIn
14Tau Cap,20.654533,-14.95476,5.24,B7III
1    Aqr,20.656914,0.486445,5.15,K1III
HIP 101949,20.659254,40.579658,6.07,B6IIIp Mn
Sualocin,20.660635,15.912072,3.77,B9V
HIP 101965,20.664371,-62.907802,6.22,K1III
HIP 101966,20.66441,11.249649,6.39,F8IV:
Phi2Pav,20.667347,-60.548892,5.11,F8V
15Ups Cap,20.667485,-18.138659,5.15,M1III
HIP 101986,20.667549,43.458878,5.97,K2III
HIP 101997,20.669925,-23.773867,6.36,G8/K0V
HIP 102011,20.671635,60.505264,6.02,F6IV
HIP 102014,20.672174,-33.431843,5.47,K1III
HIP 102026,20.6757,-16.12418,5.79,K0III
HIP 102033,20.676743,29.805552,6.02,A2V
HIP 102040,20.679205,19.935536,6.43,G5V
HIP 102057,20.682117,-42.396689,6.25,G6III
49    Cyg,20.684039,32.307287,5.53,G8IIb
10    Del,20.687836,14.58288,6.01,K4III:
HIP 102092,20.689902,-31.598289,5.75,M1III
HIP 102094,20.690073,-25.999911,6.29,K2III
HIP 102096,20.690182,-42.13378,6.28,M3II
Deneb,20.690532,45.280338,1.25,A2Ia
HIP 102155,20.699028,41.716875,5.68,B8II-III
Ups Pav,20.699186,-66.760682,5.14,B8Vvar
HIP 102158,20.69949,17.521489,6.24,G8III
Mu 1Oct,20.700731,-76.180592,5.99,F4III-IV
51    Cyg,20.703508,50.34003,5.41,B2V
76    Dra,20.709755,82.531158,5.75,A0V
HIP 102216,20.711025,60.601316,6.17,A2IV
HIP 102230,20.71471,-39.55883,6.3,K1III
4    Cep,20.719722,66.657447,5.59,A8V
HIP 102258,20.720468,57.113996,6.34,B2III
HIP 102276,20.723387,35.587801,6.48,G8Ib
11Del Del,20.724315,15.074581,4.43,A7IIIp d Del
Eta Ind,20.733966,-51.920971,4.51,A6:var
HIP 102358,20.739457,56.488405,5.91,M3III
HIP 102370,20.742518,69.751813,6.5,G8III
30    Vul,20.747919,25.270617,4.92,K2III
Bet Pav,20.749314,-66.203212,3.42,A5IV
HIP 102414,20.753645,-27.24728,6.5,G8III
3Eta Cep,20.754811,61.838782,3.41,K0IV
HIP 102431,20.755878,57.579725,4.52,F8IV-V
52    Cyg,20.761043,30.719715,4.22,K0III
16Psi Cap,20.76826,-25.270898,4.13,F5V
17    Cap,20.769441,-21.514032,5.91,A1V
Aljanah,20.770178,33.970256,2.48,K0III
HIP 102496,20.771834,-36.120152,6.49,F3/F5V
HIP 102497,20.772238,-39.199262,5.48,B8/B9V
HIP 102499,20.772566,52.995297,6.34,K0
HIP 102530,20.777388,46.531692,6.3,A3V
12Gam1Del,20.777462,16.124134,5.15,A2Ia+...
12Gam2Del,20.77764,16.124296,4.27,K1IV
HIP 102561,20.784323,-2.486912,6.28,K2
HIP 102571,20.786319,34.374123,4.93,K3IIIvar
HIP 102585,20.789102,45.579934,6.41,K3III
54Lam Cyg,20.790149,36.490717,4.53,B6IV
HIP 102599,20.79265,80.552262,5.36,K1III
Albali,20.794598,-9.495776,3.78,A1V
3    Aqr,20.795621,-5.027701,4.43,M3IIIvar
HIP 102631,20.796633,3.306467,6.38,A0Vn
13    Del,20.796759,6.008209,5.57,A0V
HIP 102635,20.797025,47.831869,5.6,K5III
HIP 102642,20.798038,52.407167,6.29,K0V:
HIP 102670,20.805115,-44.196832,6.47,K1IV
Iot Mic,20.808084,-43.988544,5.11,F1IV
HIP 102712,20.811872,51.910331,6.26,B8np
55    Cyg,20.815637,46.114134,4.81,B3Ia
HIP 102770,20.821455,-0.563337,6.24,M3
HIP 102771,20.821498,64.042257,6.45,B0.5V
HIP 102772,20.821559,-25.78124,5.86,B8II
Sig Pav,20.821733,-68.776521,5.41,K0III
HIP 102780,20.822373,-18.035855,6.2,K3III
Zet Ind,20.824709,-46.226826,4.9,K5III
HIP 102804,20.827134,50.127082,6.5,F7V: comp
15    Del,20.827158,12.545128,6.01,F5V
14    Del,20.830072,7.864185,6.32,A1Vs
HIP 102827,20.831846,46.661337,6.33,B4V
Alp Mic,20.8328,-33.779722,4.89,G8III
HIP 102833,20.833082,5.54456,6.2,K0
56    Cyg,20.834695,44.059304,5.06,A4me...
HIP 102891,20.844938,-12.544906,5.87,K1III
HIP 102901,20.84643,-32.054604,6.42,K5III
HIP 102916,20.850211,-37.913332,5.52,K3III
4    Aqr,20.857152,-5.626633,5.99,F5IV-V
HIP 102949,20.857844,28.250505,5.66,F5Ib
Iot Ind,20.858347,-51.608179,5.06,K1II/III
HIP 102962,20.860681,-62.429335,5.67,A2
18Ome Cap,20.863692,-26.919133,4.12,K4III
Bet Mic,20.866322,-33.177974,6.06,A1IV
HIP 102993,20.866775,32.848894,6.42,B3III
31    Vul,20.868801,27.096979,4.56,G8III
5    Aqr,20.869082,-5.507059,5.55,B9III
6Mu  Aqr,20.877565,-8.983318,4.73,A3m
HIP 103071,20.883653,-23.783203,6.32,K0III
HIP 103077,20.884888,-11.573659,6.38,G1V
HIP 103079,20.88538,29.649097,6.36,K2
57    Cyg,20.887431,44.38726,4.8,B5V
HIP 103094,20.88849,45.181673,5.48,K0II
HIP 103103,20.890266,-30.718954,6.35,K1III
HIP 103127,20.894494,-39.809865,5.34,K2III
HIP 103145,20.898304,33.437891,5.47,K5III
HIP 103154,20.899552,-6.889461,6.44,F1IV
HIP 103168,20.901825,-27.925239,6.41,M1III
32    Vul,20.909344,28.057621,5.03,K4III
HIP 103206,20.909751,-50.727341,6.23,B5IV
HIP 103219,20.912304,75.92557,5.99,G5III
19    Cap,20.913283,-17.922894,5.78,K0III
Bet Ind,20.913498,-58.454155,3.67,K0III
17    Del,20.926858,13.721536,5.19,K0III
16    Del,20.927381,12.568558,5.54,A4V
HIP 103301,20.927966,4.532723,6.04,G6III-IV
HIP 103312,20.930501,47.417656,5.68,B8Ia
HIP 103346,20.938058,56.887519,6.23,B2.5IV
HIP 103359,20.940407,50.728598,5.83,F0III
HIP 103360,20.940526,49.195847,5.92,G8II-III
HIP 103371,20.942994,44.924722,5.96,O6...
HIP 103389,20.946479,-26.296378,5.7,F7V
7    Aqr,20.948341,-9.697545,5.49,K5III
58Nu  Cyg,20.952893,41.167136,3.94,A1Vn
HIP 103414,20.952938,0.463779,6.06,K2III
HIP 103460,20.96129,-16.031539,5.89,A2/A3III
33    Vul,20.971209,22.325908,5.3,K4III
HIP 103519,20.972067,44.471711,5.55,G8III
Musica,20.973871,10.839286,5.51,G6III:
HIP 103530,20.975009,50.461791,5.59,B5Vn
HIP 103532,20.975264,41.939925,6.17,B7III
HIP 103545,20.978289,-14.483128,5.95,A9V
1Eps Equ,20.984577,4.293481,5.3,F5III...
HIP 103571,20.984753,4.29461,5.24,G0V
HIP 103596,20.990171,42.324466,6.47,B9
HIP 103598,20.990377,59.438594,5.54,K4III
20    Cap,20.993372,-19.035283,6.26,Ap Si
59    Cyg,20.997098,47.520951,4.74,B1ne
HIP 103646,20.999911,-36.129641,6.1,F2V
HIP 103652,21.001106,7.516197,5.98,A7V
HIP 103673,21.005976,-51.265312,5.76,F5IV-V
HIP 103675,21.007691,19.329581,5.69,M3III
11    Aqr,21.0094,-4.730261,6.21,G1V
HIP 103693,21.012061,-53.73907,6.26,K5/M0III
HIP 103703,21.014379,-17.530898,6.07,K3III
60    Cyg,21.019702,46.155773,5.38,B1V
HIP 103734,21.02024,36.02601,6.01,G5III
Gam Mic,21.021517,-32.257767,4.67,G8III
HIP 103752,21.02445,-68.209593,6.36,A2V
HIP 103777,21.029244,-26.880993,6.04,A3V
HIP 103810,21.035834,56.669614,5.83,B8III
HIP 103822,21.039155,39.509035,6.5,A1V comp
HIP 103828,21.040056,44.79098,6.18,M3Ib-II:
HIP 103836,21.040873,-38.53097,5.93,K2III
HIP 103871,21.046838,45.84889,6.5,B3Vn
Zet Mic,21.049433,-38.631447,5.32,F3V
HIP 103889,21.049896,-0.924744,6.5,B6V
HIP 103891,21.050498,14.730026,6.33,M1III
HIP 103892,21.05084,1.532061,6.24,F5V
HIP 103894,21.051343,38.657415,6.1,G8III
HIP 103902,21.05283,-27.731594,6.25,K0III
HIP 103929,21.057241,50.351914,6.37,K0
HIP 103949,21.062077,46.86315,6.32,F0IVn
HIP 103956,21.063225,53.2859,5.93,K0III
HIP 103963,21.064482,41.628175,6.34,F3IV
12    Aqr,21.067979,-5.823066,5.53,G4
22Eta Cap,21.073417,-19.854991,4.82,A5V
3    Equ,21.076292,5.502862,5.63,K5III
HIP 104041,21.078233,2.942274,6.41,K0
Alp Oct,21.078621,-77.023767,5.13,F4III
HIP 104048,21.079271,2.269771,6.34,G5
62Xi  Cyg,21.082184,43.927852,3.72,K5Ibv SB
Mu  Ind,21.08729,-54.727042,5.17,K2III
4    Equ,21.090756,5.958199,5.94,F8V
HIP 104105,21.09145,78.126392,5.91,B8Vn
23The Cap,21.099118,-17.232861,4.08,A1V
Del Mic,21.100317,-30.12512,5.69,K0/K1III
HIP 104171,21.10649,71.431797,5.88,F3IV
HIP 104172,21.106521,26.924362,6.13,K0II-III
HIP 104174,21.106855,-32.341618,5.2,K2III
Eta Mic,21.107087,-41.385965,5.55,K3III
HIP 104185,21.108401,31.184657,5.77,F7.5Ib-IIv
63    Cyg,21.110026,47.648403,4.56,K4II
HIP 104202,21.111067,3.803119,6.48,K0
61    Cyg,21.114794,38.749415,5.2,K5V
61    Cyg,21.115163,38.742055,6.05,K7V
24    Cap,21.118797,-25.005853,4.49,K5/M0III
HIP 104281,21.126012,15.658657,6.27,K2IV
HIP 104296,21.129033,-45.379469,6.45,A9V
HIP 104297,21.129082,-17.455902,6.18,B9.5V
HIP 104357,21.14115,6.989358,6.14,K5III
HIP 104364,21.142417,-63.92826,5.75,K0III
25Chi Cap,21.142673,-21.193669,5.3,A0V
HIP 104371,21.144135,30.205637,5.6,B9V
Polaris Australis,21.146119,-88.956499,5.45,F0III
HIP 104440,21.156052,-73.172968,5.67,G3IV
HIP 104441,21.156203,-36.705937,6.47,F7V
27    Cap,21.159165,-20.556661,6.25,F2IV/V
13Nu  Aqr,21.159902,-11.371693,4.5,G8III
HIP 104481,21.166185,2.943681,6.44,F5IV
HIP 104516,21.17099,53.5631,5.75,B9III
5Gam Equ,21.172361,10.131579,4.7,F0p
HIP 104537,21.175266,47.692224,6.46,B6IV
6    Equ,21.175365,10.048922,6.07,A2Vs
HIP 104557,21.179705,-9.354074,6.27,K0III
HIP 104597,21.189135,-72.544353,6.18,K1III
HIP 104634,21.194816,-14.472378,6.47,Fm delta Del
HIP 104642,21.196733,59.98661,5.64,B0V
HIP 104680,21.203806,-40.269362,5.83,F5IV
64Zet Cyg,21.215607,30.226916,3.21,G8II SB
HIP 104738,21.21751,-39.424922,5.25,F5V
HIP 104750,21.221479,-27.619333,5.41,K3III
HIP 104752,21.221933,-36.423527,5.97,K0III
Omi Pav,21.222351,-70.126267,5.06,M2III
HIP 104756,21.222665,81.230972,6.12,A3IV
HIP 104765,21.224007,36.633263,6.07,F0III
HIP 104771,21.224663,15.982395,6.27,A7Vn
HIP 104788,21.228464,64.403952,6.38,G2IV+...
HIP 104822,21.23619,29.900959,6.18,G2Ib
7Del Equ,21.241337,10.006981,4.47,F5V+...
HIP 104872,21.243625,0.092256,6.38,M1III
65Tau Cyg,21.246517,38.045317,3.74,F1IV
HIP 104914,21.251839,-17.345138,6.05,K0III
HIP 104925,21.253991,-40.506065,6.2,K1III
HIP 104962,21.260327,47.973995,6.45,B4IV
28Phi Cap,21.260528,-20.651696,5.17,K0II/III
HIP 104968,21.261779,77.012296,5.92,K5III
29    Cap,21.262456,-15.1715,5.31,M2III
HIP 104978,21.262738,-53.263084,5.73,A6IV
HIP 104980,21.262995,-36.210709,6.13,K3III
Kitalpha,21.263731,5.247845,3.92,G0III+...
HIP 105017,21.271424,44.238222,6.36,K0III+...
HIP 105019,21.271604,-9.214656,6.45,M4III:
HIP 105034,21.274894,42.251787,6.23,K2
HIP 105046,21.277631,-1.607759,6.48,K0
HIP 105064,21.283899,53.997693,6.12,A1V
HIP 105079,21.287094,-13.278989,6.41,A1V
HIP 105080,21.287289,55.798001,6.0,K3III
HIP 105091,21.288553,58.611485,6.42,B2III
HIP 105101,21.289773,42.683572,6.17,B7Vn
67Sig Cyg,21.290265,39.394681,4.22,B9Iab
66Ups Cyg,21.298632,34.896898,4.41,B2Vne
Eps Mic,21.298966,-32.172539,4.71,A0V
30    Cap,21.299246,-17.985138,5.4,B5II/III
HIP 105148,21.300132,-64.68158,6.32,B8V
15    Aqr,21.303076,-4.519478,5.83,B5V
68    Cyg,21.307551,43.945945,5.04,O8
HIP 105193,21.309008,61.184393,6.43,M3
Alderamin,21.30963,62.585573,2.45,A7IV-V
HIP 105224,21.314452,11.203373,5.97,K5III
HIP 105228,21.315055,-28.76582,6.4,K0IV
HIP 105229,21.315369,41.040518,6.15,A5IV
HIP 105259,21.321025,58.623502,5.51,B3Vv comp
HIP 105269,21.322828,38.237473,5.89,F2Ib
6    Cep,21.322838,64.871855,5.19,B3IVe
HIP 105282,21.324652,49.510294,5.75,B6V
The Ind,21.331096,-53.449427,4.39,A5V
HIP 105334,21.335968,-45.021893,6.15,C5II
HIP 105344,21.337242,22.026186,6.29,B6IV
HIP 105370,21.342632,60.756405,6.11,G5III
The1Mic,21.346008,-40.809465,4.8,A2p
HIP 105390,21.347235,32.452221,6.45,G8IV
HIP 105406,21.350396,40.345066,6.39,F8V
HIP 105411,21.351217,23.855966,5.58,K1III
16    Aqr,21.351199,-4.560125,5.87,G7III:
9    Equ,21.35134,7.354503,5.81,M2III
HIP 105425,21.354611,-49.938248,6.4,K3III
HIP 105432,21.356094,32.612733,6.05,A1V
HIP 105497,21.36678,49.388848,5.68,K0III
1    Peg,21.36811,19.804508,4.08,K1III
32Iot Cap,21.370776,-16.834542,4.28,G8III
HIP 105558,21.378348,30.309882,6.07,K1III
10Bet Equ,21.381559,6.81114,5.16,A3V
17    Aqr,21.382293,-9.31933,5.99,M0III
HIP 105576,21.38347,-22.669048,5.63,M0III
HIP 105637,21.396775,37.351481,6.46,K5
HIP 105646,21.398859,-25.202484,6.47,K1III
HIP 105652,21.399672,24.274135,5.7,F1IV
HIP 105660,21.402069,25.312423,6.2,A2V
HIP 105662,21.402202,-22.747101,6.38,K0III
33    Cap,21.402665,-20.851869,5.38,K0III
18    Aqr,21.403192,-12.878108,5.48,F0V
HIP 105678,21.40465,-69.733882,6.28,C5II
HIP 105685,21.405786,-46.614706,6.3,A5m...
HIP 105689,21.406426,24.528393,6.35,K0III
HIP 105695,21.406823,10.174252,6.33,F5III
The2Mic,21.406893,-41.006695,5.76,A0III
HIP 105703,21.409445,26.17456,5.67,A8III
HIP 105727,21.413729,80.524826,5.97,G6III:
20    Aqr,21.414354,-3.398357,6.38,F0III
19    Aqr,21.420285,-9.748552,5.71,F0IV
21    Aqr,21.421377,-3.556747,5.48,K4III
HIP 105768,21.421673,-71.799061,6.09,K2III
HIP 105769,21.422083,46.714341,5.59,F0V
69    Cyg,21.429729,36.667386,5.93,B0Ib
HIP 105819,21.430996,0.53434,6.45,A1IV
Gam Ind,21.437622,-54.660459,6.1,F1III
HIP 105854,21.43968,-37.829429,5.64,K2III
Gam Pav,21.440705,-65.366198,4.21,F6V
HIP 105860,21.440739,19.37564,6.08,A8m
HIP 105864,21.441126,1.103359,6.12,F5V
34Zet Cap,21.444452,-22.411332,3.77,G4Ibp...
HIP 105891,21.445823,52.898537,6.01,B6V
HIP 105898,21.447668,48.835168,5.29,A6pe...
HIP 105913,21.450454,-42.54793,5.5,Am
35    Cap,21.454117,-21.19621,5.78,K3III
70    Cyg,21.455935,37.116798,5.3,B3V
HIP 105949,21.457025,59.750075,6.11,M3II-III...
35    Vul,21.461126,27.608593,5.39,A1V
7    Cep,21.46282,66.809096,5.42,B7V
HIP 106003,21.468955,32.22533,5.75,F0V
HIP 106021,21.473566,8.195645,6.39,M1
Alfirk,21.477662,70.560716,3.23,B2IIIv SB
36    Cap,21.478721,-21.80718,4.5,K0III
HIP 106044,21.479121,-69.505386,5.47,M5III
HIP 106052,21.481314,55.418702,6.14,B8III
HIP 106062,21.483271,22.179436,5.84,M4III
HIP 106064,21.48331,17.905909,6.42,K5
HIP 106065,21.483366,-53.705912,6.39,K2IIICN...
71    Cyg,21.490816,46.540585,5.22,K0III
HIP 106103,21.492916,6.581379,6.41,K0
2    Peg,21.499137,23.638838,4.52,M1III
HIP 106171,21.505645,52.957998,6.02,A3V
HIP 106227,21.51647,60.459432,5.53,B1II
HIP 106243,21.519341,12.137475,6.1,B9.5V
HIP 106267,21.524295,52.619856,6.17,G2Ib+...
Sadalsuud,21.525982,-5.571172,2.9,G0Ib
HIP 106306,21.530598,23.845179,6.43,G8Ib
HIP 106320,21.534134,-84.810069,6.42,K3III
Xi  Gru,21.534965,-41.17931,5.29,K0III
6    PsA,21.537381,-33.944623,5.97,A2V
HIP 106363,21.542572,-24.590418,6.43,A7V
HIP 106393,21.549052,49.977629,5.77,A0V
HIP 106419,21.554893,-52.737773,6.43,K4III
HIP 106420,21.554968,45.854014,6.27,K1Ibvar
HIP 106424,21.555856,-80.039361,6.47,A0V
HIP 106429,21.556534,-44.8487,5.57,K0III
HIP 106474,21.565135,-82.683084,6.35,B3IV
73Rho Cyg,21.56635,45.591837,3.98,G8III
HIP 106500,21.571434,-42.924679,6.32,K1IIICN...
HIP 106518,21.574295,51.698465,6.17,B9III
HIP 106527,21.576104,22.754521,6.45,F7V
HIP 106544,21.578547,1.829161,6.41,M3
HIP 106550,21.57942,18.328929,6.47,K2
72    Cyg,21.579596,38.534054,4.87,K1III
37    Cap,21.580848,-20.084274,5.7,F5V
HIP 106564,21.581389,-29.696117,6.42,B8IIIw
HIP 106590,21.587765,-23.454313,6.39,K1III
HIP 106592,21.588228,-3.983305,5.79,G9III:
HIP 106595,21.58864,28.197607,6.25,F0IV
HIP 106604,21.590533,68.21929,6.47,Ap Si
HIP 106605,21.590843,24.452161,6.22,A4V
HIP 106642,21.600689,45.374591,5.96,M4IIIe-M6e
HIP 106643,21.6014,15.081993,6.5,G8II
8    PsA,21.603046,-26.171516,5.73,A7/A8IV
HIP 106661,21.603885,30.055422,6.36,G8III-IV
7    PsA,21.613553,-33.047896,6.1,A5V
74    Cyg,21.615827,40.413521,5.04,A5V
39Eps Cap,21.618008,-19.466011,4.51,B3V:p
HIP 106752,21.62441,44.69655,6.19,A7III
HIP 106758,21.626044,-0.390562,6.22,A2V
HIP 106771,21.627447,54.042192,6.16,K1III
3    Peg,21.62879,6.618391,6.19,A2V
Bunda,21.629197,-7.854201,4.68,A7V
5    Peg,21.629285,19.318607,5.46,F1IV
9    Cep,21.632007,62.08194,4.76,B2Ib
HIP 106818,21.634118,-64.824167,6.22,A0/A1IV
4    Peg,21.642205,5.771742,5.66,A9IV-Vn
HIP 106872,21.645878,25.498829,6.18,G9III
HIP 106881,21.648943,-79.442583,6.17,F4IV
HIP 106886,21.649339,57.489037,5.74,O6 (f)
HIP 106897,21.650329,20.265451,5.77,F2V
HIP 106907,21.651697,-33.678856,6.28,G8IV
HIP 106938,21.657808,-10.576896,6.07,K0
25    Aqr,21.65924,2.243558,5.1,K0III
HIP 106978,21.66659,-52.35901,6.2,F7III
Nashira,21.668181,-16.662308,3.69,A7III:mp...
75    Cyg,21.669749,43.273839,5.09,M1IIIvar
HIP 107030,21.676029,-55.737977,6.33,K0III-IV
HIP 107041,21.678696,54.872149,6.16,K0III
Nu  Oct,21.691253,-77.390046,3.73,K0III
42    Cap,21.692462,-14.047611,5.16,G2V
76    Cyg,21.69285,40.805222,6.07,A2V
11    Cep,21.698652,71.311417,4.55,K0III
41    Cap,21.700192,-23.262858,5.24,K0III
HIP 107129,21.700301,35.5102,5.98,C6.3
Azelfafage,21.701573,51.189622,4.69,B3IV
HIP 107140,21.702321,45.765697,6.11,M4.5
26    Aqr,21.702809,1.285253,5.66,K2III
7    Peg,21.704292,5.680137,5.3,M2III
77    Cyg,21.706376,41.077019,5.73,A0V
HIP 107173,21.709155,10.824314,6.06,B5IV
HIP 107186,21.71078,49.600257,6.1,G8II
43Kap Cap,21.710973,-18.866323,4.72,G8III
HIP 107197,21.712603,59.270844,6.1,K1III
HIP 107230,21.717806,72.320084,5.18,K0III
44    Cap,21.717888,-14.399709,5.88,A9/F0V
HIP 107235,21.718465,41.15497,5.51,M2III
HIP 107238,21.720425,-19.620961,6.23,A0m...
79    Cyg,21.723791,38.283589,5.69,A0V
Mu  Cep,21.725127,58.780046,4.23,M2Ia
HIP 107271,21.727714,7.528657,6.47,K0
HIP 107297,21.732808,22.815289,6.43,K2
HIP 107299,21.73308,-57.325247,6.49,F7IV/V
45    Cap,21.733602,-14.74937,5.96,A7IV/V
78Mu 1Cyg,21.73571,28.742632,4.49,F6V
Enif,21.736433,9.875011,2.38,K2Ibvar
HIP 107344,21.741516,-38.55253,6.28,K1IIICN...
9    Peg,21.74186,17.350017,4.34,G5Ib
HIP 107350,21.742035,14.771939,5.96,G0V
10Kap Peg,21.744092,25.645036,4.14,F5IV
HIP 107374,21.748134,62.460567,5.94,O9II
9Iot PsA,21.749113,-33.025781,4.35,B9.5V
46    Cap,21.750071,-9.082428,5.1,G8II-III
HIP 107398,21.753444,52.267577,6.4,K5Ib
HIP 107409,21.755198,-49.498761,6.46,K1III
10Nu  Cep,21.75748,61.120806,4.25,A2Iavar
HIP 107423,21.758004,-71.008849,6.02,B8IV
HIP 107445,21.762361,35.857311,6.44,G8III
12    Peg,21.767879,22.94888,5.29,K0Ib
47    Cap,21.771186,-9.275935,6.0,M3III
HIP 107502,21.773316,25.563504,6.28,K3III:
48Lam Cap,21.775583,-11.365954,5.57,A1V
81Pi 2Cyg,21.779891,49.30957,4.23,B3III
HIP 107555,21.783573,70.150882,6.45,A0V
Deneb Algedi,21.784011,-16.127286,2.85,A5mF2 (IV)
HIP 107558,21.784655,17.194041,6.18,F3V
11    Peg,21.787212,2.686124,5.63,A1V
12    Cep,21.790362,60.692689,5.53,M1III
HIP 107596,21.793955,-5.916802,6.17,A7V
10The PsA,21.795598,-30.898304,5.02,A1V
HIP 107637,21.802333,36.580388,6.25,K5
HIP 107649,21.804363,-47.303615,5.57,G2V
HIP 107664,21.808154,38.648575,6.1,B8V
HIP 107710,21.81892,66.792032,6.49,F3IV
HIP 107723,21.821948,61.27276,6.18,M1II-III
HIP 107734,21.82413,20.462446,6.27,B2V
HIP 107749,21.827804,41.148787,6.48,A2Ib
HIP 107750,21.828061,-12.722865,6.31,A1/A2III
14    Peg,21.830748,30.174215,5.07,A1Vs
HIP 107773,21.833369,-64.712537,5.62,K1III
13    Peg,21.835749,17.285851,5.34,F2III-IV
HIP 107797,21.836939,-16.844914,6.38,K3III
Omi Ind,21.846448,-69.629416,5.52,M0III
Lam Oct,21.848413,-82.718904,5.27,G8/K0III+..
HIP 107856,21.851383,39.536658,6.2,B9p HgMn
HIP 107887,21.859513,19.826682,5.78,B8III
HIP 107893,21.860347,65.75271,6.37,Am+...
HIP 107901,21.861595,-18.62294,6.19,F0V
HIP 107930,21.866954,55.796743,5.7,B6IV-V
HIP 107956,21.871717,21.273162,6.27,M8III
15    Peg,21.874978,28.793538,5.52,F6IVwvar
16    Peg,21.88438,25.92514,5.09,B3V
51Mu  Cap,21.888268,-13.551768,5.08,F3IV
HIP 108060,21.893717,19.668437,5.69,A0Vs
Aldhanab,21.898808,-37.364852,3.0,B8III
HIP 108090,21.89938,6.864804,6.14,G0IIIs
HIP 108102,21.902881,-4.27618,5.71,K2III
HIP 108119,21.904839,19.718121,6.36,K0III+...
HIP 108133,21.907374,80.308559,6.43,M3
HIP 108144,21.909976,-3.301272,6.24,F5IV
13    Cep,21.914766,56.611227,5.74,B8Ibvar
HIP 108195,21.919823,-61.886608,5.92,F1III
HIP 108209,21.922388,61.54181,6.17,G8Ib...
HIP 108226,21.925276,65.320809,5.84,B2.5Ve
HIP 108259,21.932121,-30.60592,6.41,G8III
HIP 108268,21.934288,-52.46376,6.5,G6III
Pi  Ind,21.937235,-57.899591,6.17,A3m...
HIP 108294,21.939659,-37.253655,5.45,A3V
HIP 108296,21.939996,21.239858,6.39,K5V
HIP 108317,21.944207,63.625557,5.11,M2 comp
17    Peg,21.948992,12.076492,5.54,A2Vnn
HIP 108347,21.950597,-37.746844,6.18,F2/F3V
HIP 108364,21.953082,66.156153,6.41,B2V
HIP 108420,21.964184,74.996714,6.32,K5
Del Ind,21.965293,-54.992575,4.4,F0IV
HIP 108453,21.970363,-5.424922,6.33,F5IV
Kap1Ind,21.975021,-59.01214,6.13,F3V
HIP 108494,21.978831,-21.182945,6.06,M2III
HIP 108505,21.981532,62.697986,5.96,M3III
HIP 108506,21.98194,-4.373109,6.24,K2V
HIP 108513,21.983247,19.020302,6.5,K0
16    Cep,21.987518,73.179896,5.04,F5V
HIP 108543,21.988307,-38.395096,5.5,K1II/III
18    Peg,22.002202,6.717437,6.0,B3III
HIP 108626,22.006732,-55.883486,6.02,B9IV/V
HIP 108632,22.007417,33.005928,6.46,F5III
12Eta PsA,22.013951,-28.453736,5.43,B8/B9V+...
28    Aqr,22.01806,0.604715,5.6,K4III:
20    Peg,22.018152,13.119823,5.61,F4III
19    Peg,22.019232,8.257164,5.65,K5III
HIP 108758,22.030718,52.882253,5.79,B5III
HIP 108759,22.031289,-77.662544,6.39,A5IV/V
HIP 108766,22.033715,10.973806,6.36,B5IIIn
14    Cep,22.034604,58.000366,5.55,O9V
HIP 108784,22.036625,-17.903474,6.28,K0III
29    Aqr,22.040625,-16.964836,6.39,A0/1V + K1/2
HIP 108845,22.049074,44.649863,5.57,A0IV
HIP 108849,22.051044,-76.118427,5.94,F3III
30    Aqr,22.054572,-6.522406,5.55,K0III
Eps Ind,22.055486,-56.785977,4.69,K5V
31Omi Aqr,22.055234,-2.155363,4.74,B7IVe
21    Peg,22.055287,11.386552,5.83,B9.5V
Kurhah,22.063135,64.627971,4.26,Am
18    Cep,22.064709,63.11992,5.26,M5III
13    PsA,22.073288,-29.91653,6.45,K5III
HIP 108969,22.076255,32.941744,6.36,G5Ia
HIP 108975,22.076879,-26.822359,5.97,B3V (+B)
32    Aqr,22.079839,-0.906343,5.29,A5m
20    Cep,22.083469,62.785671,5.27,K4III
HIP 109009,22.084295,14.815918,6.38,M2.5III:
19    Cep,22.085775,62.279814,5.07,O9.5Ib
HIP 109023,22.086481,26.673689,5.75,K2III
HIP 109033,22.087919,46.744836,6.16,M4III
23    Peg,22.092964,28.963981,5.69,B9Vn
22Nu  Peg,22.094653,5.05853,4.86,K4III
Sadalmelik,22.096399,-0.319851,2.95,G2Ib
HIP 109079,22.097346,45.112504,6.5,A0V
Kap2Ind,22.097496,-59.636072,5.62,K4III
HIP 109082,22.097561,48.231494,6.26,B2V SB
HIP 109102,22.100543,45.014348,5.09,K5III
Lam Gru,22.101914,-39.543353,4.47,M0III
HIP 109121,22.103405,45.24869,6.19,A3V
HIP 109124,22.103766,56.343396,6.38,A0III
33Iot Aqr,22.107286,-13.869679,4.29,B8V
24Iot Peg,22.116847,25.345112,3.77,F5V
HIP 109190,22.119345,58.840718,6.34,G6III
HIP 109205,22.123774,53.307438,6.17,A3Ib
HIP 109209,22.124608,19.475526,5.74,F2V:
HIP 109212,22.12499,18.000709,6.31,M1
25    Peg,22.130641,21.702926,5.79,B7Vn
Alnair,22.137209,-46.960975,1.73,B7IV
HIP 109272,22.137857,49.79699,6.41,K5III
HIP 109276,22.138122,25.543522,6.08,F1IV
14Mu  PsA,22.139722,-32.988468,4.5,A2V
Ups PsA,22.140537,-34.043841,4.99,K4III
HIP 109303,22.144675,45.742254,6.11,K2III comp
HIP 109306,22.145178,-33.125691,6.37,A2III/IV
35    Aqr,22.14972,-18.519592,5.8,B2III
27Pi 1Peg,22.153789,33.172337,5.58,G6III:
HIP 109375,22.158044,-23.659109,6.36,G8III
24    Cep,22.163441,72.341207,4.79,G8III
HIP 109404,22.165473,-34.014967,5.37,A5IV
HIP 109408,22.166072,-48.107661,6.43,K3III
29Pi 2Peg,22.166457,33.178224,4.28,F5III
HIP 109412,22.166708,-28.292435,6.44,A5V
15Tau PsA,22.169093,-32.548407,4.94,F6V
Biham,22.169996,6.197865,3.52,A2V
HIP 109434,22.17092,72.111265,6.36,B9MNp...
HIP 109439,22.171949,19.616339,6.18,G0V
HIP 109442,22.17253,-3.894086,6.28,A1Vnn
HIP 109445,22.172788,14.629858,6.36,K0III
28    Peg,22.175051,20.977984,6.45,A3III
HIP 109466,22.176041,-4.266855,5.98,K0III-IV
HIP 109471,22.177065,11.624539,5.78,M1III
38    Aqr,22.177078,-11.564939,5.43,B5III
HIP 109474,22.177462,70.132573,5.52,F2V
21Zet Cep,22.180908,58.201261,3.39,K1Ibv SB
HIP 109493,22.181029,30.553001,6.3,A8IV
HIP 109509,22.183993,-21.23279,6.1,F6/F7V
HIP 109521,22.186069,50.823393,5.38,A5V
22Lam Cep,22.191828,59.414488,5.05,O6e
HIP 109572,22.196848,56.839357,5.24,F8V
HIP 109577,22.197592,16.040551,5.93,K1III
HIP 109584,22.198637,-76.116023,6.13,K0III
HIP 109585,22.199116,59.084579,6.29,K0III
HIP 109592,22.20056,60.759095,5.37,K1III
HIP 109602,22.202248,24.950641,5.97,K0
HIP 109620,22.206235,63.291035,5.76,M3III
39    Aqr,22.207155,-14.193957,6.04,F0V
HIP 109647,22.212186,-4.720679,6.39,F7V
HIP 109654,22.213284,34.604592,5.34,K2III
HIP 109659,22.214649,73.307193,6.11,A3V+...
HIP 109667,22.215968,-26.327793,6.19,A3V
HIP 109691,22.219449,18.279812,6.5,K2
HIP 109693,22.219501,86.107955,5.27,B9.5Vn
HIP 109730,22.227415,28.608017,5.87,K2III
HIP 109737,22.229008,-25.180905,5.58,F7II
HIP 109745,22.230339,45.440613,5.53,A0III
HIP 109746,22.230475,63.162337,6.13,B8Vn
HIP 109754,22.231312,39.714927,4.5,K3III
41    Aqr,22.238342,-21.074566,5.33,K1III
HIP 109788,22.238445,17.189344,6.5,K4III
16Lam PsA,22.238542,-27.766908,5.45,B7V
HIP 109821,22.244039,-41.381666,6.23,G5V
HIP 109831,22.245656,42.95391,5.72,A2Vnn
23Eps Cep,22.250544,57.043587,4.18,F0IV
HIP 109902,22.259732,-44.451499,6.1,G8/K0III
Mu 1Gru,22.260253,-41.3467,4.79,G8III+...
1    Lac,22.26616,37.748737,4.14,K3III
HIP 109939,22.266619,8.549574,6.21,A1Vn
HIP 109972,22.274039,57.220238,5.88,G8III
Mu 2Gru,22.274045,-41.627225,5.11,G8III
HIP 109977,22.274902,27.80403,6.38,G9III
HIP 109984,22.276015,-1.596389,6.16,A5Vn
HIP 109990,22.277073,-25.898162,6.14,K1II/III
42    Aqr,22.280012,-12.831436,5.34,K1III
Ancha,22.280565,-7.78329,4.17,G8III-IV
HIP 110009,22.281268,-9.040067,5.8,K3III:
HIP 110018,22.283287,-23.140247,6.17,K0III
44    Aqr,22.285139,-5.387164,5.75,G6III
HIP 110055,22.2912,49.126957,6.46,K0
Psi Oct,22.297409,-77.511553,5.49,F3III
HIP 110091,22.301187,-0.237656,6.39,F3V
25    Cep,22.303505,62.804388,5.75,K3III
HIP 110109,22.304289,-53.627073,5.36,G1V
Alp Tuc,22.308371,-60.259587,2.87,K3III
HIP 110171,22.315611,37.769286,6.19,A9IIIp
45    Aqr,22.316872,-13.304995,5.96,K0III
Eps Oct,22.333754,-80.439747,5.09,M6III
46Rho Aqr,22.336643,-7.821102,5.35,B8IIIMNp...
30    Peg,22.340994,5.789498,5.37,B5IV
HIP 110311,22.343406,-57.509783,6.41,K3/K4III
HIP 110314,22.344103,58.409904,6.46,G8III
HIP 110316,22.344311,50.980814,6.4,K2
HIP 110341,22.348833,8.186742,6.18,F6V
HIP 110346,22.350016,26.935162,6.46,M4III
2    Lac,22.350428,46.536569,4.55,B6V
32    Peg,22.355372,28.330529,4.78,B9III
31    Peg,22.358632,12.205186,4.82,B2IV-V
47    Aqr,22.35988,-21.59823,5.12,K0III
Sadachbia,22.360938,-1.387331,3.86,A0V
HIP 110408,22.36413,42.078156,6.38,B5V
Pi 1Gru,22.378944,-45.947944,6.42,S57:
HIP 110487,22.380634,36.659047,6.45,K0
HIP 110497,22.383383,57.284612,6.18,B8III-IV
HIP 110498,22.383475,62.419357,6.04,A1V
HIP 110504,22.385283,55.96323,6.44,G8Iavar
Pi 2Gru,22.385535,-45.928488,5.62,F3III-IV
49    Aqr,22.391901,-24.762661,5.53,K0IIICN...
HIP 110532,22.392264,-7.194421,5.92,G6V
3Bet Lac,22.392675,52.229046,4.42,G9III
33    Peg,22.39432,20.84823,6.2,F7V
HIP 110566,22.398392,38.573612,6.18,F5IV:
51    Aqr,22.401912,-4.83702,5.79,A0V
50    Aqr,22.407517,-13.529369,5.76,K0III
4    Lac,22.408609,49.476392,4.55,B9Iab
Nu  Ind,22.409764,-72.255412,5.28,A3V: + F9V
HIP 110649,22.415638,-57.797415,5.31,F9V
HIP 110668,22.419573,-70.431622,5.78,F3III
52Pi  Aqr,22.421284,1.377401,4.8,B1Ve
HIP 110696,22.427972,18.444316,6.26,K0
HIP 110712,22.43085,-75.015689,6.12,G3IV
HIP 110725,22.433554,70.770898,5.47,K2III
HIP 110746,22.436306,-23.682447,6.29,A0V
53    Aqr,22.442853,-16.742138,5.55,G3V
34    Peg,22.443718,4.393766,5.76,F7V
28Rho1Cep,22.445122,78.785853,5.83,A2m
HIP 110790,22.445988,37.443706,6.46,B2V
26    Cep,22.451475,65.13227,5.52,B0.5Ib
Del Tuc,22.455531,-64.966354,4.51,B8V
HIP 110849,22.457361,39.810026,6.16,B2V
HIP 110873,22.462847,31.840045,6.0,K2
35    Peg,22.464312,4.695664,4.78,K0III
HIP 110907,22.469758,27.018806,6.48,G8III
HIP 110919,22.472078,64.085155,6.3,K0
HIP 110935,22.477091,-67.489059,5.56,A3V
Nu  Gru,22.477557,-39.131792,5.47,G8III
55Zet1Aqr,22.480531,-0.019972,3.65,F3III-IV
36    Peg,22.485551,9.129034,5.6,K5III
HIP 110988,22.4859,58.4041,6.31,A0
HIP 110992,22.486174,26.763198,5.79,K2II
27Del Cep,22.486183,58.415198,4.07,G2Ibvar
Del1Gru,22.487825,-43.495565,3.97,G6/G8III
5    Lac,22.492173,47.706887,4.34,M0II
Del2Gru,22.495955,-43.749224,4.12,M4.5IIIa
HIP 111045,22.496114,-27.107284,5.95,F0V
29Rho2Cep,22.498047,78.824285,5.45,A3V
37    Peg,22.499427,4.43169,5.51,F5IVs
HIP 111066,22.500411,-12.915116,6.41,F2/F3IV/V
38    Peg,22.500503,32.572638,5.64,B9.5V
HIP 111072,22.501809,49.356412,6.41,K2III SB
56    Aqr,22.504819,-14.585734,6.36,B8II
6    Lac,22.508128,43.123376,4.52,B2IV
57Sig Aqr,22.510782,-10.67795,4.82,A0IVs
Zet PsA,22.514936,-26.073752,6.43,K1III
7Alp Lac,22.521515,50.282491,3.76,A1V
HIP 111170,22.521753,-6.555151,6.15,F7V
HIP 111171,22.521783,-2.911276,6.15,K0
17Bet PsA,22.52509,-32.346073,4.29,A1V
HIP 111191,22.526209,29.542758,6.33,A5m
Ups Oct,22.527168,-85.967253,5.76,K0III
58    Aqr,22.528144,-10.905561,6.39,A8III
HIP 111242,22.537851,76.226441,5.7,A2V
HIP 111247,22.538529,54.037032,6.41,G8III
HIP 111259,22.54066,39.779733,5.88,A6V
39    Peg,22.543187,20.230019,6.43,F1V
HIP 111296,22.546363,15.863263,6.35,K0
Nu  Tuc,22.55001,-61.982122,4.91,M4III
HIP 111314,22.55077,69.913545,6.01,A9III
HIP 111325,22.554662,70.373714,6.26,A0V
HIP 111362,22.561281,56.624737,5.72,G8III-IV
60    Aqr,22.567476,-1.57427,5.88,G6III
59Ups Aqr,22.57823,-20.708216,5.21,F7V
62Eta Aqr,22.589272,-0.117498,4.04,B9IV-Vn
HIP 111504,22.590665,-78.771585,6.15,K1III
HIP 111515,22.593437,-23.991094,5.97,K1III
31    Cep,22.596077,73.643188,5.08,F3III-IV
HIP 111539,22.59689,-17.460424,6.39,K4III
HIP 111543,22.597774,56.070574,6.37,A3V
HIP 111546,22.597857,39.634331,5.73,B1Ve
HIP 111548,22.598024,-57.883752,6.22,F0Vn
HIP 111550,22.598161,50.070788,6.29,B3V
HIP 111567,22.602195,35.577504,6.11,K0
Sig1Gru,22.608139,-40.582689,6.28,A3Vn
HIP 111600,22.609846,-31.663789,5.82,K2III
HIP 111601,22.610092,11.696636,6.42,A1III
HIP 111627,22.613523,35.652419,6.28,K5
Sig2Gru,22.616346,-40.591034,5.85,A1V
HIP 111649,22.618013,12.576816,6.3,K5
HIP 111660,22.620247,75.371811,5.8,M1III
9    Lac,22.622899,51.545123,4.64,A8IV
Situla,22.629273,-4.228056,5.04,K2III
HIP 111753,22.638167,45.182935,6.38,G2III+...
HIP 111761,22.639484,-7.897563,6.23,G1IV-V
HIP 111795,22.64386,56.795632,5.11,M4III
30    Cep,22.644182,63.584472,5.19,A3IV
HIP 111801,22.645743,-28.748214,6.46,K1III
HIP 111809,22.647629,-33.081347,5.66,A0V
40    Peg,22.647942,19.522263,5.84,G8II
10    Lac,22.654355,39.050269,4.89,O9V
HIP 111869,22.659536,37.592817,6.03,G3Ib-IICNe.
HIP 111879,22.662271,-28.325661,6.3,K0/K1III
41    Peg,22.663059,19.681125,6.33,A2V
HIP 111925,22.671779,53.845927,5.94,B8V
HIP 111934,22.672866,-30.658871,5.88,K2/K3III
11    Lac,22.675233,44.276305,4.5,K3III
18Eps PsA,22.677594,-27.043617,4.18,B8V
HIP 111965,22.679987,-3.554239,6.32,F6V
HIP 111967,22.680247,-57.422322,5.98,K4III
HIP 111974,22.681299,14.549161,5.72,G3V+...
Homam,22.691033,10.831364,3.41,B8.5V
12    Lac,22.691292,40.225449,5.25,B2IIIv SB
HIP 112032,22.692029,30.965861,6.36,K5
HIP 112041,22.69334,41.549123,5.93,G9III
43Omi Peg,22.695947,29.307641,4.8,A1IV
HIP 112067,22.699293,14.516393,5.92,K0III:
HIP 112078,22.701674,-5.101968,6.28,M0
HIP 112098,22.705781,53.908748,6.14,K2
19    PsA,22.706135,-29.361046,6.12,M3III
HIP 112117,22.710245,-47.210813,5.99,G0
Tiaki,22.711115,-46.884577,2.07,M5III
HIP 112127,22.711965,-44.248036,6.06,K1IV
HIP 112144,22.715402,37.802735,6.43,B1V
Matar,22.716704,30.221245,2.93,G2II-III..
HIP 112168,22.717615,-8.311441,6.45,A5V
HIP 112170,22.717866,47.168755,6.39,A1V+...
67    Aqr,22.720629,-6.962937,6.4,A0Vn
Rho Gru,22.724993,-41.414347,4.84,K0III
66    Aqr,22.726454,-18.830375,4.68,K3III
HIP 112241,22.734782,39.465348,5.93,K5III+...
13    Lac,22.734856,41.819235,5.11,K0III
HIP 112259,22.73791,-60.499618,6.29,F3V
HIP 112300,22.746978,52.517208,6.43,K2
HIP 112305,22.748049,39.201027,6.47,K5
HIP 112324,22.751018,58.14705,6.45,F5
45    Peg,22.757827,19.366561,6.27,G6III:
HIP 112368,22.759581,30.442557,6.37,K1III-IV
Eta Gru,22.760519,-53.500121,4.84,K2IIICNIV
HIP 112381,22.761331,-46.547328,5.52,K3III
Bet Oct,22.767692,-81.381615,4.13,A9IV/V
HIP 112417,22.769497,44.546054,5.84,F0III-IV
HIP 112432,22.774518,-49.68579,6.49,K0III-IV
47Lam Peg,22.775521,23.565654,3.97,G8II-III
46Xi  Peg,22.778216,12.172888,4.2,F7V
HIP 112501,22.788658,-34.161722,6.28,K1III
HIP 112508,22.789787,58.483031,6.33,B9.5IV
HIP 112519,22.791378,83.15383,4.77,K3III
68    Aqr,22.792535,-19.613375,5.24,G8III
HIP 112533,22.793247,-65.560252,6.49,K1III
69Tau1Aqr,22.795213,-14.056428,5.68,B9V
HIP 112567,22.798943,-25.912028,6.31,G8III
HIP 112590,22.803067,37.416688,5.82,G8III:
HIP 112603,22.805927,-61.684364,6.36,K0III
70    Aqr,22.808391,-10.555478,6.19,A9III-IV
Eps Gru,22.809239,-51.316864,3.49,A3V
HIP 112635,22.812291,62.93841,6.07,K0
HIP 112641,22.813303,54.414892,6.14,B5Vn
HIP 112670,22.816875,68.570228,6.19,F5
HIP 112694,22.821516,-70.347982,6.35,A2V
71Tau2Aqr,22.826528,-13.592632,4.05,K5III
32Iot Cep,22.82802,66.200408,3.5,K0III
HIP 112731,22.829521,55.902777,5.43,K1III
HIP 112746,22.833118,-32.805457,6.34,F0V
Sadalbari,22.833385,24.601579,3.51,M2III
HIP 112761,22.836137,50.676917,6.23,G4Ib
14    Lac,22.839381,41.953394,5.91,B3IV:var
Xi  Oct,22.839655,-80.123845,5.32,B6IV
HIP 112832,22.850599,-39.156834,5.43,K3III
HIP 112833,22.850818,85.373739,5.89,K5
21    PsA,22.855817,-29.536309,5.99,G8/K0III
HIP 112864,22.856268,61.69674,5.61,G2IV+...
HIP 112895,22.862493,-59.881358,6.47,K1IIICN...
15    Lac,22.867225,43.312417,4.95,M0III
HIP 112924,22.869443,-63.188667,6.14,K0III
49Sig Peg,22.873353,9.835664,5.16,F7IV
22Gam PsA,22.875427,-32.875504,4.46,A0III
73Lam Aqr,22.87691,-7.579599,3.73,M2IIIvar
HIP 112986,22.881179,50.412285,6.46,B8V
HIP 112997,22.883963,16.841194,5.86,K1III SB
HIP 112998,22.884383,60.101029,6.01,K2V:
HIP 113009,22.886493,40.167361,6.33,B7III-IV
74    Aqr,22.891307,-11.616514,5.8,B8IV/V
Tau1Gru,22.893852,-48.598286,6.03,G3IV
HIP 113048,22.894488,44.749163,5.79,A3m
HIP 113080,22.901568,-19.175149,6.37,K5III
HIP 113084,22.901935,40.376907,5.82,K0III
HIP 113116,22.906789,84.346177,4.7,K4III
78    Aqr,22.909478,-7.204626,6.2,K3III
HIP 113131,22.909896,16.941834,6.39,S51
Skat,22.910837,-15.82082,3.27,A3V
Rho Ind,22.910981,-70.073709,6.04,G4IV-V
77    Aqr,22.912632,-16.271957,5.53,K1III
1    Psc,22.916524,1.064904,6.11,A7III
HIP 113174,22.917399,37.076827,5.91,F5II
HIP 113184,22.919711,-4.987899,5.72,K0III-IV
50Rho Peg,22.920464,8.816166,4.91,A1V
HIP 113189,22.920805,-36.388579,6.4,K2III
HIP 113204,22.925165,-20.139404,6.36,K4/K5III
HIP 113222,22.929029,36.35139,5.73,B7III
HIP 113234,22.930982,-31.633231,6.09,K3III
23Del PsA,22.932472,-32.539628,4.2,G8III
16    Lac,22.939897,41.603876,5.6,B2IV
HIP 113283,22.940005,-31.565567,6.48,K4Vp
HIP 113288,22.940555,49.733544,4.99,K5Ibvar
Tau3Gru,22.946613,-47.969221,5.72,Am...
HIP 113327,22.95125,48.684068,5.34,B4IIIpe
HIP 113345,22.954777,-4.810095,6.31,G9III
Helvetios,22.95777,20.768832,5.45,G5V
HIP 113360,22.959112,3.810241,6.28,K1III
Fomalhaut,22.960838,-29.622236,1.17,A3V
HIP 113371,22.961316,39.308777,6.17,B2IV-V
HIP 113421,22.970984,-2.395385,6.17,G8IV
HIP 113433,22.973239,-1.410209,6.38,F0V
HIP 113445,22.976411,9.356859,6.43,G2V+...
HIP 113447,22.976391,-35.523231,6.15,F7V
HIP 113465,22.978507,7.340074,6.35,A1V
HIP 113498,22.985834,59.814655,6.46,B9III
HIP 113501,22.986209,52.65453,6.31,K2
52    Peg,22.986615,11.728844,5.76,A7V
2    Psc,22.99096,0.962927,5.43,K1III:
HIP 113531,22.993243,-13.070895,6.12,K3/K4III
HIP 113532,22.993266,-29.462311,5.51,F0V
HIP 113561,23.001417,56.945374,5.1,G0Ia
HIP 113562,23.001607,-25.16418,5.66,K0IICNIII
HIP 113593,23.006843,-25.626846,6.3,K1III
3    Psc,23.01053,0.185866,6.22,G4III
HIP 113622,23.011917,3.011805,5.85,K4III
Zet Gru,23.014677,-52.754137,4.11,G8III
HIP 113657,23.018763,-50.950028,5.68,K3III
HIP 113669,23.02205,-28.85396,5.55,K3III
HIP 113673,23.023068,-22.790891,6.27,A2V
81    Aqr,23.023234,-7.061153,6.23,K5III
HIP 113684,23.025199,57.105458,6.24,K2II
HIP 113686,23.025475,-4.711461,5.94,K0
HIP 113705,23.028772,3.53091,6.44,G5
1Omi And,23.032017,42.325979,3.62,B6pv SB
HIP 113750,23.036478,44.572858,6.43,K0
82    Aqr,23.042377,-6.574008,6.18,M2III
HIP 113784,23.042804,-36.42088,6.46,K1III
2    And,23.043436,42.757795,5.09,A3Vn
HIP 113801,23.045626,-20.870712,5.97,K0III
HIP 113802,23.045875,44.05875,6.37,B2V
HIP 113852,23.055933,58.563854,6.43,G8IV
Pi  PsA,23.05828,-34.749412,5.12,A9V
HIP 113864,23.059128,67.20921,5.25,K3III
Scheat,23.062901,28.082789,2.44,M2II-IIIvar
Fumalsamakah,23.064615,3.820045,4.48,B6Ve
HIP 113902,23.066566,-41.478896,5.79,K0III
HIP 113904,23.066883,6.616338,6.42,F2V
3    And,23.069702,50.052091,4.64,K0III
Kap Gru,23.077668,-53.964905,5.37,K5III
Markab,23.079348,15.205264,2.49,B9.5III
HIP 113969,23.08116,-68.820226,5.53,F4III
HIP 113994,23.08508,16.562837,6.43,G8IV
83    Aqr,23.086052,-7.693801,5.44,F2V
HIP 113998,23.086904,-17.07925,6.15,K4III
HIP 114005,23.088231,1.307127,6.39,G9III
HIP 114081,23.105037,18.517765,6.16,F6Vs
HIP 114096,23.108854,19.910853,6.44,F7V
1    Cas,23.110226,59.41976,4.84,B0.5IV
86    Aqr,23.111345,-23.743115,4.48,G8III
The Gru,23.11465,-43.520358,4.28,F5me...
Ups Gru,23.114894,-38.892293,5.62,A0V
55    Peg,23.116739,9.409492,4.54,M2III
HIP 114152,23.118062,35.636491,6.38,K0
56    Peg,23.118539,25.468259,4.76,K0IIp
HIP 114159,23.119288,-49.606135,6.33,K4III
HIP 114162,23.119459,52.816601,6.12,K0III
HIP 114163,23.119569,59.727394,6.41,B2.5IV
HIP 114167,23.120774,-50.686681,5.81,F6.5IV-V+..
HIP 114187,23.124368,32.825345,6.13,A3
HIP 114189,23.124642,21.134251,5.97,A5V
4    And,23.127575,46.387231,5.3,K5III
5    And,23.12926,49.295776,5.68,F5V
HIP 114212,23.129928,63.633466,6.25,B3V
33Pi  Cep,23.131623,75.387496,4.41,G2III
HIP 114227,23.132556,64.222532,6.21,K0
HIP 114254,23.139186,-28.823697,5.6,G8III
HIP 114258,23.139888,-79.480689,6.11,A7Vn
HIP 114268,23.143212,-73.586116,6.18,K3III
5    Psc,23.1447,2.127883,5.42,G8IV
88    Aqr,23.157443,-21.17241,3.68,K1III
57    Peg,23.158738,8.677161,5.05,M4Sv
2    Cas,23.162261,59.332692,5.68,A5III
HIP 114366,23.162397,-28.088572,5.88,K2III
HIP 114367,23.162426,-67.876284,6.47,F3IV
HIP 114371,23.163764,-14.510552,6.43,A0V
89    Aqr,23.165249,-22.457611,4.71,A3IV:
HIP 114382,23.165955,-42.861292,5.83,F4IV
58    Peg,23.167072,9.822082,5.39,B9III
HIP 114407,23.16937,-40.591547,5.9,M4III
HIP 114408,23.170034,-66.857644,6.47,K0IV
Iot Gru,23.17264,-45.246711,3.88,K0III SB
6    And,23.174235,43.544232,5.91,F5IV
HIP 114449,23.17851,17.594372,5.68,K4III
59    Peg,23.195608,8.720116,5.15,A5Vn
60    Peg,23.197001,26.847308,6.19,G8III-IV
HIP 114550,23.203457,-80.9127,6.43,K4III
7    And,23.20916,49.406207,4.53,F0V
HIP 114607,23.217775,29.441525,6.34,G8III
HIP 114622,23.221098,57.168355,5.57,K3Vvar
HIP 114641,23.224029,11.065001,5.85,G5III:
HIP 114686,23.233155,19.633898,6.47,K2
HIP 114699,23.235072,-62.700004,6.12,G5IV
HIP 114714,23.237325,50.617891,6.32,A0V
90Phi Aqr,23.238711,-6.049003,4.22,M2III
HIP 114725,23.239366,29.771831,6.41,F6IVw
HIP 114742,23.243468,24.102898,6.36,K2III
HIP 114745,23.243622,74.231268,5.89,A0V
HIP 114750,23.244492,-10.688715,6.13,K5III
HIP 114775,23.249611,-41.105397,5.77,K2III
HIP 114822,23.259516,-3.49638,5.56,A3V
HIP 114831,23.260477,70.88808,5.55,F0IV
91Psi1Aqr,23.264859,-9.087737,4.24,K0III
HIP 114921,23.277719,-44.489166,5.92,K1III
HIP 114924,23.278405,53.213476,5.58,F7V
HIP 114937,23.28051,-41.194395,6.49,K0III
92Chi Aqr,23.280817,-7.726504,4.93,M3III
HIP 114948,23.282659,-62.001198,5.64,F7V
HIP 114969,23.285765,-28.438273,6.24,M1/M2III
6Gam Psc,23.286094,3.282289,3.7,G7III
HIP 114981,23.287958,45.164167,6.44,K0IV
HIP 114984,23.288574,75.299025,6.35,A2Vs
Gam Tuc,23.290498,-58.235734,3.99,F1III
HIP 115015,23.294467,-11.712942,6.33,A1/A2IV/V
8    And,23.295732,49.0153,4.82,M2III
93Psi2Aqr,23.298393,-9.182513,4.41,B5Vn
HIP 115036,23.29889,45.488924,6.48,B9p...
Phi Gru,23.302739,-40.824361,5.54,F5V
HIP 115062,23.305557,-67.471177,6.15,K2/K3III
9    And,23.306479,41.773676,5.98,A7m
34Omi Cep,23.3104,68.111445,4.75,K0III
Gam Scl,23.313733,-32.532027,4.41,K1III
95Psi3Aqr,23.316021,-9.61075,4.99,A0V
HIP 115121,23.317582,-28.387846,6.49,K5III
94    Aqr,23.318518,-13.458552,5.2,G6/G8IV
HIP 115129,23.319045,-79.472409,6.34,K0III
96    Aqr,23.323327,-5.124352,5.56,F3IV
HIP 115144,23.323363,-18.075376,5.96,K2/K3III
HIP 115148,23.324281,34.793183,6.32,B8III
11    And,23.324945,48.625322,5.44,K0III
HIP 115171,23.328193,48.380935,6.29,K1III
HIP 115178,23.328651,-33.708052,6.35,K2III
10    And,23.331225,42.078044,5.81,M0III
HIP 115218,23.337326,61.970129,6.39,K1V
7    Psc,23.339051,5.381307,5.05,K2III
HIP 115245,23.342927,62.213264,6.41,K2III
Salm,23.343956,23.740337,4.58,A5V
HIP 115257,23.344691,-5.907975,6.17,K0III
HIP 115261,23.345583,44.116167,6.25,A5Vn
63    Peg,23.347097,30.414921,5.58,M0III
HIP 115272,23.347267,-50.306559,6.04,Fm...
12    And,23.348123,38.182326,5.77,F5V
HIP 115312,23.354305,-26.986769,5.65,G5IV
64    Peg,23.365259,31.812465,5.35,B6III
HIP 115389,23.374605,25.918483,6.38,K3III
HIP 115395,23.375702,60.133485,5.56,K3II
97    Aqr,23.377547,-15.039338,5.19,A3V
65    Peg,23.37792,20.828716,6.28,B9.5V
HIP 115433,23.382424,-60.055843,6.08,M3III
98    Aqr,23.382842,-20.10058,3.96,K0III
66    Peg,23.384602,12.31391,5.09,K3III
HIP 115476,23.392207,0.291325,6.33,K2
HIP 115496,23.39595,-43.124429,6.12,K3III
HIP 115510,23.39847,-53.80874,6.13,A4III
HIP 115522,23.401106,-21.774411,6.46,F3IV/V
HIP 115528,23.402182,-18.688006,6.18,K0III
HIP 115530,23.402464,41.612874,6.37,M0
HIP 115537,23.403681,-51.891174,5.75,M0III
4    Cas,23.413959,62.282806,4.96,M1III
67    Peg,23.41412,32.384882,5.56,B9III
HIP 115620,23.422062,-56.848985,5.6,K0III
Alkarab,23.422993,23.404101,4.42,F8IV
99    Aqr,23.434108,-20.642014,4.38,K4III
HIP 115709,23.443187,-21.740836,6.43,K0III
Omi Gru,23.44349,-52.721603,5.53,F4V
8Kap Psc,23.448876,1.255608,4.95,A0p
HIP 115746,23.44999,87.307504,5.56,A7IV
13    And,23.45205,42.91201,5.75,B9III
HIP 115756,23.45207,-66.580886,6.47,K4III
HIP 115759,23.452527,-50.157244,6.22,B9V
9    Psc,23.454109,1.122609,6.26,G7III
HIP 115769,23.454157,-58.47611,5.63,G8III
HIP 115770,23.45458,70.359782,5.6,A6IV
69    Peg,23.461218,25.167281,5.99,A0MNp...
10The Psc,23.466138,6.378992,4.27,K1III
HIP 115833,23.466858,-35.544485,6.34,K2III
Tau Oct,23.46766,-87.482214,5.5,K2III
HIP 115839,23.468109,-11.449752,6.37,G6/G8III
HIP 115906,23.483518,-9.266104,6.2,K0
HIP 115907,23.48356,-44.498068,6.43,K2III
HIP 115908,23.483598,-63.110656,5.66,Ap Si
HIP 115915,23.484911,23.048083,6.45,G9III
70    Peg,23.485915,12.760554,4.54,G8III
HIP 115945,23.49083,-1.791213,6.35,K0
HIP 115953,23.492245,-4.532747,6.26,K3IIIvar
HIP 115990,23.500536,58.54892,4.89,B3IV
HIP 115996,23.502057,49.133145,6.19,K5III
HIP 116030,23.510988,38.662253,6.07,G9III
HIP 116060,23.516984,-6.288082,6.39,K0
Veritate,23.52149,39.236198,5.22,K0III
HIP 116097,23.524152,-44.843579,6.02,K0III
HIP 116106,23.525417,-4.087406,6.5,F8V
100    Aqr,23.528345,-21.369457,6.24,F0V
HIP 116119,23.52862,28.403489,6.41,A1p Sr(CrEu)
13    Psc,23.532657,-1.085885,6.39,K1III
HIP 116187,23.541397,23.843609,6.41,K5
Bet Scl,23.549512,-37.818268,4.38,B9.5IVMNpe.
101    Aqr,23.554618,-20.914504,4.7,A0V
HIP 116250,23.555432,-77.385327,5.82,G2V
71    Peg,23.557804,22.498775,5.33,M5IIIa
HIP 116292,23.561942,45.0581,6.25,G8II
HIP 116307,23.565414,20.840934,6.1,M3III
72    Peg,23.565884,31.325277,4.97,K4III
14    Psc,23.569171,-1.247567,5.91,A2m
15    And,23.577095,40.236441,5.55,A1III
73    Peg,23.577279,33.497328,5.63,K0III:
HIP 116365,23.57965,38.024,6.18,K5
HIP 116368,23.580378,-15.246005,5.95,K4III
HIP 116380,23.583065,71.642043,5.86,K0Ib
Iot Phe,23.584599,-42.615075,4.69,A2V
HIP 116422,23.591272,1.313142,6.47,K0
HIP 116428,23.592242,-7.464431,6.4,G5III:
HIP 116465,23.598873,24.561012,6.44,M1III
16    Psc,23.606468,2.102222,5.68,F6Vbwvar
HIP 116505,23.608476,32.904215,6.35,F6V
HIP 116582,23.625567,44.428994,5.81,B8V
16Lam And,23.626056,46.458152,3.81,G8III-IV
HIP 116591,23.627655,-13.060243,5.66,K0III
74    Peg,23.627705,16.825495,6.26,A1V
HIP 116602,23.630827,-45.492351,4.74,A2V
75    Peg,23.632445,18.400667,5.49,A1Vn
HIP 116624,23.634175,-15.095108,6.38,K0III
17Iot And,23.63561,43.268073,4.29,B8V
HIP 116653,23.639926,-76.869552,5.99,K0II/III
18    And,23.652316,50.471733,5.35,B9V
HIP 116714,23.652823,75.292882,5.95,A3V
Errai,23.65582,77.632276,3.21,K1IV
HIP 116728,23.655878,74.002628,5.98,G8III
The Phe,23.657761,-46.637799,6.07,A+...
102Ome1Aqr,23.663074,-14.222178,4.97,A7IV
HIP 116768,23.665289,9.677294,5.99,A2m
17Iot Psc,23.665844,5.626292,4.13,F7V
HIP 116781,23.66745,37.652644,6.49,F2IV
19Kap And,23.673469,44.333932,4.15,B9IVn
Mu  Scl,23.677266,-32.073125,5.3,K0III
HIP 116824,23.677945,36.720768,6.24,F1V
HIP 116853,23.685809,-11.680655,5.89,K0III
HIP 116876,23.690775,49.512413,6.26,A4V
103    Aqr,23.692914,-18.027077,5.36,K4/K5III
104    Aqr,23.696057,-17.816533,4.82,G2Ib/II
HIP 116912,23.698489,57.259954,6.24,G8III
HIP 116918,23.699081,7.250546,5.89,A3Vn
18Lam Psc,23.700779,1.780041,4.49,A7V
HIP 116941,23.704075,44.991715,6.43,K5III
HIP 116957,23.707729,-15.448033,5.27,K3III
HIP 116962,23.70873,61.679363,6.4,K2III
105Ome2Aqr,23.712039,-14.544905,4.49,B9V
HIP 116972,23.712183,16.335719,6.3,K0
HIP 116991,23.718068,51.939335,6.44,K0
77    Peg,23.722878,10.331536,5.09,M2III
78    Peg,23.733189,29.361454,4.93,K0III
HIP 117075,23.733678,-45.083123,6.08,G8IV
HIP 117088,23.736676,-64.404451,5.73,K3II
106    Aqr,23.736688,-18.276938,5.24,B9V
HIP 117105,23.740318,-70.490226,6.06,G8IV
HIP 117107,23.741407,-26.246631,6.23,F3/F5V
HIP 117125,23.744643,-78.791442,5.74,K1III
HIP 117133,23.746773,55.799687,6.46,G4III:
107    Aqr,23.766922,-18.67834,5.28,F2:V+...
HIP 117219,23.767011,-40.182565,6.32,A7V
20Psi And,23.767234,46.420276,4.97,G5Ib
19    Psc,23.773199,3.486811,4.95,C5II
HIP 117265,23.776869,66.782244,5.95,B2IV
HIP 117299,23.783866,57.451359,5.55,K3II
5Tau Cas,23.784284,58.651989,4.88,K1III
HIP 117314,23.787754,-11.911126,5.74,K0III
Sig Phe,23.787776,-50.226461,5.18,B3V
HIP 117340,23.792514,46.832564,6.08,B3IV
HIP 117371,23.798543,67.806808,5.05,A1Vn
20    Psc,23.79904,-2.761598,5.49,G8III
HIP 117420,23.809022,-6.380426,6.09,K4III
HIP 117430,23.810845,64.87645,6.41,A0sp...
HIP 117445,23.813713,2.214413,6.47,F5III-IV
6    Cas,23.813937,62.214516,5.43,A3Ia comp
HIP 117450,23.814983,59.97897,6.33,A0V
Del Scl,23.815427,-28.130268,4.59,A0V
HIP 117472,23.819974,58.963202,6.36,F2IV
21    Psc,23.824299,1.076131,5.77,A5m
HIP 117494,23.825447,-15.861277,6.21,K1/K2III
79    Peg,23.827608,28.842389,5.95,A2m
HIP 117503,23.828044,36.425281,5.86,G1IIIe
HIP 117510,23.830443,-25.331336,6.44,A3V
HIP 117541,23.837425,-9.974136,5.93,K0IV
HIP 117551,23.839497,51.621663,6.47,F3V
HIP 117567,23.842579,-14.40149,5.7,K4III
HIP 117571,23.843232,-47.376942,6.49,G8III
80    Peg,23.855902,9.313351,5.77,M3III
108    Aqr,23.855927,-18.909163,5.17,Ap Si
22    Psc,23.866066,2.930384,5.59,K4II
Gam1Oct,23.868518,-82.018818,5.1,G7III
HIP 117710,23.873165,21.671099,6.13,M2III
HIP 117712,23.873533,75.544588,6.36,K3V
81Phi Peg,23.874802,19.120287,5.06,M2III
HIP 117722,23.874998,-14.251217,5.85,K2III
82    Peg,23.876974,10.94732,5.3,A4Vn
HIP 117756,23.880702,-8.996756,5.76,K0III
24    Psc,23.882101,-3.155482,5.93,G9III
25    Psc,23.884655,2.090625,6.29,A1V
HIP 117797,23.889123,-24.229257,6.23,A5V
HIP 117860,23.905946,-27.042907,6.34,A2V+...
7Rho Cas,23.906398,57.499382,4.51,F8Iavar
HIP 117880,23.91071,-40.300062,6.03,F8IV
HIP 117887,23.912951,0.109309,5.78,M5IIb
26    Psc,23.918831,7.070972,6.22,B9V
HIP 117931,23.921274,-31.921467,6.09,B6/B7
HIP 117956,23.925966,47.355804,6.01,G8Ib
HIP 117957,23.926067,57.412168,6.03,B0.5IIv SB
HIP 117986,23.931855,15.230291,6.45,M3
HIP 118029,23.941652,-24.737218,6.31,G8III/IV
HIP 118048,23.944862,22.648091,6.18,M2III
HIP 118071,23.951009,42.658232,6.01,F8III
HIP 118076,23.952265,-26.623446,6.26,K3III
HIP 118077,23.952356,55.705705,5.57,G8Ib
HIP 118081,23.95281,-20.833643,6.45,G8/K0III
HIP 118092,23.955508,-62.956584,5.95,A2p
Gam2Oct,23.959159,-82.169804,5.72,K0III
HIP 118116,23.959313,60.0236,6.47,B9III-IV
Eta Tuc,23.959727,-64.298231,5.0,A1V
84Psi Peg,23.962647,25.141401,4.63,M3III
1    Cet,23.972562,-15.847484,6.28,K1IIICN...
27    Psc,23.977883,-3.555983,4.88,G9III
Pi  Phe,23.982155,-52.745807,5.13,K1III
8Sig Cas,23.983482,55.754928,4.88,B1V...
28Ome Psc,23.988525,6.863321,4.03,F4IV
HIP 118277,23.991082,-29.485168,5.59,K5III
HIP 118281,23.991472,33.723878,5.81,F8
Eps Tuc,23.998594,-65.577132,4.49,B9IV
